region,fips,state,name,ba,all.emp,pct.tech,est,pov,inc
South,01001,AL,Autauga County,24.593,10790,0.3985171455050973,0.23501762632197415,14.0,54487.0
South,01003,AL,Baldwin County,29.547,61341,0.38636474788477526,0.30563514804202485,12.0,56460.0
South,01005,AL,Barbour County,12.868,6857,0.0,0.0,30.0,32884.0
South,01007,AL,Bibb County,12.0,3387,0.0,0.0,20.0,43079.0
South,01009,AL,Blount County,13.05,6286,0.30225898822780783,0.2962962962962963,14.0,47213.0
South,01011,AL,Bullock County,10.255,2097,0.0,0.0,33.0,34278.0
South,01013,AL,Butler County,16.08,6157,0.0,0.24449877750611246,25.0,35409.0
South,01015,AL,Calhoun County,17.653,35843,0.3068939541891025,0.17196904557179707,17.0,41778.0
South,01017,AL,Chambers County,12.484,6276,0.7966857871255577,0.0,20.0,39530.0
South,01019,AL,Cherokee County,13.962,3905,0.0,0.0,17.0,41456.0
South,01021,AL,Chilton County,14.855,7609,0.0,0.13550135501355012,18.0,44188.0
South,01023,AL,Choctaw County,11.96,2835,0.0,0.0,23.0,32691.0
South,01025,AL,Clarke County,12.137,6821,0.0,0.0,29.0,34061.0
South,01027,AL,Clay County,11.063,3277,0.0,0.0,19.0,38512.0
South,01029,AL,Cleburne County,11.528,1703,0.0,0.0,17.0,43483.0
South,01031,AL,Coffee County,23.667,13388,0.09710188228264117,0.5070993914807302,14.0,48632.0
South,01033,AL,Colbert County,18.471,22474,0.3826644122096645,0.4882017900732303,17.0,46572.0
South,01035,AL,Conecuh County,8.663,2441,0.0,0.0,28.0,29758.0
South,01037,AL,Coosa County,9.941,944,0.0,0.0,18.0,36441.0
South,01039,AL,Covington County,14.921,10187,0.17669578875036812,0.3712871287128713,20.0,35010.0
South,01041,AL,Crenshaw County,14.648,3355,0.0,0.0,21.0,37374.0
South,01043,AL,Cullman County,14.969,25274,0.16222204637176546,0.1156737998843262,15.0,41543.0
South,01045,AL,Dale County,16.069,11146,4.566660685447694,0.13531799729364005,21.0,40523.0
South,01047,AL,Dallas County,13.784,10487,0.0,0.13550135501355012,35.0,30488.0
South,01049,AL,DeKalb County,11.366,17745,0.05635390250774866,0.27497708524289644,21.0,37128.0
South,01051,AL,Elmore County,22.238,14359,0.6894630545302598,0.0856898029134533,14.0,54553.0
South,01053,AL,Escambia County,11.626,10055,0.0,0.1366120218579235,23.0,35096.0
South,01055,AL,Etowah County,16.492,30834,0.06810663553220471,0.20263424518743667,18.0,40972.0
South,01057,AL,Fayette County,14.145,3175,0.0,0.3184713375796178,20.0,38403.0
South,01059,AL,Franklin County,12.39,9646,0.0,0.0,20.0,37049.0
South,01061,AL,Geneva County,11.662,3934,0.0,0.2457002457002457,21.0,36976.0
South,01063,AL,Greene County,9.975,1379,0.0,0.0,34.0,26559.0
South,01065,AL,Hale County,14.029,1854,0.0,0.0,24.0,35381.0
South,01067,AL,Henry County,16.144,2513,0.0,0.0,19.0,41426.0
South,01069,AL,Houston County,21.018,43799,0.2739788579647937,0.3328402366863905,19.0,42910.0
South,01071,AL,Jackson County,12.578,13259,0.030168187646127158,0.3546099290780142,18.0,41407.0
South,01073,AL,Jefferson County,31.44,314992,1.3397165642302027,0.479252608590148,15.0,50109.0
South,01075,AL,Lamar County,13.063,3141,0.0,0.0,19.0,38358.0
South,01077,AL,Lauderdale County,21.679,25563,0.2503618511129367,0.29542097488921715,15.0,44124.0
South,01079,AL,Lawrence County,10.309,3138,0.0,0.25839793281653745,17.0,43107.0
South,01081,AL,Lee County,34.412,43945,0.4323586301058141,0.36683785766691124,18.0,47749.0
South,01083,AL,Limestone County,23.261,16958,1.3386012501474231,0.36443148688046645,13.0,52181.0
South,01085,AL,Lowndes County,12.282,1969,0.0,0.0,32.0,32011.0
South,01087,AL,Macon County,20.042,5244,0.0,0.0,30.0,30681.0
South,01089,AL,Madison County,40.672,158629,10.953230493793695,0.5765765765765766,14.0,61193.0
South,01091,AL,Marengo County,14.789,6045,0.0,0.0,26.0,34794.0
South,01093,AL,Marion County,12.466,7656,0.0,0.3766478342749529,19.0,36386.0
South,01095,AL,Marshall County,16.567,30833,0.0745954010313625,0.2770083102493075,21.0,42117.0
South,01097,AL,Mobile County,22.512,151652,1.9346925856566348,0.28617216117216115,20.0,45233.0
South,01099,AL,Monroe County,12.395,5400,0.0,0.0,26.0,36639.0
South,01101,AL,Montgomery County,31.46,103893,1.1887230131000164,0.4291845493562232,19.0,45111.0
South,01103,AL,Morgan County,21.429,42737,0.435220066920935,0.3497862417411582,16.0,46843.0
South,01105,AL,Perry County,14.493,1561,0.0,0.0,35.0,25221.0
South,01107,AL,Pickens County,11.119,2639,0.0,0.0,26.0,35968.0
South,01109,AL,Pike County,23.988,11135,0.0,0.1545595054095827,25.0,35172.0
South,01111,AL,Randolph County,15.379,3809,0.0,0.60790273556231,22.0,40283.0
South,01113,AL,Russell County,17.014,11156,0.10756543564001435,0.0,19.0,38617.0
South,01115,AL,St. Clair County,16.104,16848,0.551994301994302,0.8587041373926619,12.0,57856.0
South,01117,AL,Shelby County,41.423,83416,5.721923851539273,0.9742790335151987,8.0,74212.0
South,01119,AL,Sumter County,18.12,2991,0.0,0.5102040816326531,32.0,26814.0
South,01121,AL,Talladega County,13.091,24080,0.004152823920265781,0.32546786004882017,18.0,40555.0
South,01123,AL,Tallapoosa County,17.316,10844,0.0,0.13513513513513514,20.0,40169.0
South,01125,AL,Tuscaloosa County,29.369,78617,0.2811096836562067,0.2692778457772338,18.0,47483.0
South,01127,AL,Walker County,10.543,14913,0.020116676725005028,0.0819000819000819,21.0,39511.0
South,01129,AL,Washington County,9.623,4979,0.0,0.0,18.0,37575.0
South,01131,AL,Wilcox County,11.302,1918,0.0,0.5555555555555556,32.0,24216.0
South,01133,AL,Winston County,13.089,6393,0.0,0.0,17.0,38644.0
West,02013,AK,Aleutians East Borough,11.945,2265,0.0,0.0,15.0,63991.0
West,02016,AK,Aleutians West Census Area,15.699,3720,0.0,0.0,8.0,78151.0
West,02020,AK,Anchorage Municipality,34.298,147302,1.6442410829452418,0.2841554898840646,7.0,83959.0
West,02050,AK,Bethel Census Area,11.417,3189,0.0,0.0,26.0,46634.0
West,02060,AK,Bristol Bay Borough,19.106,392,0.0,0.0,11.0,68026.0
West,02068,AK,Denali Borough,38.523,459,0.0,0.0,6.0,72378.0
West,02070,AK,Dillingham Census Area,17.564,1182,0.0,0.0,20.0,52250.0
West,02090,AK,Fairbanks North Star Borough,33.373,27962,0.7081038552321007,0.0,9.0,73427.0
West,02100,AK,Haines Borough,40.444,589,0.0,0.0,10.0,53471.0
West,02105,AK,Hoonah-Angoon Census Area,24.256,212,0.0,0.0,19.0,53884.0
West,02110,AK,Juneau City and Borough,39.434,11456,0.8641759776536313,0.08688097306689835,7.0,82011.0
West,02122,AK,Kenai Peninsula Borough,23.681,15364,0.09763082530590991,0.14258555133079848,12.0,68501.0
West,02130,AK,Ketchikan Gateway Borough,23.77,5102,0.0,0.16611295681063123,9.0,67125.0
West,02150,AK,Kodiak Island Borough,24.85,5634,0.0,0.0,7.0,74683.0
West,02164,AK,Lake and Peninsula Borough,12.455,240,0.0,1.7241379310344827,21.0,44310.0
West,02170,AK,Matanuska-Susitna Borough,20.588,18400,0.6141304347826086,0.3629764065335753,10.0,71793.0
West,02180,AK,Nome Census Area,13.91,2080,0.0,0.5747126436781609,24.0,55974.0
West,02185,AK,North Slope Borough,14.182,4698,0.0,0.0,12.0,74998.0
West,02188,AK,Northwest Arctic Borough,10.762,1917,0.0,0.0,28.0,53692.0
West,02195,AK,Petersburg Census Area,25.012,994,0.0,0.0,8.0,60540.0
West,02198,AK,Prince of Wales-Hyder Census Area,15.792,982,0.0,0.0,18.0,48888.0
West,02220,AK,Sitka City and Borough,32.354,2920,0.0,0.0,8.0,72795.0
West,02230,AK,Skagway Municipality,33.705,375,0.0,0.0,4.0,65112.0
West,02240,AK,Southeast Fairbanks Census Area,19.199,1215,1.728395061728395,0.0,12.0,59412.0
West,02261,AK,Valdez-Cordova Census Area,30.088,2806,0.0,0.0,9.0,69755.0
West,02275,AK,Wrangell City and Borough,20.26,594,0.0,0.0,12.0,56747.0
West,02282,AK,Yakutat City and Borough,19.734,143,0.0,3.5714285714285716,17.0,57687.0
West,02290,AK,Yukon-Koyukuk Census Area,12.256,338,0.0,0.0,23.0,37906.0
West,04001,AZ,Apache County,11.059,6722,0.0,0.45248868778280543,33.0,34040.0
West,04003,AZ,Cochise County,23.163,25795,6.865671641791045,0.27906976744186046,21.0,45151.0
West,04005,AZ,Coconino County,34.209,51713,1.0461586061531916,0.547945205479452,18.0,53643.0
West,04007,AZ,Gila County,17.737,11611,0.19808801998105244,0.30181086519114686,20.0,40747.0
West,04009,AZ,Graham County,13.324,6814,0.0,0.21008403361344538,23.0,46714.0
West,04011,AZ,Greenlee County,12.197,3848,0.0,0.0,12.0,61110.0
West,04012,AZ,La Paz County,10.437,4077,0.0,0.0,25.0,34285.0
West,04013,AZ,Maricopa County,30.969,1623299,2.809648746164447,0.9915634929330558,15.0,58742.0
West,04015,AZ,Mohave County,11.879,41954,0.15731515469323545,0.2704895861509332,18.0,42003.0
West,04017,AZ,Navajo County,14.492,19173,0.05737234652897304,0.2306805074971165,28.0,37440.0
West,04019,AZ,Pima County,30.801,316661,1.9699299882208419,0.6590683845391476,18.0,47644.0
West,04021,AZ,Pinal County,18.471,48859,0.5444237499744162,0.8314220183486238,15.0,52642.0
West,04023,AZ,Santa Cruz County,22.493,11420,0.09632224168126094,0.2579535683576956,21.0,39090.0
West,04025,AZ,Yavapai County,25.542,60153,0.2709756786860173,0.721030042918455,13.0,49824.0
West,04027,AZ,Yuma County,14.387,42536,0.2021816813992853,0.06749915626054674,19.0,42998.0
South,05001,AR,Arkansas County,14.429,8786,0.0,0.0,18.0,39726.0
South,05003,AR,Ashley County,13.587,5844,0.0,0.26109660574412535,18.0,41277.0
South,05005,AR,Baxter County,17.738,13145,0.5705591479650057,0.3872216844143272,13.0,40147.0
South,05007,AR,Benton County,30.723,115639,2.3313933880438262,0.5772719775688603,9.0,64072.0
South,05009,AR,Boone County,14.968,12035,0.15787287079351892,0.11389521640091116,15.0,39881.0
South,05011,AR,Bradley County,14.231,2848,0.0,0.0,24.0,34114.0
South,05013,AR,Calhoun County,12.014,421,0.0,0.0,17.0,33507.0
South,05015,AR,Carroll County,17.692,9000,0.0,0.0,17.0,37145.0
South,05017,AR,Chicot County,13.134,2029,0.0,0.0,30.0,29527.0
South,05019,AR,Clark County,24.717,6919,0.0,0.0,22.0,37247.0
South,05021,AR,Clay County,11.349,2473,0.0,0.0,19.0,36037.0
South,05023,AR,Cleburne County,15.382,5649,0.0,0.0,16.0,42397.0
South,05025,AR,Cleveland County,15.747,488,0.0,0.0,16.0,45256.0
South,05027,AR,Columbia County,21.915,7176,0.0,0.17921146953405018,24.0,35322.0
South,05029,AR,Conway County,16.919,4682,0.0,0.0,19.0,41892.0
South,05031,AR,Craighead County,25.392,43051,0.21834568302710738,0.24193548387096775,16.0,44091.0
South,05033,AR,Crawford County,13.55,17759,0.11824990145841545,0.3770028275212064,17.0,42941.0
South,05035,AR,Crittenden County,17.391,13964,0.0,0.0,26.0,37627.0
South,05037,AR,Cross County,14.748,3732,0.0,0.0,19.0,40970.0
South,05039,AR,Dallas County,12.688,2397,0.0,0.0,21.0,33679.0
South,05041,AR,Desha County,13.184,3564,0.0,0.0,27.0,32392.0
South,05043,AR,Drew County,19.844,4770,0.0,0.0,19.0,40441.0
South,05045,AR,Faulkner County,29.114,35065,0.2994438899187224,0.47581284694686754,16.0,50909.0
South,05047,AR,Franklin County,13.014,3411,0.0,0.3597122302158273,18.0,40091.0
South,05049,AR,Fulton County,11.034,1421,0.0,0.0,23.0,33451.0
South,05051,AR,Garland County,20.623,33063,0.33874724011735174,0.3687315634218289,18.0,42087.0
South,05053,AR,Grant County,19.837,3358,0.0,0.7407407407407407,12.0,54411.0
South,05055,AR,Greene County,16.443,14289,0.0,0.2570694087403599,15.0,45208.0
South,05057,AR,Hempstead County,12.616,6221,0.0,0.0,21.0,38769.0
South,05059,AR,Hot Spring County,13.483,5741,0.0,0.0,15.0,46313.0
South,05061,AR,Howard County,15.745,5846,0.0,0.0,19.0,36166.0
South,05063,AR,Independence County,17.619,14012,0.2426491578646874,0.1272264631043257,16.0,42520.0
South,05065,AR,Izard County,12.379,1998,0.0,0.0,20.0,36987.0
South,05067,AR,Jackson County,8.646,4043,0.0,0.31645569620253167,24.0,35098.0
South,05069,AR,Jefferson County,16.989,20658,0.0,0.0,23.0,38485.0
South,05071,AR,Johnson County,15.941,7519,0.053198563638781754,0.5089058524173028,18.0,37205.0
South,05073,AR,Lafayette County,13.678,706,0.0,0.0,27.0,32288.0
South,05075,AR,Lawrence County,13.411,3007,0.0,0.352112676056338,20.0,39015.0
South,05077,AR,Lee County,8.157,899,0.0,0.0,36.0,26912.0
South,05079,AR,Lincoln County,7.803,1414,0.0,0.6172839506172839,28.0,35419.0
South,05081,AR,Little River County,9.719,2676,0.0,0.0,18.0,43567.0
South,05083,AR,Logan County,13.012,4070,0.0,0.2680965147453083,18.0,39361.0
South,05085,AR,Lonoke County,19.506,11507,1.2340314591118449,0.19157088122605365,12.0,56247.0
South,05087,AR,Madison County,11.331,2479,0.0,0.0,18.0,39059.0
South,05089,AR,Marion County,15.316,2827,0.0,0.0,21.0,33950.0
South,05091,AR,Miller County,14.497,11331,0.0,0.272108843537415,22.0,38412.0
South,05093,AR,Mississippi County,12.637,17271,0.0,0.0,25.0,35846.0
South,05095,AR,Monroe County,9.053,1647,0.0,0.5319148936170213,27.0,32906.0
South,05097,AR,Montgomery County,12.511,820,0.0,0.0,22.0,36435.0
South,05099,AR,Nevada County,15.057,2094,0.0,0.0,20.0,37612.0
South,05101,AR,Newton County,14.831,942,0.0,0.0,20.0,33107.0
South,05103,AR,Ouachita County,16.616,7469,0.0,0.2,25.0,36016.0
South,05105,AR,Perry County,10.626,906,0.0,0.0,17.0,43819.0
South,05107,AR,Phillips County,11.665,4017,0.0,0.0,32.0,29073.0
South,05109,AR,Pike County,14.847,1942,0.0,0.0,18.0,34821.0
South,05111,AR,Poinsett County,9.576,3506,0.0,0.2770083102493075,23.0,36125.0
South,05113,AR,Polk County,12.268,4939,0.0,0.45871559633027525,23.0,32941.0
South,05115,AR,Pope County,21.334,23014,0.18249761015034327,0.44472681067344344,18.0,42916.0
South,05117,AR,Prairie County,13.023,907,0.0,0.0,18.0,40340.0
South,05119,AR,Pulaski County,32.933,206244,2.3898877058241697,0.5546816789469327,17.0,47966.0
South,05121,AR,Randolph County,13.677,3394,0.0,0.0,19.0,38647.0
South,05123,AR,St. Francis County,10.396,5538,0.0,0.0,32.0,39675.0
South,05125,AR,Saline County,24.53,21703,0.4008662396903654,0.21197668256491786,9.0,63618.0
South,05127,AR,Scott County,10.582,1890,0.0,0.0,20.0,34245.0
South,05129,AR,Searcy County,14.444,1037,0.0,0.0,23.0,29747.0
South,05131,AR,Sebastian County,18.789,62998,0.15079843804565224,0.32660332541567694,17.0,42559.0
South,05133,AR,Sevier County,9.381,4030,0.0,0.39215686274509803,21.0,38697.0
South,05135,AR,Sharp County,10.09,2579,0.0,0.3194888178913738,21.0,32379.0
South,05137,AR,Stone County,14.447,1908,0.0,1.3513513513513513,22.0,31955.0
South,05139,AR,Union County,19.229,16620,0.07821901323706378,0.27598896044158233,19.0,41546.0
South,05141,AR,Van Buren County,13.618,3626,0.0,0.0,17.0,38166.0
South,05143,AR,Washington County,31.177,88197,0.9637516015283967,0.6400602409638554,16.0,46367.0
South,05145,AR,White County,19.342,22615,0.030952907362370108,0.2597402597402597,16.0,44329.0
South,05147,AR,Woodruff County,10.217,1229,0.0,0.0,26.0,30400.0
South,05149,AR,Yell County,14.378,4788,0.0,0.0,18.0,38658.0
West,06001,CA,Alameda County,43.888,662511,7.686664825187808,1.2129860863360684,11.0,89472.0
West,06003,CA,Alpine County,29.747,549,0.0,2.857142857142857,19.0,57481.0
West,06005,CA,Amador County,21.513,8224,0.32830739299610895,0.6067961165048543,11.0,59789.0
West,06007,CA,Butte County,26.146,60432,1.568705321683876,0.7348173762697212,20.0,45097.0
West,06009,CA,Calaveras County,20.22,6251,0.0,0.22026431718061673,13.0,57990.0
West,06011,CA,Colusa County,14.427,4041,0.0,0.2695417789757412,11.0,54861.0
West,06013,CA,Contra Costa County,40.27,325864,3.167272236270346,0.8393031240727397,9.0,90920.0
West,06015,CA,Del Norte County,14.907,4093,0.0,0.49875311720698257,24.0,39458.0
West,06017,CA,El Dorado County,32.983,45023,2.3743420029762565,1.103852218968236,9.0,75100.0
West,06019,CA,Fresno County,19.732,255652,0.5307996808161094,0.3489981346651423,26.0,48323.0
West,06021,CA,Glenn County,12.708,5198,0.0,0.0,17.0,46141.0
West,06023,CA,Humboldt County,28.226,34455,1.692062109998549,0.28391167192429023,20.0,43164.0
West,06025,CA,Imperial County,13.957,33092,0.19340021757524478,0.0,24.0,43327.0
West,06027,CA,Inyo County,24.492,5119,0.0,0.19646365422396855,12.0,53350.0
West,06029,CA,Kern County,15.665,190503,1.1228169635123857,0.22005658597925182,22.0,49812.0
West,06031,CA,Kings County,12.789,23824,0.10493619879113499,0.12531328320802004,17.0,51320.0
West,06033,CA,Lake County,16.157,9583,0.4069706772409475,0.5529953917050692,21.0,40818.0
West,06035,CA,Lassen County,12.538,3622,0.0,0.0,18.0,49793.0
West,06037,CA,Los Angeles County,30.764,3871716,2.872860509396867,1.1755581860484101,16.0,61308.0
West,06039,CA,Madera County,13.13,26668,0.16124193790310484,0.05128205128205128,20.0,49467.0
West,06041,CA,Marin County,57.081,100530,5.167611658211479,1.4252735119943791,8.0,103488.0
West,06043,CA,Mariposa County,22.637,3220,0.0,0.33783783783783783,18.0,51233.0
West,06045,CA,Mendocino County,24.079,23414,0.3032373793456906,0.36900369003690037,19.0,45247.0
West,06047,CA,Merced County,13.662,43152,0.027808676307007785,0.06576783952647156,20.0,47442.0
West,06049,CA,Modoc County,18.27,1206,0.0,0.0,18.0,42890.0
West,06051,CA,Mono County,30.645,6461,0.0,0.1721170395869191,12.0,56574.0
West,06053,CA,Monterey County,23.649,107865,1.4045334445835072,0.35912882298424464,13.0,62999.0
West,06055,CA,Napa County,33.046,62535,0.5708803070280642,0.6166982922201139,8.0,73112.0
West,06057,CA,Nevada County,34.402,27440,1.4212827988338192,0.7965482907401261,11.0,60501.0
West,06059,CA,Orange County,38.447,1482602,3.7836857093137604,1.2354413270962905,11.0,81642.0
West,06061,CA,Placer County,36.902,142490,1.8682012772826164,0.7600538772368675,7.0,85326.0
West,06063,CA,Plumas County,21.939,3679,0.0,0.0,13.0,53646.0
West,06065,CA,Riverside County,21.189,553704,1.2212301157297039,0.639978578122908,15.0,59951.0
West,06067,CA,Sacramento County,29.284,466341,2.4587158324059004,0.7276471597734684,16.0,59728.0
West,06069,CA,San Benito County,18.955,11803,0.0,0.20725388601036268,11.0,73298.0
West,06071,CA,San Bernardino County,19.317,582280,0.9182867349041698,0.7747664093784459,18.0,56194.0
West,06073,CA,San Diego County,36.494,1248369,5.595781375538803,1.1353522719072475,12.0,70693.0
West,06075,CA,San Francisco County,54.793,627915,9.931599022160643,2.654893046569913,10.0,101873.0
West,06077,CA,San Joaquin County,18.162,177161,0.4668070286349705,0.3292693779478508,15.0,59038.0
West,06079,CA,San Luis Obispo County,34.059,90392,3.214886273121515,0.8143916372918439,11.0,69517.0
West,06081,CA,San Mateo County,47.051,374251,14.970701481091567,1.8774470493891222,7.0,107075.0
West,06083,CA,Santa Barbara County,32.231,146896,4.616191046726936,0.7989690721649485,14.0,66360.0
West,06085,CA,Santa Clara County,49.103,1021748,14.979231669648485,2.174903682836903,9.0,110843.0
West,06087,CA,Santa Cruz County,38.991,77903,2.50953108352695,1.1240751280591919,13.0,75929.0
West,06089,CA,Shasta County,20.091,50069,0.8088837404381953,0.4821600771456123,17.0,46663.0
West,06091,CA,Sierra County,19.782,197,0.0,0.0,14.0,48099.0
West,06093,CA,Siskiyou County,22.156,8685,0.9556706966033391,0.7469654528478058,19.0,40875.0
West,06095,CA,Solano County,25.122,111150,1.1201079622132253,0.4152348224513173,11.0,73200.0
West,06097,CA,Sonoma County,33.068,168218,1.4671438252743463,0.7633038093180673,9.0,73496.0
West,06099,CA,Stanislaus County,16.52,139192,0.3822058739007989,0.3045341755019174,15.0,54060.0
West,06101,CA,Sutter County,17.901,21006,0.16185851661430067,0.29036004645760743,17.0,51283.0
West,06103,CA,Tehama County,13.806,12628,0.0,0.20512820512820512,21.0,40585.0
West,06105,CA,Trinity County,20.065,1575,0.0,0.0,21.0,38727.0
West,06107,CA,Tulare County,13.992,94534,0.2845537055450949,0.190445960958578,25.0,45768.0
West,06109,CA,Tuolumne County,19.742,12631,0.26126197450716493,0.38910505836575876,15.0,50431.0
West,06111,CA,Ventura County,32.2,256376,2.052064155771211,0.9613085274283801,10.0,79470.0
West,06113,CA,Yolo County,40.024,63111,2.075707879767394,0.6378802747791953,19.0,63645.0
West,06115,CA,Yuba County,15.548,9781,1.7482874961660362,0.7481296758104738,17.0,46054.0
West,08001,CO,Adams County,22.368,162819,1.5802823994742627,0.593094683329803,12.0,65442.0
West,08003,CO,Alamosa County,25.804,5749,0.0,0.0,25.0,37057.0
West,08005,CO,Arapahoe County,40.73,293575,4.225155411734651,1.0565097253074713,9.0,70866.0
West,08007,CO,Archuleta County,34.931,3484,0.6888633754305397,1.1976047904191616,12.0,51998.0
West,08009,CO,Baca County,21.84,533,0.0,0.0,20.0,34070.0
West,08011,CO,Bent County,9.492,569,0.0,0.0,34.0,33951.0
West,08013,CO,Boulder County,59.313,150243,11.155927397615862,1.8146624727800629,11.0,74772.0
West,08014,CO,Broomfield County,52.457,42920,9.827586206896552,2.019704433497537,5.0,86870.0
West,08015,CO,Chaffee County,34.412,6011,0.9316253535185494,0.5518763796909493,11.0,49877.0
West,08017,CO,Cheyenne County,23.28,503,0.0,0.0,14.0,50558.0
West,08019,CO,Clear Creek County,44.562,2894,0.38009675190048375,0.8875739644970414,8.0,68699.0
West,08021,CO,Conejos County,18.34,736,0.0,0.8849557522123894,23.0,34390.0
West,08023,CO,Costilla County,20.031,283,0.0,0.0,30.0,27211.0
West,08025,CO,Crowley County,10.249,518,0.0,0.0,48.0,35873.0
West,08027,CO,Custer County,29.403,569,0.70298769771529,0.7407407407407407,14.0,52021.0
West,08029,CO,Delta County,19.606,6514,0.3530856616518268,0.36585365853658536,18.0,41798.0
West,08031,CO,Denver County,45.719,439602,2.9656370990122882,1.1606499639798287,14.0,61038.0
West,08033,CO,Dolores County,20.284,250,0.0,0.0,13.0,46791.0
West,08035,CO,Douglas County,57.526,110124,2.561657767607424,1.2004001333777925,3.0,112399.0
West,08037,CO,Eagle County,45.035,32362,0.5716581175452692,0.43923865300146414,8.0,79556.0
West,08039,CO,Elbert County,32.822,2515,1.47117296222664,0.33613445378151263,6.0,86693.0
West,08041,CO,El Paso County,36.566,235480,5.9780023781212845,0.900742820377844,12.0,63610.0
West,08043,CO,Fremont County,16.397,7768,0.06436663233779609,0.4711425206124853,18.0,46372.0
West,08045,CO,Garfield County,29.135,20023,0.3645807321580183,0.41562759767248547,9.0,69161.0
West,08047,CO,Gilpin County,34.365,4665,0.1714898177920686,2.5,8.0,65472.0
West,08049,CO,Grand County,37.171,8242,0.18199466148992963,0.0,8.0,63875.0
West,08051,CO,Gunnison County,52.593,6668,0.10497900419916016,0.271985494106981,14.0,53753.0
West,08053,CO,Hinsdale County,40.942,125,0.0,0.0,10.0,51717.0
West,08055,CO,Huerfano County,25.991,1092,0.0,0.6410256410256411,22.0,34626.0
West,08057,CO,Jackson County,19.072,254,0.0,0.0,14.0,46671.0
West,08059,CO,Jefferson County,42.22,187897,4.108633985641069,1.0149008565059252,7.0,74342.0
West,08061,CO,Kiowa County,20.233,222,0.0,0.0,14.0,43951.0
West,08063,CO,Kit Carson County,13.831,2090,0.0,0.0,14.0,48272.0
West,08065,CO,Lake County,30.914,1291,0.0,0.0,15.0,49064.0
West,08067,CO,La Plata County,42.998,21119,1.0085704815568919,0.4633529907329402,11.0,58499.0
West,08069,CO,Larimer County,45.275,125796,3.0740246112753984,0.718540228798336,11.0,66561.0
West,08071,CO,Las Animas County,18.948,3122,0.0,0.2770083102493075,22.0,38224.0
West,08073,CO,Lincoln County,13.68,1358,0.0,0.0,18.0,42969.0
West,08075,CO,Logan County,16.716,5280,0.0,0.17452006980802792,16.0,49407.0
West,08077,CO,Mesa County,26.1,51511,0.26402127700879424,0.4355800091701055,15.0,49825.0
West,08079,CO,Mineral County,42.496,231,0.0,0.0,9.0,52641.0
West,08081,CO,Moffat County,18.868,3214,0.0,0.24875621890547264,13.0,54151.0
West,08083,CO,Montezuma County,27.019,6900,0.2028985507246377,0.5312084993359893,15.0,40679.0
West,08085,CO,Montrose County,23.782,12339,0.21071399627198314,0.5604483586869495,16.0,43285.0
West,08087,CO,Morgan County,16.104,9198,0.0,0.30120481927710846,12.0,49129.0
West,08089,CO,Otero County,17.112,4216,0.0,0.0,24.0,36773.0
West,08091,CO,Ouray County,54.492,1098,1.366120218579235,0.0,9.0,66813.0
West,08093,CO,Park County,30.479,1430,0.5594405594405595,1.1086474501108647,9.0,68535.0
West,08095,CO,Phillips County,20.395,1129,0.0,0.0,12.0,49046.0
West,08097,CO,Pitkin County,60.435,17926,0.3960727435010599,0.43613707165109034,7.0,74576.0
West,08099,CO,Prowers County,15.394,3113,0.0,0.5730659025787965,21.0,40164.0
West,08101,CO,Pueblo County,21.239,49911,0.21438159924665906,0.5832793259883344,20.0,44644.0
West,08103,CO,Rio Blanco County,21.849,1713,0.0,0.0,10.0,58980.0
West,08105,CO,Rio Grande County,22.567,2483,0.2819170358437374,0.5988023952095808,18.0,41128.0
West,08107,CO,Routt County,49.413,16781,0.6376258864191645,0.35650623885918004,7.0,71322.0
West,08109,CO,Saguache County,25.469,932,0.6437768240343348,0.8,28.0,33973.0
West,08111,CO,San Juan County,28.446,249,0.0,0.0,16.0,44652.0
West,08113,CO,San Miguel County,55.064,5067,0.0,0.4784688995215311,10.0,67251.0
West,08115,CO,Sedgwick County,19.812,477,0.0,0.0,15.0,42518.0
West,08117,CO,Summit County,49.918,21294,0.37569268338499107,0.3553976010661928,8.0,70265.0
West,08119,CO,Teller County,32.575,5914,0.5918160297598918,0.4178272980501393,10.0,63966.0
West,08121,CO,Washington County,15.992,542,0.0,0.0,14.0,46304.0
West,08123,CO,Weld County,26.762,83654,1.416549118990126,0.6585612968591692,12.0,63609.0
West,08125,CO,Yuma County,21.391,2823,0.0,0.0,12.0,48963.0
Northeast,09001,CT,Fairfield County,46.362,427361,3.362028823406909,0.7186555612884205,9.0,89954.0
Northeast,09003,CT,Hartford County,36.866,456617,2.3363124894605325,0.6141697740732617,11.0,69341.0
Northeast,09005,CT,Litchfield County,34.017,52751,0.6426418456522152,0.6089878202435951,7.0,76323.0
Northeast,09007,CT,Middlesex County,40.928,63220,1.4852894653590636,0.5228136882129277,8.0,80190.0
Northeast,09009,CT,New Haven County,34.288,341265,1.9166923065652792,0.4847680767464408,11.0,66012.0
Northeast,09011,CT,New London County,32.416,105998,2.3623087228060906,0.32395566922421143,9.0,70258.0
Northeast,09013,CT,Tolland County,38.86,28239,1.4412691667551967,0.7323026851098454,7.0,81369.0
Northeast,09015,CT,Windham County,23.857,30696,0.13682564503518374,0.19445794846864364,12.0,60869.0
South,10001,DE,Kent County,23.122,53196,1.4361982103917588,1.081239041496201,14.0,53994.0
South,10003,DE,New Castle County,35.429,272403,4.223154664229102,1.239412057797708,11.0,67246.0
South,10005,DE,Sussex County,23.885,66704,0.547193571599904,0.6248884127834315,12.0,56618.0
South,11001,DC,District of Columbia,55.36,526879,5.964177733407481,0.7075980497907408,19.0,74093.0
South,12001,FL,Alachua County,41.515,93371,2.5864561801844257,0.9977101733725875,22.0,45294.0
South,12003,FL,Baker County,12.764,5728,0.0,0.0,17.0,51904.0
South,12005,FL,Bay County,22.534,61535,7.433168115706509,0.3241841365895829,15.0,48843.0
South,12007,FL,Bradford County,11.779,4240,0.30660377358490565,0.6976744186046512,19.0,43058.0
South,12009,FL,Brevard County,27.729,176190,3.6227935751177704,0.9190780498312631,15.0,51214.0
South,12011,FL,Broward County,31.016,693194,3.5277281684492365,0.9118995415587005,14.0,54055.0
South,12013,FL,Calhoun County,10.476,1782,0.0,1.0869565217391304,22.0,36708.0
South,12015,FL,Charlotte County,21.604,37640,0.41445270988310307,0.5408189544166881,13.0,44935.0
South,12017,FL,Citrus County,17.846,29803,0.49323893567761634,0.47584187408491946,17.0,40009.0
South,12019,FL,Clay County,23.938,40089,0.5462845169497867,0.5780346820809249,10.0,57476.0
South,12021,FL,Collier County,33.881,124868,1.02748502418554,0.4701658403145837,11.0,62397.0
South,12023,FL,Columbia County,15.909,19130,0.31364349189754315,0.6060606060606061,18.0,41667.0
South,12027,FL,DeSoto County,10.039,5491,0.1092697140775815,0.0,29.0,34146.0
South,12029,FL,Dixie County,6.397,1533,0.0,0.0,25.0,34146.0
South,12031,FL,Duval County,28.089,434531,3.229919154214544,0.689955985566438,15.0,51948.0
South,12033,FL,Escambia County,24.883,104620,1.9126362072261518,0.26420079260237783,15.0,45004.0
South,12035,FL,Flagler County,23.322,17869,1.0353125524651632,1.0622887493964268,11.0,50863.0
South,12037,FL,Franklin County,16.734,2265,0.0,0.0,23.0,37479.0
South,12039,FL,Gadsden County,17.482,8956,0.033497096918267084,0.0,21.0,40865.0
South,12041,FL,Gilchrist County,12.345,1682,0.0,1.7467248908296944,17.0,41721.0
South,12043,FL,Glades County,8.881,788,0.0,0.0,22.0,39607.0
South,12045,FL,Gulf County,16.711,2749,0.036376864314296105,0.0,24.0,38381.0
South,12047,FL,Hamilton County,10.201,1846,0.0,0.591715976331361,29.0,34517.0
South,12049,FL,Hardee County,9.631,4129,0.0,0.2604166666666667,24.0,37612.0
South,12051,FL,Hendry County,9.138,6115,0.0,0.0,25.0,39911.0
South,12053,FL,Hernando County,16.404,33835,0.8718782325993794,0.6924771797293043,15.0,46225.0
South,12055,FL,Highlands County,16.469,20419,0.38689455898917674,0.36591740721380034,19.0,36864.0
South,12057,FL,Hillsborough County,31.433,587224,4.343998201708377,0.8567596419675362,15.0,54509.0
South,12059,FL,Holmes County,12.336,1865,0.0,0.0,24.0,41110.0
South,12061,FL,Indian River County,27.167,43224,0.6339070886544512,0.6354436337961873,12.0,49813.0
South,12063,FL,Jackson County,13.69,9305,0.0,0.13020833333333334,23.0,37358.0
South,12065,FL,Jefferson County,19.015,1596,0.0,0.423728813559322,19.0,43453.0
South,12067,FL,Lafayette County,13.611,686,0.0,0.0,23.0,40653.0
South,12069,FL,Lake County,21.669,81265,0.3543961114871101,0.5748738081884465,12.0,50125.0
South,12071,FL,Lee County,26.717,209788,1.5353595057867944,0.5787356005070826,13.0,52989.0
South,12073,FL,Leon County,45.243,98267,2.6326233628786877,0.7233986584243062,19.0,51041.0
South,12075,FL,Levy County,11.163,5867,0.34088972217487645,0.8310249307479224,21.0,33092.0
South,12077,FL,Liberty County,12.462,1156,0.0,0.0,24.0,38900.0
South,12079,FL,Madison County,12.342,2863,0.0,0.3246753246753247,32.0,33721.0
South,12081,FL,Manatee County,27.874,99027,1.0219435103557615,0.7561003551380456,13.0,51770.0
South,12083,FL,Marion County,18.383,79752,0.6808606680710202,0.5139920045688178,17.0,39629.0
South,12085,FL,Martin County,31.536,57067,0.9532654598980146,0.5492493592090809,11.0,55917.0
South,12086,FL,Miami-Dade County,27.282,972716,1.514008199721193,0.8128434025005066,18.0,45886.0
South,12087,FL,Monroe County,31.071,31794,0.6164685160722149,0.4192872117400419,12.0,63892.0
South,12089,FL,Nassau County,24.527,17090,0.18724400234055003,0.3252032520325203,10.0,67967.0
South,12091,FL,Okaloosa County,29.441,59443,4.27636559393032,0.4734848484848485,11.0,58009.0
South,12093,FL,Okeechobee County,10.724,7042,0.0,0.2528445006321112,20.0,37689.0
South,12095,FL,Orange County,31.923,704627,2.360965446966977,0.8314991440449988,16.0,51312.0
South,12097,FL,Osceola County,18.677,76881,0.27445012421794723,0.5833333333333334,15.0,50716.0
South,12099,FL,Palm Beach County,34.189,512940,2.425624829414746,0.7560960241950728,13.0,57607.0
South,12101,FL,Pasco County,22.484,96501,0.8694210422689921,0.7998293697344566,13.0,46326.0
South,12103,FL,Pinellas County,29.511,374390,2.3195063970725713,0.9744994131664118,13.0,49974.0
South,12105,FL,Polk County,19.461,181761,0.5490726833589163,0.4163052905464007,16.0,46289.0
South,12107,FL,Putnam County,12.679,12505,0.19992003198720512,0.40064102564102566,22.0,37526.0
South,12109,FL,St. Johns County,42.475,59165,2.1380883968562494,0.6603929337956084,8.0,78544.0
South,12111,FL,St. Lucie County,19.832,58914,0.39209695488338936,0.6678700361010831,17.0,45509.0
South,12113,FL,Santa Rosa County,26.888,24931,1.5522843046809194,0.8771929824561403,11.0,62668.0
South,12115,FL,Sarasota County,33.058,142030,2.3199324086460607,0.68758686270207,11.0,55088.0
South,12117,FL,Seminole County,35.846,167426,3.9880305328921435,1.0667868680039065,11.0,61253.0
South,12119,FL,Sumter County,29.817,20883,0.5506871618062539,0.41293874741913283,11.0,56568.0
South,12121,FL,Suwannee County,12.038,8172,0.07342143906020558,0.5882352941176471,20.0,40572.0
South,12123,FL,Taylor County,9.828,4750,0.0,0.0,23.0,40180.0
South,12125,FL,Union County,7.601,1848,0.0,0.0,25.0,43795.0
South,12127,FL,Volusia County,22.416,143888,0.7318191927054376,0.59509640561771,14.0,45356.0
South,12129,FL,Wakulla County,16.641,3566,0.6449803701626472,0.45454545454545453,13.0,56158.0
South,12131,FL,Walton County,26.309,19652,0.3053124363932424,0.23180343069077422,13.0,54686.0
South,12133,FL,Washington County,10.984,3775,0.0,0.5291005291005291,23.0,34787.0
South,13001,GA,Appling County,11.918,5940,0.0,0.0,20.0,37954.0
South,13003,GA,Atkinson County,6.678,1385,0.0,0.0,26.0,33318.0
South,13005,GA,Bacon County,13.197,2913,0.0,0.0,23.0,36873.0
South,13007,GA,Baker County,11.0,219,0.0,4.0,28.0,35452.0
South,13009,GA,Baldwin County,18.422,13107,0.41199359121080337,0.7490636704119851,26.0,40683.0
South,13011,GA,Banks County,10.986,3212,0.7160647571606475,0.352112676056338,16.0,43370.0
South,13013,GA,Barrow County,16.785,15939,0.44544827153522804,0.8532423208191127,13.0,54893.0
South,13015,GA,Bartow County,18.515,31827,0.5592735727526943,0.3054989816700611,15.0,52497.0
South,13017,GA,Ben Hill County,10.553,4837,0.0,0.3194888178913738,26.0,32644.0
South,13019,GA,Berrien County,12.267,3271,0.0,0.4032258064516129,22.0,39174.0
South,13021,GA,Bibb County,24.59,73625,0.6084889643463497,0.2669255035185635,26.0,38115.0
South,13023,GA,Bleckley County,17.725,1476,0.0,0.5952380952380952,22.0,41447.0
South,13025,GA,Brantley County,9.51,1254,0.0,0.0,21.0,37675.0
South,13027,GA,Brooks County,12.437,2133,0.0,0.0,25.0,33676.0
South,13029,GA,Bryan County,33.336,5992,1.5353805073431241,0.31347962382445144,10.0,77244.0
South,13031,GA,Bulloch County,28.248,17722,0.10156867170748222,0.13966480446927373,24.0,42083.0
South,13033,GA,Burke County,10.404,8445,0.0,0.0,27.0,37410.0
South,13035,GA,Butts County,10.205,4340,0.06912442396313365,0.8426966292134831,17.0,46141.0
South,13037,GA,Calhoun County,10.293,684,0.0,0.0,33.0,33478.0
South,13039,GA,Camden County,22.619,8044,1.9020387866732968,0.12453300124533001,15.0,53130.0
South,13043,GA,Candler County,14.23,2264,0.0,0.0,25.0,32970.0
South,13045,GA,Carroll County,18.185,35391,0.23452290130259104,0.24630541871921183,15.0,50598.0
South,13047,GA,Catoosa County,19.65,11424,0.4376750700280112,0.5500550055005501,13.0,53740.0
South,13049,GA,Charlton County,8.988,1919,0.0,0.6711409395973155,27.0,38948.0
South,13051,GA,Chatham County,32.895,137176,1.057765206741704,0.3364389233954451,17.0,52746.0
South,13053,GA,Chattahoochee County,30.118,1883,4.938927243759958,0.0,22.0,44097.0
South,13055,GA,Chattooga County,8.859,4826,0.0,0.0,20.0,37345.0
South,13057,GA,Cherokee County,35.497,50407,2.0056738151447218,0.8155339805825242,8.0,78668.0
South,13059,GA,Clarke County,40.753,48003,0.8853613315834427,0.8955223880597015,28.0,36692.0
South,13061,GA,Clay County,7.438,275,0.0,0.0,35.0,27648.0
South,13063,GA,Clayton County,19.029,72809,0.057685176283151805,0.16,21.0,44598.0
South,13065,GA,Clinch County,14.383,1611,0.0,0.0,26.0,34777.0
South,13067,GA,Cobb County,44.986,338473,4.488098016680799,1.0059464816650148,10.0,70950.0
South,13069,GA,Coffee County,13.084,13281,0.0677659814772984,0.24009603841536614,23.0,38704.0
South,13071,GA,Colquitt County,12.924,11135,0.0,0.22246941045606228,25.0,34931.0
South,13073,GA,Columbia County,35.1,28523,2.4611716860077832,0.5385996409335727,7.0,74908.0
South,13075,GA,Cook County,13.838,3174,0.0,0.0,25.0,35518.0
South,13077,GA,Coweta County,28.085,32336,0.7360217714002969,0.5029337803855826,10.0,71114.0
South,13079,GA,Crawford County,13.115,539,0.0,1.0204081632653061,19.0,44014.0
South,13081,GA,Crisp County,15.077,6737,0.0,0.0,30.0,34211.0
South,13083,GA,Dade County,13.798,2795,0.0,0.0,16.0,36213.0
South,13085,GA,Dawson County,29.841,6500,0.5230769230769231,0.6622516556291391,10.0,61229.0
South,13087,GA,Decatur County,16.889,6438,0.0,0.0,30.0,36136.0
South,13089,GA,DeKalb County,41.745,274580,5.05317211741569,0.7727975270479135,18.0,56053.0
South,13091,GA,Dodge County,13.535,3176,0.0,0.0,25.0,35779.0
South,13093,GA,Dooly County,11.263,2871,0.0,0.0,29.0,40591.0
South,13095,GA,Dougherty County,19.766,37007,0.39722214716134785,0.043936731107205626,31.0,35750.0
South,13097,GA,Douglas County,26.148,37907,0.29545994143561877,0.39698292973402144,13.0,59665.0
South,13099,GA,Early County,14.071,2835,0.0,0.0,31.0,26934.0
South,13101,GA,Echols County,7.867,102,0.0,0.0,23.0,35892.0
South,13103,GA,Effingham County,18.279,7738,0.6073920909795812,0.2840909090909091,10.0,63776.0
South,13105,GA,Elbert County,11.69,4589,0.0,0.45871559633027525,22.0,37131.0
South,13107,GA,Emanuel County,11.714,5310,0.0,0.26246719160104987,27.0,32495.0
South,13109,GA,Evans County,15.097,3924,0.0,0.45871559633027525,24.0,34689.0
South,13111,GA,Fannin County,17.722,5434,0.16562384983437614,0.16447368421052633,14.0,41487.0
South,13113,GA,Fayette County,45.777,41135,0.8411328552327701,0.6088721368512612,6.0,83145.0
South,13115,GA,Floyd County,19.801,35518,0.18300579987611915,0.15306122448979592,16.0,46634.0
South,13117,GA,Forsyth County,48.27,73548,5.237395986294665,1.538959987040337,6.0,101804.0
South,13119,GA,Franklin County,12.635,6829,0.0,0.45662100456621,21.0,41543.0
South,13121,GA,Fulton County,49.806,784738,6.315483639125415,1.2489568845618915,16.0,62824.0
South,13123,GA,Gilmer County,17.839,6003,0.04997501249375312,0.5474452554744526,15.0,46332.0
South,13125,GA,Glascock County,8.221,216,0.0,0.0,19.0,41412.0
South,13127,GA,Glynn County,28.164,31051,0.14814337702489452,0.2763521515988946,19.0,48691.0
South,13129,GA,Gordon County,12.916,20038,0.08483880626809062,0.3902439024390244,16.0,45705.0
South,13131,GA,Grady County,12.77,4593,0.0,0.0,21.0,40234.0
South,13133,GA,Greene County,24.747,4782,0.0,0.4728132387706856,18.0,47194.0
South,13135,GA,Gwinnett County,34.93,330163,4.887282948119565,1.0539501533411084,11.0,67197.0
South,13137,GA,Habersham County,17.512,12114,0.0,0.3597122302158273,16.0,46828.0
South,13139,GA,Hall County,22.474,74898,0.6568933749899863,0.737217598097503,14.0,55308.0
South,13141,GA,Hancock County,10.89,596,0.0,0.0,34.0,30616.0
South,13143,GA,Haralson County,13.764,5462,0.14646649578908824,0.0,19.0,43196.0
South,13145,GA,Harris County,26.601,4266,0.23441162681669012,0.24271844660194175,9.0,70724.0
South,13147,GA,Hart County,13.652,5631,0.19534718522464925,0.5076142131979695,17.0,41247.0
South,13149,GA,Heard County,10.502,1165,0.0,0.7874015748031497,20.0,41994.0
South,13151,GA,Henry County,27.479,50310,0.5863645398529119,0.5564830272676683,10.0,67150.0
South,13153,GA,Houston County,24.034,37793,4.35794988489932,0.518754988028731,15.0,61795.0
South,13155,GA,Irwin County,11.149,1642,0.0,0.0,24.0,35866.0
South,13157,GA,Jackson County,19.068,20249,0.10370882512716677,0.8757961783439491,13.0,55426.0
South,13159,GA,Jasper County,10.363,1508,0.0,0.0,17.0,48473.0
South,13161,GA,Jeff Davis County,10.748,3719,0.0,0.411522633744856,24.0,35538.0
South,13163,GA,Jefferson County,10.416,3966,0.0,0.0,25.0,33680.0
South,13165,GA,Jenkins County,13.026,1026,0.0,0.0,34.0,30611.0
South,13167,GA,Johnson County,8.69,949,0.0,0.8547008547008547,29.0,32201.0
South,13169,GA,Jones County,20.232,2665,0.0,0.31347962382445144,12.0,54155.0
South,13171,GA,Lamar County,17.158,2933,0.0,0.4219409282700422,18.0,44575.0
South,13173,GA,Lanier County,15.401,819,0.0,0.0,23.0,35690.0
South,13175,GA,Laurens County,15.237,15414,0.0973141300116777,0.2859866539561487,26.0,39037.0
South,13177,GA,Lee County,24.163,3880,0.0,0.25252525252525254,11.0,62972.0
South,13179,GA,Liberty County,18.9,12194,1.2055109070034442,0.24271844660194175,15.0,44154.0
South,13181,GA,Lincoln County,13.153,804,0.0,0.0,19.0,41494.0
South,13183,GA,Long County,15.238,284,0.0,0.0,19.0,44542.0
South,13185,GA,Lowndes County,23.855,41159,0.31098909108578926,0.21818181818181817,22.0,41331.0
South,13187,GA,Lumpkin County,26.985,4921,0.1625685836212152,0.7874015748031497,16.0,47287.0
South,13189,GA,McDuffie County,14.184,6919,0.0,0.4618937644341801,23.0,39642.0
South,13191,GA,McIntosh County,13.767,1257,0.0,0.0,21.0,40788.0
South,13193,GA,Macon County,8.53,1573,0.0,0.0,32.0,31358.0
South,13195,GA,Madison County,15.471,2373,0.0,0.56657223796034,15.0,47151.0
South,13197,GA,Marion County,11.076,1117,0.0,0.0,23.0,38734.0
South,13199,GA,Meriwether County,10.146,3417,0.0,0.0,21.0,34508.0
South,13201,GA,Miller County,11.403,1040,0.0,0.0,23.0,42771.0
South,13205,GA,Mitchell County,11.994,5667,0.0,0.2824858757062147,30.0,33490.0
South,13207,GA,Monroe County,22.185,6071,0.1647175094712568,0.6060606060606061,12.0,55626.0
South,13209,GA,Montgomery County,15.553,864,0.0,0.0,23.0,39074.0
South,13211,GA,Morgan County,20.771,6061,0.14849034812737172,0.2074688796680498,13.0,55347.0
South,13213,GA,Murray County,10.865,7949,0.0,0.25,18.0,43203.0
South,13215,GA,Muscogee County,25.002,77864,0.5907736566320765,0.25629077353215285,22.0,40895.0
South,13217,GA,Newton County,19.814,18754,0.2452810067185667,0.4319654427645788,18.0,51167.0
South,13219,GA,Oconee County,46.558,11237,0.3292693779478508,0.9838998211091234,7.0,88570.0
South,13221,GA,Oglethorpe County,16.616,1019,2.355250245338567,0.0,15.0,45319.0
South,13223,GA,Paulding County,24.633,17946,0.4012036108324975,0.688924218335983,9.0,65480.0
South,13225,GA,Peach County,20.151,6237,0.1122334455667789,0.0,21.0,44330.0
South,13227,GA,Pickens County,24.757,6371,0.6592371684194004,0.5747126436781609,11.0,57637.0
South,13229,GA,Pierce County,12.901,3321,0.0,0.29411764705882354,17.0,42908.0
South,13231,GA,Pike County,15.307,1741,0.3446295232624928,0.0,12.0,56901.0
South,13233,GA,Polk County,12.984,9903,0.13127335150964353,0.0,19.0,42470.0
South,13235,GA,Pulaski County,11.812,1976,0.0,0.5747126436781609,25.0,36611.0
South,13237,GA,Putnam County,18.293,4365,0.0,0.23529411764705882,18.0,44785.0
South,13239,GA,Quitman County,8.561,224,0.0,0.0,27.0,30483.0
South,13241,GA,Rabun County,26.336,4113,0.3160709944079747,0.42016806722689076,17.0,41913.0
South,13243,GA,Randolph County,13.354,1393,0.0,0.0,31.0,31662.0
South,13245,GA,Richmond County,21.044,87599,1.5981917601799107,0.18514232816477666,26.0,41128.0
South,13247,GA,Rockdale County,25.961,31053,0.3799954915789135,0.3547896604156107,15.0,56689.0
South,13249,GA,Schley County,14.864,627,0.0,0.0,19.0,43396.0
South,13251,GA,Screven County,14.379,2344,0.0,0.0,28.0,36414.0
South,13253,GA,Seminole County,14.917,1478,0.0,0.0,23.0,34986.0
South,13255,GA,Spalding County,15.39,17206,0.15111007787980937,0.5277044854881267,22.0,43065.0
South,13257,GA,Stephens County,17.623,7942,0.0,0.0,21.0,37920.0
South,13259,GA,Stewart County,10.419,682,0.0,0.0,39.0,24945.0
South,13261,GA,Sumter County,19.949,8586,0.0,0.48,29.0,35764.0
South,13263,GA,Talbot County,12.647,543,0.0,0.0,24.0,36482.0
South,13265,GA,Taliaferro County,8.768,48,0.0,0.0,29.0,30133.0
South,13267,GA,Tattnall County,11.366,3304,0.0,0.33783783783783783,30.0,35567.0
South,13269,GA,Taylor County,11.321,1176,0.0,0.0,25.0,31637.0
South,13271,GA,Telfair County,9.125,2730,0.0,0.0,31.0,32327.0
South,13273,GA,Terrell County,12.076,1701,0.0,0.0,31.0,34018.0
South,13275,GA,Thomas County,19.53,16241,0.0,0.2695417789757412,21.0,40199.0
South,13277,GA,Tift County,17.52,15846,0.1388362993815474,0.09784735812133072,22.0,39982.0
South,13279,GA,Toombs County,17.019,9226,0.1409061348363321,0.29895366218236175,23.0,36765.0
South,13281,GA,Towns County,25.133,3167,0.0,0.0,15.0,42439.0
South,13283,GA,Treutlen County,16.493,680,0.0,0.0,27.0,32100.0
South,13285,GA,Troup County,18.757,33465,0.12849245480352608,0.14124293785310735,20.0,42955.0
South,13287,GA,Turner County,12.277,1441,0.0,0.0,30.0,31969.0
South,13289,GA,Twiggs County,11.642,1502,0.0,0.0,24.0,38507.0
South,13291,GA,Union County,22.368,5755,0.3822762814943527,0.9140767824497258,15.0,47948.0
South,13293,GA,Upson County,13.353,5659,0.0,0.0,20.0,34039.0
South,13295,GA,Walker County,15.019,10329,0.019362958660083262,0.45045045045045046,19.0,40814.0
South,13297,GA,Walton County,18.583,16593,0.301331886940276,0.4993757802746567,13.0,55267.0
South,13299,GA,Ware County,12.825,11299,0.061952385166828924,0.11737089201877934,26.0,34643.0
South,13301,GA,Warren County,12.089,894,0.0,0.0,28.0,36789.0
South,13303,GA,Washington County,12.3,5174,0.0,0.2915451895043732,27.0,35542.0
South,13305,GA,Wayne County,13.324,5769,0.0,0.0,22.0,42017.0
South,13307,GA,Webster County,9.424,280,0.0,0.0,21.0,36329.0
South,13309,GA,Wheeler County,4.938,821,0.0,0.0,39.0,29532.0
South,13311,GA,White County,20.792,6522,0.18399264029438822,0.9950248756218906,14.0,44980.0
South,13313,GA,Whitfield County,13.551,49178,0.3090812965147017,0.13717421124828533,16.0,46796.0
South,13315,GA,Wilcox County,9.53,504,0.0,1.1904761904761905,31.0,33858.0
South,13317,GA,Wilkes County,13.786,2047,0.0,0.0,23.0,33735.0
South,13319,GA,Wilkinson County,8.641,2175,0.0,0.0,21.0,47309.0
South,13321,GA,Worth County,10.213,2607,0.0,0.0,21.0,40122.0
West,15001,HI,Hawaii County,27.591,54561,0.8540899177067869,0.2728174603174603,15.0,54684.0
West,15003,HI,Honolulu County,33.351,359766,1.27777499819327,0.45318632031396,9.0,80012.0
West,15007,HI,Kauai County,27.79,27328,1.9247658079625294,0.43124101581217056,8.0,63164.0
West,15009,HI,Maui County,25.698,64146,0.7217909144763508,0.47639670853183197,10.0,69699.0
West,16001,ID,Ada County,36.97,194215,2.68362381896352,1.122317433836354,11.0,61571.0
West,16003,ID,Adams County,22.683,476,0.0,1.0,15.0,42310.0
West,16005,ID,Bannock County,27.532,24676,0.3201491327605771,0.2974714923153198,17.0,48453.0
West,16007,ID,Bear Lake County,19.526,942,0.0,0.819672131147541,14.0,45875.0
West,16009,ID,Benewah County,13.607,2170,0.0,0.0,18.0,45285.0
West,16011,ID,Bingham County,18.051,9916,0.2319483662767245,0.7117437722419929,14.0,51586.0
West,16013,ID,Blaine County,41.85,11001,0.9544586855740387,0.49575070821529743,10.0,66210.0
West,16015,ID,Boise County,26.968,609,0.0,0.6369426751592356,14.0,50123.0
West,16017,ID,Bonner County,22.056,11969,1.278302280892305,1.3253810470510272,15.0,48097.0
West,16019,ID,Bonneville County,27.837,47476,0.7456399022664083,0.7823819182845552,12.0,59293.0
West,16021,ID,Boundary County,17.47,2458,0.2847843775427177,1.0899182561307903,17.0,42725.0
West,16023,ID,Butte County,14.896,942,0.0,0.0,18.0,41706.0
West,16025,ID,Camas County,20.529,174,0.0,0.0,10.0,49153.0
West,16027,ID,Canyon County,18.354,50955,0.39250318908841136,0.5780346820809249,15.0,48461.0
West,16029,ID,Caribou County,18.068,2744,0.0,0.5376344086021505,11.0,55152.0
West,16031,ID,Cassia County,18.563,7845,0.0,0.0,14.0,48983.0
West,16033,ID,Clark County,15.229,85,0.0,0.0,16.0,42050.0
West,16035,ID,Clearwater County,16.828,1812,0.0,0.4329004329004329,16.0,43626.0
West,16037,ID,Custer County,26.174,704,0.0,0.6060606060606061,16.0,45591.0
West,16039,ID,Elmore County,16.563,4303,0.09295840111550081,0.6912442396313364,14.0,45003.0
West,16041,ID,Franklin County,19.576,2120,0.42452830188679247,1.0033444816053512,9.0,54427.0
West,16043,ID,Fremont County,20.872,1626,0.0,0.6825938566552902,17.0,46465.0
West,16045,ID,Gem County,15.272,2519,0.0,0.2785515320334262,18.0,42027.0
West,16047,ID,Gooding County,14.278,2683,0.0,0.0,14.0,46948.0
West,16049,ID,Idaho County,16.894,3529,0.0,0.21413276231263384,16.0,42049.0
West,16051,ID,Jefferson County,20.782,3820,0.31413612565445026,0.819672131147541,10.0,61156.0
West,16053,ID,Jerome County,14.261,6351,0.0,0.37174721189591076,16.0,48590.0
West,16055,ID,Kootenai County,23.983,50135,0.9095442305774409,0.9229448379480575,15.0,52019.0
West,16057,ID,Latah County,45.938,8870,0.6764374295377678,1.0135135135135136,18.0,43767.0
West,16059,ID,Lemhi County,21.048,1728,0.0,0.36101083032490977,18.0,39934.0
West,16061,ID,Lewis County,16.015,814,0.0,0.0,16.0,41092.0
West,16063,ID,Lincoln County,11.825,553,0.0,0.0,13.0,47754.0
West,16065,ID,Madison County,36.815,18151,2.3084127596275685,1.1428571428571428,24.0,41199.0
West,16067,ID,Minidoka County,14.881,4686,0.0,0.24509803921568626,16.0,48903.0
West,16069,ID,Nez Perce County,22.198,17627,0.011346230215011063,0.36101083032490977,15.0,50030.0
West,16071,ID,Oneida County,16.348,757,0.0,0.0,13.0,46596.0
West,16073,ID,Owyhee County,9.67,1787,0.0,0.0,17.0,35866.0
West,16075,ID,Payette County,15.847,5099,0.0,0.6,16.0,46595.0
West,16077,ID,Power County,15.321,2150,0.0,0.0,16.0,45933.0
West,16079,ID,Shoshone County,12.822,4176,0.0,0.2824858757062147,19.0,39285.0
West,16081,ID,Teton County,39.965,2348,0.0,0.21645021645021645,10.0,60745.0
West,16083,ID,Twin Falls County,18.145,30292,0.267397332629077,0.23219814241486067,15.0,49415.0
West,16085,ID,Valley County,30.974,3296,0.39441747572815533,0.6745362563237775,10.0,58738.0
West,16087,ID,Washington County,15.429,1892,0.0,0.0,15.0,41647.0
Midwest,17001,IL,Adams County,22.6,30925,0.19725141471301536,0.16648168701442842,13.0,51130.0
Midwest,17003,IL,Alexander County,8.985,1047,0.0,0.0,29.0,33344.0
Midwest,17005,IL,Bond County,18.264,3743,0.0,0.0,14.0,53631.0
Midwest,17007,IL,Boone County,21.51,15589,0.06414779652318943,0.35377358490566035,10.0,62081.0
Midwest,17009,IL,Brown County,14.3,3487,0.0,0.9433962264150944,17.0,51826.0
Midwest,17011,IL,Bureau County,18.805,9992,0.1301040832666133,0.26881720430107525,12.0,53410.0
Midwest,17013,IL,Calhoun County,15.042,541,0.0,1.1494252873563218,12.0,50952.0
Midwest,17015,IL,Carroll County,16.359,3648,0.0,0.7575757575757576,13.0,50330.0
Midwest,17017,IL,Cass County,13.831,4788,0.0,0.0,14.0,47511.0
Midwest,17019,IL,Champaign County,43.927,69416,2.62043332949176,0.9578544061302682,19.0,51032.0
Midwest,17021,IL,Christian County,15.079,8282,0.0,0.0,13.0,49324.0
Midwest,17023,IL,Clark County,16.474,3979,0.0,0.0,12.0,49937.0
Midwest,17025,IL,Clay County,14.798,4763,0.0,0.26737967914438504,16.0,43478.0
Midwest,17027,IL,Clinton County,21.158,9055,0.1435670900055218,0.2306805074971165,9.0,61013.0
Midwest,17029,IL,Coles County,25.325,18865,0.031804929764113435,0.16835016835016836,19.0,42066.0
Midwest,17031,IL,Cook County,36.471,2401662,3.2217272871869564,0.7510326699211416,15.0,60025.0
Midwest,17033,IL,Crawford County,17.181,6949,0.0,0.47961630695443647,14.0,46374.0
Midwest,17035,IL,Cumberland County,14.77,2086,0.0,0.0,12.0,49733.0
Midwest,17037,IL,DeKalb County,30.826,27297,0.34802359233615415,0.3065917220235054,16.0,59586.0
Midwest,17039,IL,De Witt County,20.404,4683,0.0,0.26737967914438504,11.0,54926.0
Midwest,17041,IL,Douglas County,19.109,6620,0.0,0.5093378607809848,10.0,55891.0
Midwest,17043,IL,DuPage County,47.312,598889,4.222819253651345,0.9106448190498644,7.0,84999.0
Midwest,17045,IL,Edgar County,18.029,6651,0.0,0.2801120448179272,14.0,47062.0
Midwest,17047,IL,Edwards County,12.014,2042,0.0,0.0,11.0,48884.0
Midwest,17049,IL,Effingham County,22.48,24806,0.09271950334596468,0.6562756357670222,11.0,51809.0
Midwest,17051,IL,Fayette County,13.567,4394,0.0,0.0,15.0,46290.0
Midwest,17053,IL,Ford County,17.382,4184,0.0,0.5617977528089888,11.0,51861.0
Midwest,17055,IL,Franklin County,15.272,6377,0.18817625842872823,0.1388888888888889,22.0,40246.0
Midwest,17057,IL,Fulton County,16.435,6325,0.0,0.0,15.0,49503.0
Midwest,17059,IL,Gallatin County,11.513,715,0.0,0.0,21.0,39634.0
Midwest,17061,IL,Greene County,11.161,1760,0.0,0.0,15.0,44378.0
Midwest,17063,IL,Grundy County,21.773,17171,0.3261312678353037,0.4444444444444444,8.0,71969.0
Midwest,17065,IL,Hamilton County,15.73,1539,0.0,0.0,14.0,47855.0
Midwest,17067,IL,Hancock County,19.599,2767,0.0,0.0,12.0,51721.0
Midwest,17069,IL,Hardin County,11.321,783,0.0,0.0,22.0,39143.0
Midwest,17071,IL,Henderson County,13.27,663,0.0,0.0,12.0,47792.0
Midwest,17073,IL,Henry County,21.271,13631,0.14672437825544715,0.1885014137606032,12.0,55287.0
Midwest,17075,IL,Iroquois County,14.618,6167,0.0,0.0,13.0,47589.0
Midwest,17077,IL,Jackson County,35.905,16827,0.8617103464669876,0.22988505747126436,23.0,34982.0
Midwest,17079,IL,Jasper County,18.265,1687,0.0,0.45662100456621,11.0,51120.0
Midwest,17081,IL,Jefferson County,16.43,18779,0.11715213802651898,0.1019367991845056,16.0,45746.0
Midwest,17083,IL,Jersey County,18.38,4538,0.0,0.2358490566037736,11.0,57243.0
Midwest,17085,IL,Jo Daviess County,24.102,6654,0.13525698827772767,0.0,10.0,54169.0
Midwest,17087,IL,Johnson County,16.668,1272,0.0,0.0,14.0,48359.0
Midwest,17089,IL,Kane County,32.104,182018,0.9845180147018426,0.6464327946393378,11.0,73684.0
Midwest,17091,IL,Kankakee County,18.958,36552,0.15320639089516305,0.12903225806451613,14.0,54624.0
Midwest,17093,IL,Kendall County,34.272,23941,1.1319493755482226,0.9731232622798888,5.0,91952.0
Midwest,17095,IL,Knox County,18.07,15988,0.02501876407305479,0.3872216844143272,17.0,43277.0
Midwest,17097,IL,Lake County,43.696,323110,4.487326297545727,0.9133572185497301,9.0,83344.0
Midwest,17099,IL,La Salle County,16.963,38539,0.1375230286203586,0.26525198938992045,13.0,56543.0
Midwest,17101,IL,Lawrence County,10.148,3399,0.0,0.0,19.0,44774.0
Midwest,17103,IL,Lee County,17.711,10693,0.0,0.0,13.0,55563.0
Midwest,17105,IL,Livingston County,15.212,11139,0.0,0.34522439585730724,14.0,54339.0
Midwest,17107,IL,Logan County,18.375,7449,0.0,0.0,14.0,53052.0
Midwest,17109,IL,McDonough County,33.543,9024,0.0,0.4437869822485207,20.0,44460.0
Midwest,17111,IL,McHenry County,33.247,87782,1.1426032671846165,0.7633587786259542,7.0,81570.0
Midwest,17113,IL,McLean County,44.53,76992,0.844243557772236,0.36282444878593356,13.0,64271.0
Midwest,17115,IL,Macon County,22.806,45380,0.08814455707360071,0.1638672675133142,17.0,47786.0
Midwest,17117,IL,Macoupin County,18.248,8329,0.1320686757113699,0.34843205574912894,13.0,52483.0
Midwest,17119,IL,Madison County,25.664,86608,0.3625531128764086,0.38082049506664356,13.0,56297.0
Midwest,17121,IL,Marion County,15.029,11333,0.0,0.0,16.0,45698.0
Midwest,17123,IL,Marshall County,16.134,2732,0.0,0.3787878787878788,10.0,54807.0
Midwest,17125,IL,Mason County,14.306,2276,0.0,0.0,15.0,46962.0
Midwest,17127,IL,Massac County,13.331,3566,0.0,0.0,21.0,42833.0
Midwest,17129,IL,Menard County,23.922,1351,0.0,0.0,10.0,62966.0
Midwest,17131,IL,Mercer County,17.528,2185,0.0,1.0909090909090908,10.0,56661.0
Midwest,17133,IL,Monroe County,29.781,8429,0.2965950883853363,0.7662835249042146,5.0,83139.0
Midwest,17135,IL,Montgomery County,13.87,7015,0.0,0.28735632183908044,16.0,46997.0
Midwest,17137,IL,Morgan County,20.637,13066,0.0,0.12004801920768307,16.0,48600.0
Midwest,17139,IL,Moultrie County,17.057,4809,1.1021002287377832,0.9433962264150944,10.0,57447.0
Midwest,17141,IL,Ogle County,19.838,13243,0.060409272823378386,0.5725190839694656,10.0,58812.0
Midwest,17143,IL,Peoria County,29.798,103943,0.6984597327381353,0.3839205058717254,15.0,52380.0
Midwest,17145,IL,Perry County,13.381,4093,0.0,0.24813895781637718,16.0,48423.0
Midwest,17147,IL,Piatt County,29.864,2356,0.933786078098472,0.9202453987730062,7.0,65797.0
Midwest,17149,IL,Pike County,15.347,3089,0.0,0.2770083102493075,16.0,41671.0
Midwest,17151,IL,Pope County,13.742,236,0.0,0.0,18.0,42917.0
Midwest,17153,IL,Pulaski County,11.032,599,0.0,0.0,21.0,35875.0
Midwest,17155,IL,Putnam County,14.398,1195,0.0,0.0,8.0,65902.0
Midwest,17157,IL,Randolph County,12.995,10912,0.0,0.14771048744460857,14.0,50681.0
Midwest,17159,IL,Richland County,20.586,5391,0.0,0.43956043956043955,14.0,46497.0
Midwest,17161,IL,Rock Island County,22.041,62287,1.772440477146114,0.3827751196172249,16.0,50952.0
Midwest,17163,IL,St. Clair County,26.145,78081,2.8585699465939216,0.4751948298802509,15.0,50598.0
Midwest,17165,IL,Saline County,15.981,6853,0.0,0.0,20.0,40690.0
Midwest,17167,IL,Sangamon County,34.32,86003,0.8708998523307326,0.5232441135037231,14.0,55090.0
Midwest,17169,IL,Schuyler County,18.893,1032,0.0,0.0,12.0,49566.0
Midwest,17171,IL,Scott County,12.095,595,0.0,1.2987012987012987,12.0,52386.0
Midwest,17173,IL,Shelby County,15.192,4137,0.0,0.24390243902439024,12.0,51069.0
Midwest,17175,IL,Stark County,16.722,1009,0.0,0.0,12.0,56414.0
Midwest,17177,IL,Stephenson County,17.863,14405,0.11801457827143352,0.3766478342749529,15.0,45863.0
Midwest,17179,IL,Tazewell County,25.011,41897,0.43678545003222186,0.2850017812611329,9.0,60590.0
Midwest,17181,IL,Union County,21.295,3652,0.0,0.0,17.0,45476.0
Midwest,17183,IL,Vermilion County,13.96,24530,0.08968609865470852,0.3543586109142452,20.0,45247.0
Midwest,17185,IL,Wabash County,17.177,2742,0.0,0.38022813688212925,14.0,50195.0
Midwest,17187,IL,Warren County,21.937,5868,0.0,0.27472527472527475,14.0,48346.0
Midwest,17189,IL,Washington County,20.874,5644,0.0,0.0,9.0,58587.0
Midwest,17191,IL,Wayne County,13.977,3191,0.0,0.26595744680851063,14.0,45583.0
Midwest,17193,IL,White County,13.725,3487,0.0,0.0,16.0,44874.0
Midwest,17195,IL,Whiteside County,17.268,17410,0.0861573808156232,0.08210180623973727,12.0,51567.0
Midwest,17197,IL,Will County,33.455,214642,1.7275276972819857,0.6770344550207803,7.0,81640.0
Midwest,17199,IL,Williamson County,22.075,24099,0.09129009502468982,0.06146281499692686,16.0,48112.0
Midwest,17201,IL,Winnebago County,22.409,118132,0.8456641722818542,0.4501707544240919,16.0,50296.0
Midwest,17203,IL,Woodford County,30.442,8726,0.343800137520055,0.6418485237483954,7.0,73055.0
Midwest,18001,IN,Adams County,15.61,11641,0.5326002920711279,0.5532503457814661,15.0,51517.0
Midwest,18003,IN,Allen County,27.37,174046,0.7549728232766051,0.4928806133625411,15.0,51329.0
Midwest,18005,IN,Bartholomew County,29.676,47791,0.9353225502709716,0.4359673024523161,12.0,59765.0
Midwest,18007,IN,Benton County,17.061,1436,0.0,0.5747126436781609,12.0,47218.0
Midwest,18009,IN,Blackford County,10.966,2740,0.0,0.4219409282700422,13.0,42588.0
Midwest,18011,IN,Boone County,44.515,21101,0.6445192170987157,0.6868131868131868,7.0,80634.0
Midwest,18013,IN,Brown County,23.474,2170,1.2442396313364055,0.2857142857142857,11.0,56323.0
Midwest,18015,IN,Carroll County,17.426,4491,0.0,0.0,10.0,55708.0
Midwest,18017,IN,Cass County,13.95,13790,0.07976794778825236,0.0,13.0,46287.0
Midwest,18019,IN,Clark County,20.199,48514,0.8884033474873232,0.49261083743842365,11.0,51837.0
Midwest,18021,IN,Clay County,16.928,6101,0.06556302245533518,0.4175365344467641,14.0,50185.0
Midwest,18023,IN,Clinton County,14.89,9860,0.0,0.16666666666666666,14.0,53862.0
Midwest,18025,IN,Crawford County,9.794,1425,0.0,0.7633587786259542,17.0,46210.0
Midwest,18027,IN,Daviess County,14.005,10480,0.2385496183206107,0.11148272017837235,14.0,49237.0
Midwest,18029,IN,Dearborn County,19.964,13047,0.08431056947957385,0.4362050163576881,8.0,63876.0
Midwest,18031,IN,Decatur County,18.179,11270,0.026619343389529725,0.0,12.0,51999.0
Midwest,18033,IN,DeKalb County,17.369,20056,0.1994415636218588,0.1023541453428864,9.0,52599.0
Midwest,18035,IN,Delaware County,23.285,42283,1.0311472695882506,0.4106776180698152,22.0,41404.0
Midwest,18037,IN,Dubois County,19.729,27593,0.018120537817562427,0.23400936037441497,7.0,62852.0
Midwest,18039,IN,Elkhart County,18.269,126911,0.34275988684983966,0.4942339373970346,13.0,54582.0
Midwest,18041,IN,Fayette County,10.678,5981,0.0,0.2222222222222222,18.0,44673.0
Midwest,18043,IN,Floyd County,26.928,26798,0.8022986790058959,0.5611672278338945,10.0,58703.0
Midwest,18045,IN,Fountain County,14.461,3635,0.0,0.0,13.0,43571.0
Midwest,18047,IN,Franklin County,19.147,4041,0.0989853996535511,0.0,11.0,57674.0
Midwest,18049,IN,Fulton County,13.72,4982,0.0,0.22123893805309736,13.0,46662.0
Midwest,18051,IN,Gibson County,15.631,18384,0.10879025239338555,0.5610098176718092,11.0,54690.0
Midwest,18053,IN,Grant County,16.725,28800,0.2743055555555556,0.54858934169279,20.0,40177.0
Midwest,18055,IN,Greene County,14.347,4709,0.0,0.3546099290780142,16.0,46019.0
Midwest,18057,IN,Hamilton County,56.281,134127,5.007940235746718,1.0743992606284658,5.0,92406.0
Midwest,18059,IN,Hancock County,28.982,19402,0.45871559633027525,0.5689900426742532,7.0,70655.0
Midwest,18061,IN,Harrison County,16.903,8849,0.0,0.44642857142857145,10.0,57573.0
Midwest,18063,IN,Hendricks County,34.691,56335,0.9088488506257212,0.6560449859418932,6.0,78464.0
Midwest,18065,IN,Henry County,15.733,11228,0.13359458496615603,0.4830917874396135,16.0,45356.0
Midwest,18067,IN,Howard County,19.549,32760,0.1343101343101343,0.11261261261261261,15.0,49204.0
Midwest,18069,IN,Huntington County,18.866,13280,0.2033132530120482,0.4618937644341801,11.0,50138.0
Midwest,18071,IN,Jackson County,16.169,20635,0.0726920281075842,0.0,13.0,51871.0
Midwest,18073,IN,Jasper County,16.542,9675,0.0,0.13315579227696406,9.0,56034.0
Midwest,18075,IN,Jay County,10.89,6073,0.0,0.0,14.0,46949.0
Midwest,18077,IN,Jefferson County,17.044,11853,0.04218341348181895,0.30257186081694404,13.0,51534.0
Midwest,18079,IN,Jennings County,9.637,6382,0.2977123158884362,0.0,13.0,50425.0
Midwest,18081,IN,Johnson County,29.501,47132,0.6386319273529661,0.48465266558966075,8.0,67215.0
Midwest,18083,IN,Knox County,15.236,14079,0.0,0.11325028312570781,17.0,43897.0
Midwest,18085,IN,Kosciusko County,21.225,36780,0.35889070146818924,0.5641025641025641,10.0,56010.0
Midwest,18087,IN,LaGrange County,11.196,12933,0.0,0.12150668286755771,10.0,60402.0
Midwest,18089,IN,Lake County,20.888,162949,0.24854402297651412,0.2513826043237808,17.0,53600.0
Midwest,18091,IN,LaPorte County,17.587,35365,0.09896790612187191,0.2178649237472767,16.0,52763.0
Midwest,18093,IN,Lawrence County,14.343,11460,0.13961605584642234,0.4489337822671156,14.0,47997.0
Midwest,18095,IN,Madison County,17.393,35987,0.3056659349209437,0.4418912947414936,18.0,45853.0
Midwest,18097,IN,Marion County,29.021,523410,3.5740623985021305,0.7139784946236559,19.0,45300.0
Midwest,18099,IN,Marshall County,18.531,17556,0.26201868307131465,0.8604206500956023,12.0,53767.0
Midwest,18101,IN,Martin County,11.376,2182,8.845096241979835,0.0,12.0,51008.0
Midwest,18103,IN,Miami County,11.935,6768,0.3546099290780142,0.5199306759098787,16.0,47650.0
Midwest,18105,IN,Monroe County,45.144,50774,1.10883523062985,0.6921555702043507,24.0,44442.0
Midwest,18107,IN,Montgomery County,16.75,13128,0.04570383912248629,0.0,11.0,51527.0
Midwest,18109,IN,Morgan County,15.53,12268,0.27714378871861756,0.4208754208754209,11.0,60482.0
Midwest,18111,IN,Newton County,10.544,2419,0.0,0.0,12.0,51183.0
Midwest,18113,IN,Noble County,14.146,16454,0.0,0.11682242990654206,11.0,52318.0
Midwest,18115,IN,Ohio County,13.846,1027,0.0,0.0,10.0,54422.0
Midwest,18117,IN,Orange County,11.907,6244,0.0,0.26109660574412535,16.0,41077.0
Midwest,18119,IN,Owen County,12.009,3047,0.3938299967180834,0.0,14.0,46069.0
Midwest,18121,IN,Parke County,11.785,2371,0.0,0.0,16.0,47599.0
Midwest,18123,IN,Perry County,13.426,5882,0.0,0.0,15.0,48905.0
Midwest,18125,IN,Pike County,12.611,2178,0.0,0.5076142131979695,11.0,49578.0
Midwest,18127,IN,Porter County,26.126,54602,0.4450386432731402,0.623229461756374,8.0,67302.0
Midwest,18129,IN,Posey County,20.562,8994,0.0,0.0,9.0,61619.0
Midwest,18131,IN,Pulaski County,10.67,3492,0.0,0.32786885245901637,12.0,47243.0
Midwest,18133,IN,Putnam County,15.034,11763,0.2635382130408909,0.4297994269340974,13.0,50896.0
Midwest,18135,IN,Randolph County,13.07,5898,0.0,0.21321961620469082,15.0,46750.0
Midwest,18137,IN,Ripley County,17.441,10619,0.0,0.15748031496062992,12.0,55129.0
Midwest,18139,IN,Rush County,14.028,3423,0.0,0.2777777777777778,14.0,50412.0
Midwest,18141,IN,St. Joseph County,28.245,119879,0.8575313441053062,0.448121337469838,16.0,48960.0
Midwest,18143,IN,Scott County,12.988,6431,0.0,0.0,16.0,47738.0
Midwest,18145,IN,Shelby County,16.634,16479,0.03034164694459615,0.32362459546925565,12.0,53019.0
Midwest,18147,IN,Spencer County,15.325,4987,0.0,0.0,9.0,58217.0
Midwest,18149,IN,Starke County,11.61,2933,0.0,0.33557046979865773,16.0,46602.0
Midwest,18151,IN,Steuben County,19.945,14380,0.15299026425591097,0.4166666666666667,11.0,54071.0
Midwest,18153,IN,Sullivan County,12.66,4125,0.0,0.0,14.0,46706.0
Midwest,18155,IN,Switzerland County,8.274,1570,0.0,0.0,17.0,45337.0
Midwest,18157,IN,Tippecanoe County,35.277,66250,1.21811320754717,0.33613445378151263,18.0,51385.0
Midwest,18159,IN,Tipton County,21.06,3423,0.0,0.3257328990228013,9.0,60756.0
Midwest,18161,IN,Union County,18.556,930,0.0,0.0,13.0,46862.0
Midwest,18163,IN,Vanderburgh County,24.902,102062,1.0248672375614822,0.36036036036036034,17.0,46750.0
Midwest,18165,IN,Vermillion County,12.983,3192,0.0,0.0,13.0,51425.0
Midwest,18167,IN,Vigo County,23.176,43791,0.27631248430042704,0.24271844660194175,18.0,43560.0
Midwest,18169,IN,Wabash County,18.297,11072,0.28901734104046245,0.1375515818431912,12.0,51561.0
Midwest,18171,IN,Warren County,19.567,1394,0.0,0.0,9.0,55466.0
Midwest,18173,IN,Warrick County,28.0,14296,0.35674314493564635,0.44130626654898497,8.0,65809.0
Midwest,18175,IN,Washington County,12.707,4809,0.0,0.2178649237472767,14.0,48939.0
Midwest,18177,IN,Wayne County,17.135,25068,0.21940322323280675,0.20394289598912305,17.0,42983.0
Midwest,18179,IN,Wells County,17.395,10584,0.25510204081632654,0.1607717041800643,10.0,56054.0
Midwest,18181,IN,White County,15.685,7321,0.0,0.0,11.0,47439.0
Midwest,18183,IN,Whitley County,18.289,10891,0.10100082637039758,0.1488095238095238,9.0,54873.0
Midwest,19001,IA,Adair County,16.569,1795,0.0,0.0,11.0,53416.0
Midwest,19003,IA,Adams County,16.703,1073,0.0,0.9433962264150944,12.0,46939.0
Midwest,19005,IA,Allamakee County,17.029,4034,0.0,0.49627791563275436,13.0,49439.0
Midwest,19007,IA,Appanoose County,18.123,3832,0.0,0.0,19.0,39124.0
Midwest,19009,IA,Audubon County,13.142,1205,0.0,0.0,11.0,49560.0
Midwest,19011,IA,Benton County,21.753,4496,0.08896797153024912,0.17889087656529518,8.0,63069.0
Midwest,19013,IA,Black Hawk County,26.982,68598,0.6064316743928394,0.40765130134838506,16.0,50887.0
Midwest,19015,IA,Boone County,22.443,7070,0.056577086280056574,0.35335689045936397,9.0,60421.0
Midwest,19017,IA,Bremer County,27.853,9419,0.0,0.32894736842105265,7.0,65733.0
Midwest,19019,IA,Buchanan County,17.999,5395,0.0,0.819672131147541,10.0,57228.0
Midwest,19021,IA,Buena Vista County,18.698,8898,0.0,0.0,12.0,52344.0
Midwest,19023,IA,Butler County,15.67,2402,0.0,0.0,10.0,54970.0
Midwest,19025,IA,Calhoun County,18.375,2234,0.0,0.0,12.0,50767.0
Midwest,19027,IA,Carroll County,21.427,10527,0.0,0.3468208092485549,9.0,56292.0
Midwest,19029,IA,Cass County,19.831,4779,0.0,0.2109704641350211,13.0,47897.0
Midwest,19031,IA,Cedar County,22.047,4449,0.0,0.43103448275862066,7.0,63672.0
Midwest,19033,IA,Cerro Gordo County,21.859,20403,1.0243591628682056,0.28188865398167723,12.0,53109.0
Midwest,19035,IA,Cherokee County,19.163,3836,0.0,0.0,11.0,53534.0
Midwest,19037,IA,Chickasaw County,14.481,3887,0.0,0.24390243902439024,11.0,49197.0
Midwest,19039,IA,Clarke County,15.395,3385,0.0,0.0,12.0,47753.0
Midwest,19041,IA,Clay County,20.865,7252,0.26199669056811914,0.4975124378109453,9.0,53549.0
Midwest,19043,IA,Clayton County,15.309,5341,0.0,0.1893939393939394,10.0,53809.0
Midwest,19045,IA,Clinton County,19.369,19102,0.0,0.44052863436123346,14.0,49850.0
Midwest,19047,IA,Crawford County,11.653,6375,0.0,0.46403712296983757,14.0,51473.0
Midwest,19049,IA,Dallas County,47.419,38713,0.4778756490067936,0.4610655737704918,5.0,82123.0
Midwest,19051,IA,Davis County,16.558,1482,0.0,0.0,13.0,49636.0
Midwest,19053,IA,Decatur County,20.108,1742,0.0,0.7518796992481203,20.0,36808.0
Midwest,19055,IA,Delaware County,15.057,6355,0.0,0.0,10.0,56747.0
Midwest,19057,IA,Des Moines County,19.567,20428,0.0,0.0,16.0,48991.0
Midwest,19059,IA,Dickinson County,29.024,7656,0.0,0.1287001287001287,8.0,58019.0
Midwest,19061,IA,Dubuque County,29.202,55171,2.2239944898588027,0.5799202609641174,11.0,59403.0
Midwest,19063,IA,Emmet County,17.479,3275,0.0,0.0,11.0,48035.0
Midwest,19065,IA,Fayette County,19.578,6323,0.0,0.17953321364452424,13.0,52192.0
Midwest,19067,IA,Floyd County,19.654,4574,0.0,0.23923444976076555,13.0,49771.0
Midwest,19069,IA,Franklin County,16.745,3253,0.0,0.0,12.0,52860.0
Midwest,19071,IA,Fremont County,21.441,1923,0.0,0.5405405405405406,12.0,53861.0
Midwest,19073,IA,Greene County,17.971,3123,0.0,0.36496350364963503,11.0,48769.0
Midwest,19075,IA,Grundy County,25.136,3265,0.0,1.0067114093959733,6.0,64146.0
Midwest,19077,IA,Guthrie County,20.544,2520,0.0,0.3184713375796178,10.0,55531.0
Midwest,19079,IA,Hamilton County,22.016,4519,0.0,0.0,9.0,58920.0
Midwest,19081,IA,Hancock County,19.933,3605,0.0,0.0,9.0,57222.0
Midwest,19083,IA,Hardin County,20.39,5616,0.0,0.1757469244288225,11.0,50616.0
Midwest,19085,IA,Harrison County,17.439,3295,0.0,0.0,11.0,55325.0
Midwest,19087,IA,Henry County,18.842,8712,0.0,0.19569471624266144,12.0,50684.0
Midwest,19089,IA,Howard County,13.219,3057,0.0,0.3816793893129771,10.0,49916.0
Midwest,19091,IA,Humboldt County,19.86,3528,0.0,0.32051282051282054,10.0,54315.0
Midwest,19093,IA,Ida County,19.035,3004,0.0,0.0,10.0,53300.0
Midwest,19095,IA,Iowa County,18.633,8337,0.0,0.0,7.0,57771.0
Midwest,19097,IA,Jackson County,16.468,4763,0.0,0.37523452157598497,13.0,49769.0
Midwest,19099,IA,Jasper County,17.909,7866,0.05085176709890669,0.13458950201884254,10.0,53829.0
Midwest,19101,IA,Jefferson County,33.113,7063,2.2936429279343056,2.608695652173913,14.0,46617.0
Midwest,19103,IA,Johnson County,52.432,62217,2.833630679717762,0.7319304666056725,17.0,58904.0
Midwest,19105,IA,Jones County,16.734,4728,0.0,1.408450704225352,11.0,55210.0
Midwest,19107,IA,Keokuk County,17.016,1774,0.0,0.0,12.0,49898.0
Midwest,19109,IA,Kossuth County,19.525,6000,0.0,0.36101083032490977,11.0,55129.0
Midwest,19111,IA,Lee County,14.58,14704,0.0,0.11261261261261261,14.0,49654.0
Midwest,19113,IA,Linn County,32.23,121595,2.396480118425922,0.621913297969636,10.0,64625.0
Midwest,19115,IA,Louisa County,13.318,2914,0.0,0.0,11.0,52271.0
Midwest,19117,IA,Lucas County,16.511,3159,0.0,0.0,15.0,55871.0
Midwest,19119,IA,Lyon County,21.269,3497,0.0,0.2564102564102564,7.0,62496.0
Midwest,19121,IA,Madison County,22.456,2778,0.4679625629949604,1.3368983957219251,8.0,64776.0
Midwest,19123,IA,Mahaska County,23.904,6560,0.0,0.36496350364963503,12.0,51839.0
Midwest,19125,IA,Marion County,25.437,16080,0.44776119402985076,0.36900369003690037,9.0,61098.0
Midwest,19127,IA,Marshall County,19.529,14097,0.0,0.37359900373599003,12.0,53645.0
Midwest,19129,IA,Mills County,23.914,2194,0.0,0.0,9.0,75550.0
Midwest,19131,IA,Mitchell County,15.651,3165,0.0,0.6389776357827476,10.0,55129.0
Midwest,19133,IA,Monona County,16.616,2182,0.0,0.43103448275862066,13.0,47371.0
Midwest,19135,IA,Monroe County,15.366,2408,0.0,0.0,13.0,49402.0
Midwest,19137,IA,Montgomery County,15.524,3388,0.0,0.3367003367003367,13.0,47197.0
Midwest,19139,IA,Muscatine County,20.486,20936,0.5301872372946121,0.5324813631522897,11.0,57583.0
Midwest,19141,IA,O'Brien County,19.994,5311,0.0,0.19646365422396855,10.0,50607.0
Midwest,19143,IA,Osceola County,16.609,1759,0.0,0.0,11.0,55375.0
Midwest,19145,IA,Page County,21.882,5625,0.3022222222222222,0.24752475247524752,15.0,49507.0
Midwest,19147,IA,Palo Alto County,22.074,2877,0.0,0.0,10.0,50642.0
Midwest,19149,IA,Plymouth County,19.527,10095,0.0,0.1402524544179523,8.0,66070.0
Midwest,19151,IA,Pocahontas County,16.904,1900,0.0,1.3761467889908257,12.0,51260.0
Midwest,19153,IA,Polk County,35.569,262039,2.282103045729834,0.7037242033683878,11.0,64169.0
Midwest,19155,IA,Pottawattamie County,20.658,31656,0.15794794035885773,0.2541942043721403,10.0,55442.0
Midwest,19157,IA,Poweshiek County,22.869,9279,0.0,0.18796992481203006,11.0,52408.0
Midwest,19159,IA,Ringgold County,19.348,1073,0.0,0.0,14.0,47638.0
Midwest,19161,IA,Sac County,19.342,2296,0.0,0.3105590062111801,12.0,54660.0
Midwest,19163,IA,Scott County,31.916,81853,0.855191624008894,0.31803725579282144,13.0,56208.0
Midwest,19165,IA,Shelby County,21.088,5362,0.0,0.25906735751295334,9.0,59121.0
Midwest,19167,IA,Sioux County,26.877,18760,0.22921108742004265,0.23400936037441497,7.0,66605.0
Midwest,19169,IA,Story County,50.252,32670,4.450566268748087,0.9852216748768473,19.0,55561.0
Midwest,19171,IA,Tama County,16.313,4355,0.0,0.30959752321981426,12.0,50468.0
Midwest,19173,IA,Taylor County,13.621,1672,0.0,0.0,12.0,50695.0
Midwest,19175,IA,Union County,16.397,5286,0.0,0.29850746268656714,13.0,47422.0
Midwest,19177,IA,Van Buren County,12.727,1518,0.0,0.0,15.0,44875.0
Midwest,19179,IA,Wapello County,17.62,14577,0.0,0.0,17.0,41312.0
Midwest,19181,IA,Warren County,28.848,8573,0.41992301411407906,0.0,7.0,74031.0
Midwest,19183,IA,Washington County,20.897,6845,0.10226442658875091,0.0,10.0,57315.0
Midwest,19185,IA,Wayne County,13.053,1380,0.0,0.0,18.0,41118.0
Midwest,19187,IA,Webster County,20.61,16402,0.0,0.39564787339268054,14.0,48013.0
Midwest,19189,IA,Winnebago County,21.555,6680,0.0,1.1940298507462686,11.0,52953.0
Midwest,19191,IA,Winneshiek County,27.581,9579,0.052197515398267044,0.4854368932038835,9.0,62115.0
Midwest,19193,IA,Woodbury County,21.681,46184,0.06279230902477048,0.3373313343328336,13.0,51877.0
Midwest,19195,IA,Worth County,15.275,1853,0.0,0.5681818181818182,9.0,54628.0
Midwest,19197,IA,Wright County,16.994,4192,0.0,0.2597402597402597,13.0,47815.0
Midwest,20001,KS,Allen County,18.322,4410,0.0,0.2617801047120419,16.0,41950.0
Midwest,20003,KS,Anderson County,19.171,1533,0.0,0.0,13.0,49215.0
Midwest,20005,KS,Atchison County,19.907,5451,0.0,0.5698005698005698,16.0,49826.0
Midwest,20007,KS,Barber County,18.697,1352,0.0,0.0,12.0,47540.0
Midwest,20009,KS,Barton County,16.702,10236,0.0,0.20964360587002095,14.0,47194.0
Midwest,20011,KS,Bourbon County,21.732,4851,0.0,0.8670520231213873,17.0,44424.0
Midwest,20013,KS,Brown County,20.075,3436,0.0,0.0,13.0,43960.0
Midwest,20015,KS,Butler County,28.605,13557,0.09589142140591576,0.2247191011235955,9.0,60836.0
Midwest,20017,KS,Chase County,24.266,529,0.0,0.0,11.0,44940.0
Midwest,20019,KS,Chautauqua County,18.283,439,0.0,0.0,18.0,40859.0
Midwest,20021,KS,Cherokee County,18.473,5294,0.0,0.3076923076923077,16.0,41140.0
Midwest,20023,KS,Cheyenne County,24.563,573,0.0,0.0,11.0,42649.0
Midwest,20025,KS,Clark County,28.754,477,0.0,0.0,12.0,51280.0
Midwest,20027,KS,Clay County,25.017,2251,0.0,1.1235955056179776,10.0,50291.0
Midwest,20029,KS,Cloud County,20.248,2885,0.0,0.32786885245901637,13.0,42431.0
Midwest,20031,KS,Coffey County,21.14,3007,0.0,0.41841004184100417,10.0,57224.0
Midwest,20033,KS,Comanche County,20.09,454,0.0,0.0,12.0,44898.0
Midwest,20035,KS,Cowley County,19.367,11113,0.2069648159812832,0.13404825737265416,14.0,45907.0
Midwest,20037,KS,Crawford County,28.354,14099,0.1844102418611249,0.1079913606911447,22.0,39521.0
Midwest,20039,KS,Decatur County,26.165,593,0.0,0.0,15.0,41095.0
Midwest,20041,KS,Dickinson County,19.477,4997,0.3402041224734841,0.8948545861297539,11.0,50268.0
Midwest,20043,KS,Doniphan County,16.88,1570,0.0,0.0,14.0,47320.0
Midwest,20045,KS,Douglas County,49.7,40244,8.806281681741378,0.9583486914854404,16.0,55446.0
Midwest,20047,KS,Edwards County,18.225,609,0.0,0.0,11.0,46825.0
Midwest,20049,KS,Elk County,16.781,334,0.0,0.0,18.0,40227.0
Midwest,20051,KS,Ellis County,34.135,12597,0.46836548384536003,0.35938903863432164,12.0,52265.0
Midwest,20053,KS,Ellsworth County,19.693,1964,0.0,0.0,10.0,50403.0
Midwest,20055,KS,Finney County,18.543,14921,0.0,0.10090817356205853,14.0,51812.0
Midwest,20057,KS,Ford County,17.805,14013,0.0,0.129366106080207,13.0,47175.0
Midwest,20059,KS,Franklin County,19.919,8547,0.0,0.34782608695652173,12.0,50155.0
Midwest,20061,KS,Geary County,20.438,8531,2.485054507091783,0.0,12.0,46326.0
Midwest,20063,KS,Gove County,22.44,970,0.0,0.0,10.0,51445.0
Midwest,20065,KS,Graham County,25.451,623,0.0,0.0,12.0,42224.0
Midwest,20067,KS,Grant County,15.185,2318,0.0,0.0,12.0,58620.0
Midwest,20069,KS,Gray County,19.188,1355,0.0,0.8928571428571429,8.0,64274.0
Midwest,20071,KS,Greeley County,29.587,320,0.0,0.0,12.0,47620.0
Midwest,20073,KS,Greenwood County,17.664,1077,0.0,0.0,15.0,40518.0
Midwest,20075,KS,Hamilton County,16.284,586,0.0,0.0,14.0,49932.0
Midwest,20077,KS,Harper County,19.684,1847,0.0,0.0,15.0,42023.0
Midwest,20079,KS,Harvey County,27.679,13173,0.0,0.2631578947368421,11.0,56848.0
Midwest,20081,KS,Haskell County,17.661,745,0.0,0.0,10.0,50514.0
Midwest,20083,KS,Hodgeman County,25.723,259,0.0,0.0,10.0,51244.0
Midwest,20085,KS,Jackson County,20.432,3224,0.0,0.0,9.0,57869.0
Midwest,20087,KS,Jefferson County,20.57,2340,0.0,0.32679738562091504,10.0,62285.0
Midwest,20089,KS,Jewell County,15.306,494,0.0,0.0,13.0,40940.0
Midwest,20091,KS,Johnson County,53.581,320408,4.040785498489426,0.9354694151915752,6.0,80872.0
Midwest,20093,KS,Kearny County,14.257,668,0.0,0.0,12.0,59254.0
Midwest,20095,KS,Kingman County,23.474,1718,0.0,0.0,11.0,59721.0
Midwest,20097,KS,Kiowa County,27.328,800,0.0,0.0,13.0,42976.0
Midwest,20099,KS,Labette County,17.999,7317,0.0,0.22026431718061673,21.0,41103.0
Midwest,20101,KS,Lane County,21.264,336,0.0,1.5384615384615385,10.0,56677.0
Midwest,20103,KS,Leavenworth County,30.055,14111,4.259088654241372,0.5723630417007359,9.0,67558.0
Midwest,20105,KS,Lincoln County,19.211,509,0.0,0.0,12.0,42092.0
Midwest,20107,KS,Linn County,15.986,1337,0.0,0.5025125628140703,17.0,44391.0
Midwest,20109,KS,Logan County,18.339,724,0.0,0.0,10.0,48453.0
Midwest,20111,KS,Lyon County,26.671,11585,0.19853258523953388,0.4807692307692308,16.0,43600.0
Midwest,20113,KS,McPherson County,28.327,13669,0.0,0.22371364653243847,10.0,56488.0
Midwest,20115,KS,Marion County,22.751,2608,0.0,0.0,11.0,51569.0
Midwest,20117,KS,Marshall County,17.882,4105,0.0,0.273224043715847,10.0,48687.0
Midwest,20119,KS,Meade County,21.992,945,0.0,0.0,11.0,57187.0
Midwest,20121,KS,Miami County,24.704,6718,1.5034236379874963,0.14144271570014144,8.0,67651.0
Midwest,20123,KS,Mitchell County,25.714,2523,0.0,0.0,12.0,49552.0
Midwest,20125,KS,Montgomery County,17.59,12458,0.0,0.3740648379052369,19.0,41281.0
Midwest,20127,KS,Morris County,16.815,1217,0.0,0.0,12.0,48093.0
Midwest,20129,KS,Morton County,14.315,779,0.0,0.0,12.0,49717.0
Midwest,20131,KS,Nemaha County,21.781,5075,0.0,0.26666666666666666,9.0,55324.0
Midwest,20133,KS,Neosho County,18.878,5064,0.0,0.0,16.0,42441.0
Midwest,20135,KS,Ness County,20.145,915,0.0,0.0,11.0,46439.0
Midwest,20137,KS,Norton County,13.795,1784,0.0,0.0,14.0,45845.0
Midwest,20139,KS,Osage County,19.944,1678,0.0,0.0,11.0,54760.0
Midwest,20141,KS,Osborne County,20.986,1087,0.0,0.0,14.0,41967.0
Midwest,20143,KS,Ottawa County,21.482,842,0.0,0.0,11.0,52808.0
Midwest,20145,KS,Pawnee County,22.367,1973,0.0,0.0,15.0,46961.0
Midwest,20147,KS,Phillips County,22.336,1648,0.0,0.0,13.0,49386.0
Midwest,20149,KS,Pottawatomie County,31.995,8699,0.20692033567076676,0.32948929159802304,8.0,64704.0
Midwest,20151,KS,Pratt County,25.458,3452,0.0,0.0,11.0,51419.0
Midwest,20153,KS,Rawlins County,23.87,632,0.0,0.0,12.0,47377.0
Midwest,20155,KS,Reno County,19.189,22381,0.42446718198471917,0.49504950495049505,15.0,46208.0
Midwest,20157,KS,Republic County,20.975,1418,0.0,0.5319148936170213,11.0,43921.0
Midwest,20159,KS,Rice County,22.382,2623,0.0,0.0,13.0,47737.0
Midwest,20161,KS,Riley County,46.023,21283,0.8504440163510784,0.1865671641791045,18.0,49901.0
Midwest,20163,KS,Rooks County,24.262,1477,0.0,0.0,12.0,45268.0
Midwest,20165,KS,Rush County,23.733,1052,0.0,0.0,12.0,45281.0
Midwest,20167,KS,Russell County,24.239,1803,0.0,0.38910505836575876,15.0,43857.0
Midwest,20169,KS,Saline County,23.769,27684,0.07946828492992342,0.46296296296296297,12.0,48748.0
Midwest,20171,KS,Scott County,26.332,1497,0.0,0.0,8.0,60540.0
Midwest,20173,KS,Sedgwick County,30.041,227567,1.133732043749753,0.3947043828632514,15.0,52612.0
Midwest,20175,KS,Seward County,11.573,8792,0.0,0.0,14.0,48648.0
Midwest,20177,KS,Shawnee County,29.251,80123,0.6976773211187799,0.4032258064516129,11.0,55387.0
Midwest,20179,KS,Sheridan County,22.874,674,0.0,0.0,12.0,49860.0
Midwest,20181,KS,Sherman County,19.022,1977,0.0,0.390625,14.0,48456.0
Midwest,20183,KS,Smith County,21.964,873,0.0,0.0,14.0,40006.0
Midwest,20185,KS,Stafford County,21.707,659,0.0,0.0,13.0,46104.0
Midwest,20187,KS,Stanton County,24.806,496,0.0,0.0,11.0,58135.0
Midwest,20189,KS,Stevens County,16.484,2176,0.0,0.0,10.0,57432.0
Midwest,20191,KS,Sumner County,19.431,4328,0.0,0.4158004158004158,14.0,52186.0
Midwest,20193,KS,Thomas County,28.379,2943,0.0,0.29239766081871343,11.0,53816.0
Midwest,20195,KS,Trego County,25.844,888,0.0,0.0,11.0,46756.0
Midwest,20197,KS,Wabaunsee County,23.731,799,0.0,0.7575757575757576,8.0,61502.0
Midwest,20199,KS,Wallace County,24.882,356,0.0,0.0,12.0,47844.0
Midwest,20201,KS,Washington County,18.426,1591,0.0,0.0,11.0,45077.0
Midwest,20203,KS,Wichita County,18.271,461,0.0,0.0,12.0,55336.0
Midwest,20205,KS,Wilson County,15.278,3699,0.0,0.0,16.0,43134.0
Midwest,20207,KS,Woodson County,13.728,467,0.0,0.0,18.0,35417.0
Midwest,20209,KS,Wyandotte County,16.274,70230,0.8586074327210593,0.4099653106275623,19.0,43396.0
South,21001,KY,Adair County,16.49,4138,0.0,0.0,26.0,33925.0
South,21003,KY,Allen County,13.633,3194,0.0,0.40160642570281124,19.0,41368.0
South,21005,KY,Anderson County,18.938,3585,0.0,1.2195121951219512,11.0,57448.0
South,21007,KY,Ballard County,15.262,1419,0.0,0.0,16.0,45074.0
South,21009,KY,Barren County,15.529,14811,0.0,0.3416856492027335,22.0,40274.0
South,21011,KY,Bath County,12.101,1612,0.0,0.0,25.0,36468.0
South,21013,KY,Bell County,9.548,6854,0.0,0.0,39.0,26014.0
South,21015,KY,Boone County,31.061,79697,1.1744482226432613,0.42125729099157483,8.0,72942.0
South,21017,KY,Bourbon County,17.782,5236,0.0,0.5012531328320802,18.0,46231.0
South,21019,KY,Boyd County,19.141,22665,0.2073681888374145,0.2958579881656805,18.0,44569.0
South,21021,KY,Boyle County,23.004,14916,0.0,0.0,17.0,44834.0
South,21023,KY,Bracken County,14.637,911,0.0,0.0,17.0,47182.0
South,21025,KY,Breathitt County,12.201,3055,0.0,0.0,34.0,26659.0
South,21027,KY,Breckinridge County,10.507,2489,0.0,0.0,17.0,43053.0
South,21029,KY,Bullitt County,14.187,19147,0.3342560192197211,0.27149321266968324,10.0,63570.0
South,21031,KY,Butler County,10.395,1892,0.0,0.5434782608695652,18.0,41701.0
South,21033,KY,Caldwell County,15.227,3838,0.0,0.0,20.0,40327.0
South,21035,KY,Calloway County,28.59,14516,0.3788922568200606,0.7290400972053463,21.0,39438.0
South,21037,KY,Campbell County,30.589,24559,0.533409340771204,0.42092603728202044,13.0,61490.0
South,21039,KY,Carlisle County,15.732,656,0.0,0.0,15.0,45362.0
South,21041,KY,Carroll County,12.535,5893,0.0,0.4291845493562232,21.0,47726.0
South,21043,KY,Carter County,13.137,4891,0.0,0.45351473922902497,23.0,37406.0
South,21045,KY,Casey County,12.383,3259,0.0,0.4608294930875576,28.0,29417.0
South,21047,KY,Christian County,16.74,24095,1.4608840008300477,0.07374631268436578,21.0,41081.0
South,21049,KY,Clark County,20.472,12839,0.0,0.2684563758389262,16.0,48474.0
South,21051,KY,Clay County,10.593,2583,0.0,0.44052863436123346,42.0,24901.0
South,21053,KY,Clinton County,10.985,3236,0.0,0.0,25.0,29582.0
South,21055,KY,Crittenden County,12.804,2042,0.0,0.0,19.0,40656.0
South,21057,KY,Cumberland County,14.208,1097,0.0,0.0,25.0,30771.0
South,21059,KY,Daviess County,21.235,41409,0.16663044265739332,0.12853470437017994,16.0,51153.0
South,21061,KY,Edmonson County,11.902,848,0.0,0.819672131147541,22.0,38395.0
South,21063,KY,Elliott County,8.796,336,0.0,0.0,31.0,33335.0
South,21065,KY,Estill County,9.235,1577,0.0,0.0,27.0,33839.0
South,21067,KY,Fayette County,41.441,160366,1.3182345384931968,0.704225352112676,18.0,53288.0
South,21069,KY,Fleming County,12.692,2099,0.0,0.0,21.0,38860.0
South,21071,KY,Floyd County,11.765,9169,0.0,0.0,30.0,31295.0
South,21073,KY,Franklin County,28.309,16760,4.02744630071599,0.5132591958939264,14.0,52395.0
South,21075,KY,Fulton County,13.432,1479,0.0,0.8620689655172413,30.0,30605.0
South,21077,KY,Gallatin County,9.968,889,0.0,0.0,15.0,49945.0
South,21079,KY,Garrard County,15.465,1460,0.136986301369863,0.45454545454545453,16.0,46967.0
South,21081,KY,Grant County,12.351,3945,0.0,0.0,16.0,49312.0
South,21083,KY,Graves County,16.805,9354,0.0,0.45180722891566266,21.0,41705.0
South,21085,KY,Grayson County,10.154,6319,0.0,0.4056795131845842,22.0,38418.0
South,21087,KY,Green County,10.346,1259,0.0,0.6451612903225806,20.0,36246.0
South,21089,KY,Greenup County,16.804,4897,0.0,0.3952569169960474,17.0,46815.0
South,21091,KY,Hancock County,11.78,3229,0.0,0.0,13.0,56823.0
South,21093,KY,Hardin County,23.619,36218,1.3308299740460545,0.2617801047120419,14.0,52040.0
South,21095,KY,Harlan County,12.085,4303,0.0,0.0,37.0,25240.0
South,21097,KY,Harrison County,15.447,4024,0.0,0.704225352112676,15.0,49615.0
South,21099,KY,Hart County,11.414,4503,0.0,0.0,22.0,36628.0
South,21101,KY,Henderson County,17.434,16990,0.0,0.0,17.0,46936.0
South,21103,KY,Henry County,11.265,2224,0.0,0.0,19.0,51774.0
South,21105,KY,Hickman County,8.777,998,0.0,0.0,20.0,39859.0
South,21107,KY,Hopkins County,15.07,14935,0.3682624707063944,0.09900990099009901,18.0,43590.0
South,21109,KY,Jackson County,11.194,837,0.0,0.0,32.0,30798.0
South,21111,KY,Jefferson County,31.842,419828,1.4043846527625599,0.5454545454545454,15.0,52008.0
South,21113,KY,Jessamine County,28.682,15817,0.6575203894543845,0.730593607305936,16.0,55047.0
South,21115,KY,Johnson County,11.725,3937,0.0,0.7481296758104738,26.0,35408.0
South,21117,KY,Kenton County,29.094,53657,1.4126768175634121,0.8376288659793815,13.0,61798.0
South,21119,KY,Knott County,12.911,1572,0.0,0.0,38.0,29786.0
South,21121,KY,Knox County,10.898,8626,0.0,0.4434589800443459,39.0,27432.0
South,21123,KY,Larue County,10.742,1828,0.0,0.0,17.0,44522.0
South,21125,KY,Laurel County,12.549,23945,0.0,0.7792207792207793,23.0,38323.0
South,21127,KY,Lawrence County,11.451,2437,0.0,0.0,27.0,33757.0
South,21129,KY,Lee County,7.618,1333,0.0,1.1111111111111112,39.0,25372.0
South,21131,KY,Leslie County,9.689,1279,0.0,0.0,32.0,28595.0
South,21133,KY,Letcher County,11.198,3459,0.0,0.0,32.0,29308.0
South,21135,KY,Lewis County,11.579,1389,0.0,0.0,27.0,32848.0
South,21137,KY,Lincoln County,9.863,2806,0.0,0.0,23.0,35934.0
South,21139,KY,Livingston County,10.037,1900,0.0,0.0,15.0,45229.0
South,21141,KY,Logan County,13.36,6712,0.0,0.19607843137254902,18.0,43985.0
South,21143,KY,Lyon County,17.512,1258,0.0,0.0,16.0,44767.0
South,21145,KY,McCracken County,22.926,34307,0.44305826799195497,0.24108003857280616,19.0,42936.0
South,21147,KY,McCreary County,7.702,1507,0.0,1.2738853503184713,39.0,25087.0
South,21149,KY,McLean County,9.228,1279,0.0,0.5952380952380952,17.0,43656.0
South,21151,KY,Madison County,29.114,23139,0.41056225420286097,0.30012004801920766,21.0,45406.0
South,21153,KY,Magoffin County,10.145,1123,0.0,0.0,32.0,28996.0
South,21155,KY,Marion County,13.032,7852,0.0,0.27624309392265195,20.0,41233.0
South,21157,KY,Marshall County,15.942,9293,0.0,0.3053435114503817,12.0,50165.0
South,21159,KY,Martin County,6.262,1638,0.0,0.625,39.0,29861.0
South,21161,KY,Mason County,15.844,6949,0.0,0.2336448598130841,19.0,43683.0
South,21163,KY,Meade County,15.326,3487,0.0,0.0,13.0,51893.0
South,21165,KY,Menifee County,12.255,488,0.0,0.0,24.0,33734.0
South,21167,KY,Mercer County,18.544,5377,0.0,0.0,15.0,51048.0
South,21169,KY,Metcalfe County,11.439,1150,0.0,0.0,23.0,33562.0
South,21171,KY,Monroe County,15.371,2581,0.0,0.49261083743842365,23.0,33425.0
South,21173,KY,Montgomery County,16.574,9947,0.06031969438021514,0.3590664272890485,18.0,44890.0
South,21175,KY,Morgan County,11.946,1832,0.0,0.0,27.0,33716.0
South,21177,KY,Muhlenberg County,12.135,6356,0.0,0.0,20.0,42098.0
South,21179,KY,Nelson County,17.242,15274,0.032735367290821,0.2081165452653486,12.0,56239.0
South,21181,KY,Nicholas County,10.51,435,0.0,0.0,20.0,38958.0
South,21183,KY,Ohio County,9.892,8000,0.0,0.0,20.0,40859.0
South,21185,KY,Oldham County,39.794,12953,0.8878252142360843,0.7364975450081833,6.0,92454.0
South,21187,KY,Owen County,11.292,1507,0.0,0.0,18.0,46358.0
South,21189,KY,Owsley County,17.443,378,0.0,0.0,45.0,23115.0
South,21191,KY,Pendleton County,10.292,1684,0.0,0.0,14.0,51680.0
South,21193,KY,Perry County,13.956,9029,0.0,0.0,31.0,31814.0
South,21195,KY,Pike County,12.87,17161,0.17481498747159258,0.08,31.0,32734.0
South,21197,KY,Powell County,14.139,1543,0.0,0.0,27.0,35169.0
South,21199,KY,Pulaski County,14.744,20771,0.0722160704828848,0.14727540500736377,19.0,37782.0
South,21201,KY,Robertson County,16.95,133,0.0,0.0,25.0,41877.0
South,21203,KY,Rockcastle County,9.723,2743,0.36456434560699963,0.4854368932038835,24.0,35567.0
South,21205,KY,Rowan County,26.648,7806,0.03843197540353574,0.7874015748031497,25.0,38684.0
South,21207,KY,Russell County,12.717,4430,0.0,0.0,25.0,33490.0
South,21209,KY,Scott County,28.421,22540,0.2085181898846495,0.7454739084132055,10.0,64809.0
South,21211,KY,Shelby County,23.849,17940,0.10033444816053512,0.3080082135523614,12.0,61700.0
South,21213,KY,Simpson County,14.186,7219,0.0,0.0,15.0,45643.0
South,21215,KY,Spencer County,18.666,1148,0.4355400696864111,0.0,9.0,71156.0
South,21217,KY,Taylor County,17.301,9324,0.032175032175032175,0.1631321370309951,21.0,37806.0
South,21219,KY,Todd County,11.742,1571,0.0,0.0,20.0,41072.0
South,21221,KY,Trigg County,18.007,2167,0.0,0.40816326530612246,15.0,37965.0
South,21223,KY,Trimble County,11.617,675,0.0,0.0,15.0,51827.0
South,21225,KY,Union County,12.154,3899,0.0,0.8,19.0,47017.0
South,21227,KY,Warren County,29.056,53031,0.5242216816578982,0.30170968823332217,19.0,47253.0
South,21229,KY,Washington County,14.82,2956,0.0,0.3861003861003861,16.0,48041.0
South,21231,KY,Wayne County,9.299,4213,0.0,0.7326007326007326,27.0,30923.0
South,21233,KY,Webster County,8.946,2079,0.0,0.0,18.0,43605.0
South,21235,KY,Whitley County,17.85,10372,6.488623216351717,0.6525285481239804,29.0,31985.0
South,21237,KY,Wolfe County,11.817,724,0.0,0.0,32.0,28443.0
South,21239,KY,Woodford County,31.871,6998,0.4858531008859674,0.5514705882352942,12.0,58712.0
South,22001,LA,Acadia Parish,11.121,12041,0.0,0.0,23.0,40218.0
South,22003,LA,Allen Parish,11.876,3390,0.0,0.32362459546925565,21.0,41584.0
South,22005,LA,Ascension Parish,26.605,38203,0.07852786430385049,0.2680965147453083,11.0,74212.0
South,22007,LA,Assumption Parish,11.414,2667,0.0,0.4048582995951417,21.0,45847.0
South,22009,LA,Avoyelles Parish,10.135,8830,0.0,0.0,26.0,34997.0
South,22011,LA,Beauregard Parish,16.334,7057,0.0,0.16611295681063123,15.0,49436.0
South,22013,LA,Bienville Parish,12.962,3259,0.0,0.0,24.0,33887.0
South,22015,LA,Bossier Parish,25.967,37328,0.35094299185597944,0.3633427533306419,17.0,50048.0
South,22017,LA,Caddo Parish,23.801,102695,0.6066507619650421,0.3189284005740711,26.0,38414.0
South,22019,LA,Calcasieu Parish,20.572,74546,0.3917044509430419,0.11020498126515318,20.0,47052.0
South,22021,LA,Caldwell Parish,11.755,1829,0.0,0.5747126436781609,23.0,35428.0
South,22023,LA,Cameron Parish,16.93,1252,0.0,0.0,12.0,52479.0
South,22025,LA,Catahoula Parish,13.098,1298,0.0,0.0,28.0,33154.0
South,22027,LA,Claiborne Parish,12.97,2409,0.0,0.0,35.0,34228.0
South,22029,LA,Concordia Parish,11.274,3923,0.0,0.0,29.0,32685.0
South,22031,LA,De Soto Parish,13.462,4952,0.0,0.47393364928909953,21.0,43325.0
South,22033,LA,East Baton Rouge Parish,34.202,246150,1.6339630306723543,0.40786361040867936,20.0,50451.0
South,22035,LA,East Carroll Parish,11.268,1266,0.0,0.0,44.0,25810.0
South,22037,LA,East Feliciana Parish,12.945,3308,0.0,0.0,20.0,46172.0
South,22039,LA,Evangeline Parish,11.918,6182,0.0,0.39603960396039606,29.0,34440.0
South,22041,LA,Franklin Parish,11.89,3547,0.0,0.2702702702702703,29.0,31873.0
South,22043,LA,Grant Parish,9.334,1885,0.0,0.6024096385542169,22.0,42948.0
South,22045,LA,Iberia Parish,13.744,23299,0.042920297008455295,0.12224938875305623,23.0,41604.0
South,22047,LA,Iberville Parish,13.387,11681,0.0,0.0,23.0,41679.0
South,22049,LA,Jackson Parish,13.649,2651,0.0,0.0,21.0,41192.0
South,22051,LA,Jefferson Parish,24.816,187683,0.7789730556310375,0.33048046775696976,16.0,49681.0
South,22053,LA,Jefferson Davis Parish,14.546,7007,0.0,0.0,19.0,42134.0
South,22055,LA,Lafayette Parish,30.886,127110,1.0565651797655573,0.36895977148298026,18.0,51125.0
South,22057,LA,Lafourche Parish,16.158,26469,0.09067210699308625,0.056433408577878104,17.0,52220.0
South,22059,LA,La Salle Parish,11.043,3344,0.0,0.0,19.0,45169.0
South,22061,LA,Lincoln Parish,35.365,15769,1.3634345868476123,0.18433179723502305,30.0,39158.0
South,22063,LA,Livingston Parish,17.4,22147,0.4108908655799883,0.11389521640091116,13.0,58318.0
South,22065,LA,Madison Parish,12.017,2680,0.0,0.0,41.0,27306.0
South,22067,LA,Morehouse Parish,13.656,5481,0.0,0.0,29.0,32269.0
South,22069,LA,Natchitoches Parish,18.747,11414,0.0,0.0,32.0,32094.0
South,22071,LA,Orleans Parish,36.177,175310,0.9640066168501512,0.35441950381269466,24.0,38418.0
South,22073,LA,Ouachita Parish,24.182,63512,0.7164000503841794,0.26004728132387706,25.0,38525.0
South,22075,LA,Plaquemines Parish,15.809,10169,0.039335234536335924,0.0,15.0,55950.0
South,22077,LA,Pointe Coupee Parish,13.936,4263,0.0,0.0,20.0,42545.0
South,22079,LA,Rapides Parish,19.853,47406,0.06539256634181327,0.1597444089456869,20.0,42452.0
South,22081,LA,Red River Parish,13.543,1999,0.0,0.0,26.0,33044.0
South,22083,LA,Richland Parish,13.749,5727,0.0,0.0,27.0,33820.0
South,22085,LA,Sabine Parish,13.854,4656,0.0,0.21008403361344538,19.0,42700.0
South,22087,LA,St. Bernard Parish,13.226,8197,0.0,0.14684287812041116,24.0,39450.0
South,22089,LA,St. Charles Parish,20.656,21331,0.15470442079602456,0.10152284263959391,13.0,64742.0
South,22091,LA,St. Helena Parish,10.594,1245,0.0,0.0,25.0,35519.0
South,22093,LA,St. James Parish,14.432,6490,0.0,0.0,19.0,47876.0
South,22095,LA,St. John the Baptist Parish,16.88,17758,0.0,0.27739251040221913,19.0,52166.0
South,22097,LA,St. Landry Parish,13.153,22342,0.10294512577208845,0.18541409147095178,27.0,32185.0
South,22099,LA,St. Martin Parish,13.791,11836,0.09293680297397769,0.10940919037199125,19.0,46560.0
South,22101,LA,St. Mary Parish,10.983,19625,0.045859872611464965,0.07855459544383346,22.0,37822.0
South,22103,LA,St. Tammany Parish,31.287,79379,0.8528704065306946,0.3467297084318361,10.0,65861.0
South,22105,LA,Tangipahoa Parish,19.794,35635,0.19082362845517048,0.33812341504649196,22.0,44625.0
South,22107,LA,Tensas Parish,9.083,472,0.0,0.0,32.0,26657.0
South,22109,LA,Terrebonne Parish,14.309,47774,0.14024364717210197,0.1031636863823934,21.0,49206.0
South,22111,LA,Union Parish,12.121,4145,0.0,0.5899705014749262,20.0,42166.0
South,22113,LA,Vermilion Parish,12.316,10111,0.03956087429532193,0.0998003992015968,20.0,44048.0
South,22115,LA,Vernon Parish,17.772,7950,0.9937106918238994,0.28530670470756064,15.0,47172.0
South,22117,LA,Washington Parish,11.922,9630,0.0,0.0,28.0,34240.0
South,22119,LA,Webster Parish,13.918,10098,0.0,0.0,24.0,33251.0
South,22121,LA,West Baton Rouge Parish,19.675,11806,0.0,0.36429872495446264,17.0,54454.0
South,22123,LA,West Carroll Parish,12.384,1774,0.0,0.0,24.0,35638.0
South,22125,LA,West Feliciana Parish,22.482,3082,0.0,0.0,24.0,56459.0
South,22127,LA,Winn Parish,12.645,4117,0.0,0.0,24.0,37600.0
Northeast,23001,ME,Androscoggin County,20.704,46326,0.8051634071579674,0.5462490895848507,13.0,48494.0
Northeast,23003,ME,Aroostook County,18.094,21057,0.09023127701002043,0.35769034236075625,16.0,39746.0
Northeast,23005,ME,Cumberland County,44.056,169797,1.652561588249498,0.6979415142680448,10.0,65475.0
Northeast,23007,ME,Franklin County,25.759,8833,0.4188837314615646,0.4836759371221282,14.0,43532.0
Northeast,23009,ME,Hancock County,32.513,16562,0.18717546190073664,0.1780151312861593,11.0,53941.0
Northeast,23011,ME,Kennebec County,25.264,47486,1.1076948995493408,0.6515668631709587,14.0,51013.0
Northeast,23013,ME,Knox County,30.226,14503,0.5102392608425843,0.28425241614553726,11.0,53610.0
Northeast,23015,ME,Lincoln County,32.447,8782,0.09109542245502164,0.3566333808844508,11.0,54026.0
Northeast,23017,ME,Oxford County,18.151,14234,0.18266123366587045,0.5997001499250375,13.0,44508.0
Northeast,23019,ME,Penobscot County,24.731,57622,0.3731213772517441,0.3137065637065637,15.0,47076.0
Northeast,23021,ME,Piscataquis County,16.332,4604,0.06516072980017376,0.46511627906976744,19.0,35874.0
Northeast,23023,ME,Sagadahoc County,33.489,13874,2.0542021046561914,0.9793253536452666,9.0,59271.0
Northeast,23025,ME,Somerset County,15.827,13619,0.4185329319333284,0.7575757575757576,20.0,42134.0
Northeast,23027,ME,Waldo County,29.182,9639,0.19711588339039318,0.6036217303822937,14.0,48422.0
Northeast,23029,ME,Washington County,20.096,7070,0.08486562942008487,0.2372479240806643,18.0,37711.0
Northeast,23031,ME,York County,30.065,54168,0.9322847437601536,0.4499640028797696,8.0,60520.0
South,24001,MD,Allegany County,17.963,24654,0.38938914577756145,0.38910505836575876,17.0,44708.0
South,24003,MD,Anne Arundel County,39.365,236879,9.78432026477653,0.7046719751955465,7.0,95297.0
South,24005,MD,Baltimore County,37.198,323939,3.4024924445651803,0.5880874591605931,9.0,72305.0
South,24009,MD,Calvert County,29.286,18837,0.8440834527791049,0.28868360277136257,6.0,97188.0
South,24011,MD,Caroline County,15.297,7349,0.0,0.1631321370309951,15.0,49616.0
South,24013,MD,Carroll County,33.701,50537,1.850129608009973,0.5204636858291933,6.0,89529.0
South,24015,MD,Cecil County,22.492,24780,0.14124293785310735,0.1135718341851221,10.0,70504.0
South,24017,MD,Charles County,27.363,34040,2.8584018801410105,0.2663622526636225,7.0,93947.0
South,24019,MD,Dorchester County,20.768,9659,0.37270939020602545,0.43541364296081275,17.0,44491.0
South,24021,MD,Frederick County,39.736,89689,5.56589994313684,0.6037859007832899,7.0,89541.0
South,24023,MD,Garrett County,19.242,9734,0.43147729607561125,0.4484304932735426,13.0,46710.0
South,24025,MD,Harford County,34.467,70975,4.731243395561817,0.43795620437956206,7.0,83595.0
South,24027,MD,Howard County,61.044,176059,13.398917408368785,1.0454448474503948,5.0,119386.0
South,24029,MD,Kent County,30.543,7341,0.0,0.1652892561983471,14.0,54210.0
South,24031,MD,Montgomery County,58.105,424372,10.01102806028673,0.8351263630064549,7.0,99604.0
South,24033,MD,Prince George's County,31.454,256974,6.259388109302886,0.5119000132961042,9.0,78680.0
South,24035,MD,Queen Anne's County,34.974,11808,1.5667344173441735,0.43258832011535686,7.0,79966.0
South,24037,MD,St. Mary's County,29.902,29819,8.80981924276468,0.3613835828600929,9.0,80049.0
South,24039,MD,Somerset County,13.975,3888,0.0,0.8310249307479224,24.0,38546.0
South,24041,MD,Talbot County,35.834,17217,0.23232851251669862,0.2081887578070784,10.0,62264.0
South,24043,MD,Washington County,20.098,60322,0.7377076356884719,0.5877167205406993,13.0,54643.0
South,24045,MD,Wicomico County,27.377,36295,0.25898884143821466,0.12150668286755771,18.0,50015.0
South,24047,MD,Worcester County,29.936,18178,0.7316536472659259,0.2820874471086037,11.0,53509.0
South,24510,MD,Baltimore city,29.72,295343,2.347440095075895,0.5734767025089605,22.0,46604.0
Northeast,25001,MA,Barnstable County,41.096,76683,2.729418515185895,0.2908329455560726,8.0,67374.0
Northeast,25003,MA,Berkshire County,32.633,53308,2.41427177909507,0.38501026694045176,11.0,56011.0
Northeast,25005,MA,Bristol County,26.519,201964,0.5590105167257531,0.3594030783654973,11.0,65154.0
Northeast,25007,MA,Dukes County,39.785,5679,0.0,0.09199632014719411,8.0,66528.0
Northeast,25009,MA,Essex County,38.04,288887,1.9858976000996929,0.6786000534330751,11.0,73503.0
Northeast,25011,MA,Franklin County,35.9,20265,0.47372316802368614,0.9475679090334808,10.0,56544.0
Northeast,25013,MA,Hampden County,26.234,170884,0.617377870368203,0.36175710594315247,17.0,51589.0
Northeast,25015,MA,Hampshire County,44.723,62356,1.0424016935018283,0.7166482910694597,12.0,64425.0
Northeast,25017,MA,Middlesex County,53.005,887777,12.17400315619801,1.487973909498573,8.0,94977.0
Northeast,25019,MA,Nantucket County,42.017,4697,0.08516074089844582,0.09861932938856016,6.0,82324.0
Northeast,25021,MA,Norfolk County,51.208,347909,5.0987470861633355,0.8154335719968179,6.0,92606.0
Northeast,25023,MA,Plymouth County,35.018,167363,1.4346062152327574,0.5295250320924262,8.0,81483.0
Northeast,25025,MA,Suffolk County,42.721,612391,3.8983263960443573,1.0281079041690246,20.0,61367.0
Northeast,25027,MA,Worcester County,34.826,300840,3.357598723573993,0.5096105910375007,10.0,69064.0
Midwest,26001,MI,Alcona County,14.453,1197,0.0,0.5882352941176471,16.0,37900.0
Midwest,26003,MI,Alger County,18.095,1672,0.0,0.0,14.0,43693.0
Midwest,26005,MI,Allegan County,21.419,36388,0.21710453995822798,0.26258205689277897,9.0,58311.0
Midwest,26007,MI,Alpena County,16.775,10431,0.057520851308599366,0.6410256410256411,16.0,42332.0
Midwest,26009,MI,Antrim County,26.686,3697,0.7032729239924262,0.5555555555555556,12.0,50356.0
Midwest,26011,MI,Arenac County,11.386,3295,0.0,0.30120481927710846,17.0,43339.0
Midwest,26013,MI,Baraga County,15.649,1676,0.0,0.0,17.0,44187.0
Midwest,26015,MI,Barry County,18.916,10375,0.05783132530120482,0.11086474501108648,8.0,60818.0
Midwest,26017,MI,Bay County,18.114,30973,0.3164046104671811,0.31890660592255127,15.0,45731.0
Midwest,26019,MI,Benzie County,25.628,3587,0.0,0.2247191011235955,11.0,50323.0
Midwest,26021,MI,Berrien County,26.763,54222,0.15123012799232785,0.2840909090909091,17.0,47237.0
Midwest,26023,MI,Branch County,13.627,11748,0.3149472250595846,0.7389162561576355,17.0,48321.0
Midwest,26025,MI,Calhoun County,20.751,53966,0.10376903976577845,0.23455824863174354,17.0,46423.0
Midwest,26027,MI,Cass County,17.375,7556,0.0,0.0,13.0,51530.0
Midwest,26029,MI,Charlevoix County,28.498,8288,0.0,0.2557544757033248,12.0,52944.0
Midwest,26031,MI,Cheboygan County,18.259,4628,0.0,0.4087193460490463,18.0,41667.0
Midwest,26033,MI,Chippewa County,19.711,8985,0.0,0.12422360248447205,16.0,43683.0
Midwest,26035,MI,Clare County,11.37,6176,0.0,0.3546099290780142,22.0,37646.0
Midwest,26037,MI,Clinton County,30.712,16486,0.3154191435157103,0.5343511450381679,8.0,66396.0
Midwest,26039,MI,Crawford County,16.678,3501,0.0,0.0,21.0,39208.0
Midwest,26041,MI,Delta County,20.578,12134,0.057689137959452776,0.39254170755642787,14.0,43835.0
Midwest,26043,MI,Dickinson County,23.402,12473,0.0,0.11947431302270012,13.0,46094.0
Midwest,26045,MI,Eaton County,25.227,39769,1.9412104905831176,0.621414913957935,11.0,57807.0
Midwest,26047,MI,Emmet County,32.882,14731,0.6245332971285045,0.06657789613848203,12.0,51122.0
Midwest,26049,MI,Genesee County,19.903,120175,0.5491990846681922,0.5205622071837585,20.0,44174.0
Midwest,26051,MI,Gladwin County,13.392,3834,0.0,0.0,18.0,41251.0
Midwest,26053,MI,Gogebic County,17.545,4066,0.0,0.0,20.0,36429.0
Midwest,26055,MI,Grand Traverse County,31.671,44949,0.789783977396605,0.792021120563215,10.0,57367.0
Midwest,26057,MI,Gratiot County,14.253,10746,0.0,0.0,19.0,42642.0
Midwest,26059,MI,Hillsdale County,16.674,10914,0.0916254352208173,0.2663115845539281,15.0,49049.0
Midwest,26061,MI,Houghton County,30.961,8950,1.3407821229050279,0.4767580452920143,20.0,38603.0
Midwest,26063,MI,Huron County,14.918,10742,0.04654626698938745,0.42689434364994666,14.0,44845.0
Midwest,26065,MI,Ingham County,37.725,109635,1.902677064805947,0.6389252948885976,20.0,49387.0
Midwest,26067,MI,Ionia County,15.601,11192,0.23230879199428162,0.562429696287964,15.0,50383.0
Midwest,26069,MI,Iosco County,16.255,6495,0.0,0.487012987012987,18.0,39721.0
Midwest,26071,MI,Iron County,18.14,2566,0.0,0.2840909090909091,15.0,38913.0
Midwest,26073,MI,Isabella County,28.193,23489,0.11069011026437907,0.0,23.0,42924.0
Midwest,26075,MI,Jackson County,20.586,50505,0.2910602910602911,0.44874007594062826,14.0,50809.0
Midwest,26077,MI,Kalamazoo County,36.101,107303,1.0847786175596208,0.32368279086495233,17.0,53370.0
Midwest,26079,MI,Kalkaska County,13.61,3611,0.3600110772639158,0.8902077151335311,15.0,48426.0
Midwest,26081,MI,Kent County,33.657,358249,1.287372749121421,0.8012722490672213,12.0,59649.0
Midwest,26083,MI,Keweenaw County,24.854,204,0.0,0.0,12.0,42799.0
Midwest,26085,MI,Lake County,9.049,1115,0.0,0.0,22.0,33708.0
Midwest,26087,MI,Lapeer County,17.777,18318,0.1910688939840594,0.3050640634533252,11.0,56079.0
Midwest,26089,MI,Leelanau County,41.135,4572,0.6342957130358705,0.6657789613848203,8.0,62174.0
Midwest,26091,MI,Lenawee County,19.933,23382,0.1924557351809084,0.33240997229916897,13.0,52738.0
Midwest,26093,MI,Livingston County,34.002,51969,1.500894764186342,0.949293818013429,6.0,79388.0
Midwest,26095,MI,Luce County,13.832,1526,0.0,0.0,21.0,41881.0
Midwest,26097,MI,Mackinac County,19.109,2112,0.0,0.22727272727272727,14.0,42887.0
Midwest,26099,MI,Macomb County,23.798,298365,2.2978566520872086,0.3438243850833113,11.0,60175.0
Midwest,26101,MI,Manistee County,19.917,5891,0.0,0.0,14.0,46851.0
Midwest,26103,MI,Marquette County,30.05,21405,0.322354590049054,0.24615384615384617,15.0,50681.0
Midwest,26105,MI,Mason County,20.762,9263,0.0,0.273224043715847,15.0,46624.0
Midwest,26107,MI,Mecosta County,21.207,9471,0.0,0.0,21.0,41759.0
Midwest,26109,MI,Menominee County,15.856,5125,0.0,0.4357298474945534,13.0,42306.0
Midwest,26111,MI,Midland County,32.885,35682,0.43439269099265737,0.4324843825084094,10.0,58526.0
Midwest,26113,MI,Missaukee County,13.409,2383,0.0,0.0,15.0,41625.0
Midwest,26115,MI,Monroe County,18.8,37503,0.17865237447670854,0.437636761487965,10.0,61962.0
Midwest,26117,MI,Montcalm County,12.562,12232,0.49051667756703726,0.0,16.0,46877.0
Midwest,26119,MI,Montmorency County,11.784,1647,0.0,0.0,17.0,37021.0
Midwest,26121,MI,Muskegon County,18.022,52661,0.3266174208617383,0.35324341682723187,19.0,44473.0
Midwest,26123,MI,Newaygo County,14.339,9374,0.09601024109238318,0.12453300124533001,17.0,47221.0
Midwest,26125,MI,Oakland County,45.021,692833,6.336880604705607,0.8396672144617913,9.0,72078.0
Midwest,26127,MI,Oceana County,17.052,4878,0.5740057400574006,0.2032520325203252,18.0,42446.0
Midwest,26129,MI,Ogemaw County,11.364,5268,0.0,0.0,17.0,37842.0
Midwest,26131,MI,Ontonagon County,17.356,894,0.0,0.0,16.0,35894.0
Midwest,26133,MI,Osceola County,13.039,6073,0.5927877490531862,0.23529411764705882,19.0,41018.0
Midwest,26135,MI,Oscoda County,10.228,1459,0.0,0.0,19.0,36181.0
Midwest,26137,MI,Otsego County,20.48,8863,0.0,0.26525198938992045,14.0,50061.0
Midwest,26139,MI,Ottawa County,31.603,109415,0.6717543298450852,0.6153334442042242,9.0,65004.0
Midwest,26141,MI,Presque Isle County,16.658,2300,0.0,0.3115264797507788,15.0,43484.0
Midwest,26143,MI,Roscommon County,13.937,4716,0.0,0.37105751391465674,18.0,37817.0
Midwest,26145,MI,Saginaw County,20.726,78672,0.9317164937970307,0.4459047172025346,18.0,45739.0
Midwest,26147,MI,St. Clair County,17.591,42187,0.29392940953374264,0.5490956072351422,14.0,52178.0
Midwest,26149,MI,St. Joseph County,15.323,19614,0.2294279596206791,0.4306632213608958,15.0,48271.0
Midwest,26151,MI,Sanilac County,13.112,8346,0.047927150730889045,0.12254901960784313,16.0,43579.0
Midwest,26153,MI,Schoolcraft County,15.731,1877,0.0,0.0,15.0,42883.0
Midwest,26155,MI,Shiawassee County,15.766,13299,0.1879840589518009,0.6216696269982238,12.0,52716.0
Midwest,26157,MI,Tuscola County,13.85,8628,0.12749188687992583,0.4854368932038835,14.0,46950.0
Midwest,26159,MI,Van Buren County,20.33,16763,0.13124142456600846,0.3837298541826554,17.0,48518.0
Midwest,26161,MI,Washtenaw County,53.236,150135,5.042794817997136,1.231678778174652,15.0,66040.0
Midwest,26163,MI,Wayne County,22.338,637407,1.604469357882797,0.484111221449851,23.0,43570.0
Midwest,26165,MI,Wexford County,16.706,12142,0.2964915170482622,0.47619047619047616,18.0,40485.0
Midwest,27001,MN,Aitkin County,15.999,3180,0.0,0.5,13.0,46617.0
Midwest,27003,MN,Anoka County,28.226,114048,1.0793700897867564,0.5419354838709678,7.0,76497.0
Midwest,27005,MN,Becker County,23.727,10740,0.0,0.1072961373390558,13.0,55780.0
Midwest,27007,MN,Beltrami County,26.799,14490,0.1725327812284334,0.5128205128205128,18.0,45344.0
Midwest,27009,MN,Benton County,22.207,15199,0.039476281334298306,0.1111111111111111,9.0,53675.0
Midwest,27011,MN,Big Stone County,16.581,1646,0.0,0.0,12.0,46713.0
Midwest,27013,MN,Blue Earth County,31.663,36969,0.21910249127647488,0.35787321063394684,15.0,53829.0
Midwest,27015,MN,Brown County,20.892,13095,0.0,0.5181347150259067,8.0,56049.0
Midwest,27017,MN,Carlton County,21.986,8015,0.0,0.5633802816901409,10.0,58509.0
Midwest,27019,MN,Carver County,46.043,39358,0.802886325524671,1.1124354390147,4.0,94057.0
Midwest,27021,MN,Cass County,20.87,7007,0.0999000999000999,0.36585365853658536,16.0,49585.0
Midwest,27023,MN,Chippewa County,16.481,5030,0.0,0.0,9.0,51675.0
Midwest,27025,MN,Chisago County,22.031,13579,0.47131600265115253,0.6420545746388443,7.0,74908.0
Midwest,27027,MN,Clay County,33.01,17915,0.915433993859894,0.30372057706909644,12.0,59937.0
Midwest,27029,MN,Clearwater County,14.637,2478,0.0,0.0,17.0,43797.0
Midwest,27031,MN,Cook County,39.58,2022,0.0,0.3597122302158273,10.0,48884.0
Midwest,27033,MN,Cottonwood County,19.919,3921,0.0,0.28901734104046245,12.0,47437.0
Midwest,27035,MN,Crow Wing County,24.19,26295,1.29302148697471,0.4132231404958678,11.0,51803.0
Midwest,27037,MN,Dakota County,40.724,177935,3.200606963216905,0.7977207977207977,6.0,79111.0
Midwest,27039,MN,Dodge County,23.836,4759,0.0,0.24154589371980675,8.0,68238.0
Midwest,27041,MN,Douglas County,25.056,18089,0.2653546354137874,0.29673590504451036,9.0,55257.0
Midwest,27043,MN,Faribault County,16.951,4094,0.0,0.0,12.0,49176.0
Midwest,27045,MN,Fillmore County,20.399,4686,0.0,0.0,12.0,60575.0
Midwest,27047,MN,Freeborn County,16.755,11569,0.060506526061025155,0.6402048655569782,11.0,48943.0
Midwest,27049,MN,Goodhue County,24.347,20628,0.7417102966841187,0.38109756097560976,8.0,66038.0
Midwest,27051,MN,Grant County,19.581,1431,0.0,0.0,12.0,51274.0
Midwest,27053,MN,Hennepin County,47.581,888172,4.0885098832208175,0.9776432346591896,11.0,71184.0
Midwest,27055,MN,Houston County,22.562,4023,0.0,0.0,9.0,58201.0
Midwest,27057,MN,Hubbard County,25.393,4545,0.0,0.0,13.0,49129.0
Midwest,27059,MN,Isanti County,17.69,8978,0.46781020271775453,0.5988023952095808,8.0,68303.0
Midwest,27061,MN,Itasca County,22.256,14132,0.30427398811208606,0.6013745704467354,13.0,51644.0
Midwest,27063,MN,Jackson County,21.156,4767,0.0,0.0,9.0,58849.0
Midwest,27065,MN,Kanabec County,13.754,2966,0.0,0.3424657534246575,13.0,51347.0
Midwest,27067,MN,Kandiyohi County,22.516,19658,0.04069589988808627,0.2840909090909091,12.0,53034.0
Midwest,27069,MN,Kittson County,20.669,1261,0.0,0.0,11.0,50012.0
Midwest,27071,MN,Koochiching County,18.39,3788,0.0,0.0,14.0,49393.0
Midwest,27073,MN,Lac qui Parle County,18.338,1717,0.0,0.0,10.0,49669.0
Midwest,27075,MN,Lake County,27.24,2868,0.0,0.6711409395973155,9.0,62746.0
Midwest,27077,MN,Lake of the Woods County,16.976,1373,0.0,0.0,11.0,47584.0
Midwest,27079,MN,Le Sueur County,21.366,7406,0.0,0.14245014245014245,8.0,63451.0
Midwest,27081,MN,Lincoln County,18.874,1515,0.0,0.0,13.0,46405.0
Midwest,27083,MN,Lyon County,26.775,12785,0.0,0.49566294919454773,13.0,52989.0
Midwest,27085,MN,McLeod County,17.314,16258,0.3321441751752983,0.10224948875255624,7.0,58393.0
Midwest,27087,MN,Mahnomen County,12.612,1785,0.0,0.9900990099009901,18.0,41640.0
Midwest,27089,MN,Marshall County,19.997,1573,0.0,0.0,10.0,54651.0
Midwest,27091,MN,Martin County,18.471,8078,0.0,0.15748031496062992,12.0,48326.0
Midwest,27093,MN,Meeker County,18.897,6467,0.10824184320395856,0.5309734513274337,7.0,61374.0
Midwest,27095,MN,Mille Lacs County,15.618,8547,0.0351000351000351,0.14367816091954022,12.0,53407.0
Midwest,27097,MN,Morrison County,16.152,7919,0.5303699962116429,0.2296211251435132,12.0,51422.0
Midwest,27099,MN,Mower County,20.005,14602,0.061635392411998356,0.1182033096926714,13.0,53302.0
Midwest,27101,MN,Murray County,17.813,2650,0.0,0.3257328990228013,9.0,52373.0
Midwest,27103,MN,Nicollet County,32.26,12832,1.7923940149625934,0.9118541033434651,8.0,66868.0
Midwest,27105,MN,Nobles County,13.507,9148,0.0,0.16638935108153077,12.0,56069.0
Midwest,27107,MN,Norman County,15.671,1284,0.0,0.546448087431694,12.0,49572.0
Midwest,27109,MN,Olmsted County,41.993,95956,0.25011463587477595,0.7272727272727273,9.0,72511.0
Midwest,27111,MN,Otter Tail County,24.057,18780,0.07987220447284345,0.2390914524805738,11.0,51252.0
Midwest,27113,MN,Pennington County,17.389,9350,0.0,0.2518891687657431,10.0,52724.0
Midwest,27115,MN,Pine County,13.781,7223,0.0,0.0,12.0,50962.0
Midwest,27117,MN,Pipestone County,19.911,3114,0.0,0.0,11.0,51050.0
Midwest,27119,MN,Polk County,23.871,9406,0.0956836062088029,0.0,15.0,50893.0
Midwest,27121,MN,Pope County,22.471,3858,0.0,0.0,9.0,58892.0
Midwest,27123,MN,Ramsey County,41.002,307529,2.298645005836848,0.6944444444444444,14.0,60287.0
Midwest,27125,MN,Red Lake County,15.018,607,0.0,0.0,10.0,50625.0
Midwest,27127,MN,Redwood County,17.844,5721,0.0,0.0,9.0,54918.0
Midwest,27129,MN,Renville County,14.756,4632,0.0,0.0,10.0,56724.0
Midwest,27131,MN,Rice County,27.232,24908,0.20876826722338204,0.45366169799092676,10.0,67726.0
Midwest,27133,MN,Rock County,20.561,2826,0.0,0.3787878787878788,9.0,57518.0
Midwest,27135,MN,Roseau County,18.673,6854,0.0,0.24096385542168675,8.0,55879.0
Midwest,27137,MN,St. Louis County,27.75,88503,0.637266533337853,0.41206218392957483,15.0,50156.0
Midwest,27139,MN,Scott County,38.847,44084,0.7349605298974685,0.6590772917914919,6.0,91046.0
Midwest,27141,MN,Sherburne County,26.716,22123,0.36613479184559056,0.6866110838646395,6.0,83304.0
Midwest,27143,MN,Sibley County,16.732,3520,0.0,0.5714285714285714,9.0,60978.0
Midwest,27145,MN,Stearns County,25.949,83525,0.5782699790481892,0.4742547425474255,12.0,57881.0
Midwest,27147,MN,Steele County,24.787,19226,0.05201289919900135,0.19900497512437812,9.0,60619.0
Midwest,27149,MN,Stevens County,28.157,4675,0.0,0.0,11.0,58179.0
Midwest,27151,MN,Swift County,17.308,3041,0.0,0.0,10.0,50954.0
Midwest,27153,MN,Todd County,15.354,5796,0.0,0.18382352941176472,13.0,46255.0
Midwest,27155,MN,Traverse County,18.142,839,0.0,1.6260162601626016,13.0,50416.0
Midwest,27157,MN,Wabasha County,21.239,5448,0.0,0.18115942028985507,8.0,63115.0
Midwest,27159,MN,Wadena County,12.998,4040,0.0,0.0,15.0,40963.0
Midwest,27161,MN,Waseca County,19.859,5133,0.07792713812585232,0.0,9.0,53383.0
Midwest,27163,MN,Washington County,42.301,81510,1.5028830818304502,0.817717206132879,5.0,90755.0
Midwest,27165,MN,Watonwan County,16.344,3721,0.0,0.0,11.0,49482.0
Midwest,27167,MN,Wilkin County,21.33,1763,0.0,0.6410256410256411,9.0,54373.0
Midwest,27169,MN,Winona County,29.278,23755,0.096821721742791,0.25951557093425603,12.0,56499.0
Midwest,27171,MN,Wright County,26.761,36834,0.5701254275940707,0.547945205479452,5.0,76256.0
Midwest,27173,MN,Yellow Medicine County,16.236,3329,0.0,0.0,10.0,55690.0
South,28001,MS,Adams County,18.077,10047,0.0,0.0,31.0,32956.0
South,28003,MS,Alcorn County,16.551,11858,0.0,0.0,17.0,38675.0
South,28005,MS,Amite County,12.19,1370,0.0,0.0,24.0,34986.0
South,28007,MS,Attala County,14.784,4332,0.0,0.0,24.0,31722.0
South,28009,MS,Benton County,11.449,971,0.0,0.0,25.0,36400.0
South,28011,MS,Bolivar County,21.486,9166,0.0,0.1394700139470014,35.0,29633.0
South,28013,MS,Calhoun County,10.929,2506,0.0,0.0,22.0,34417.0
South,28015,MS,Carroll County,16.14,661,0.0,0.0,17.0,39622.0
South,28017,MS,Chickasaw County,11.006,5157,0.0,0.0,22.0,34611.0
South,28019,MS,Choctaw County,15.418,1124,0.0,0.0,23.0,36194.0
South,28021,MS,Claiborne County,19.215,2206,0.0,0.0,38.0,29266.0
South,28023,MS,Clarke County,14.08,3346,0.0,0.0,21.0,37814.0
South,28025,MS,Clay County,18.932,4341,0.0,0.0,24.0,34408.0
South,28027,MS,Coahoma County,17.226,6234,0.0,0.18832391713747645,41.0,26815.0
South,28029,MS,Copiah County,12.866,5846,0.0,0.0,27.0,34450.0
South,28031,MS,Covington County,14.432,4018,0.0,0.3076923076923077,24.0,33348.0
South,28033,MS,DeSoto County,23.188,51301,0.14424670084403812,0.5685856432125089,10.0,64138.0
South,28035,MS,Forrest County,25.672,32734,0.0,0.2679528403001072,25.0,36709.0
South,28037,MS,Franklin County,16.682,1175,0.0,0.0,20.0,37533.0
South,28039,MS,George County,13.089,3668,0.0,0.0,16.0,50705.0
South,28041,MS,Greene County,7.834,807,0.0,0.0,24.0,39559.0
South,28043,MS,Grenada County,16.831,7652,0.03920543648719289,0.36363636363636365,23.0,37419.0
South,28045,MS,Hancock County,20.938,9489,8.704816102855938,0.41841004184100417,17.0,45369.0
South,28047,MS,Harrison County,21.514,73655,0.24166723236711696,0.1431297709923664,21.0,42988.0
South,28049,MS,Hinds County,28.028,98678,0.3810373132815825,0.28533384059349437,21.0,42903.0
South,28051,MS,Holmes County,11.619,1981,0.0,0.0,43.0,22045.0
South,28053,MS,Humphreys County,13.945,1600,0.0,0.0,39.0,25506.0
South,28055,MS,Issaquena County,9.013,57,0.0,0.0,41.0,26957.0
South,28057,MS,Itawamba County,13.14,5512,0.0,0.0,18.0,40644.0
South,28059,MS,Jackson County,20.465,46761,0.7356557815273411,0.0,18.0,53288.0
South,28061,MS,Jasper County,13.662,2931,0.0,0.0,23.0,34806.0
South,28063,MS,Jefferson County,17.825,630,0.0,0.0,34.0,26731.0
South,28065,MS,Jefferson Davis County,14.571,1267,0.0,0.0,27.0,30815.0
South,28067,MS,Jones County,18.734,24855,0.1408167370750352,0.23006134969325154,21.0,40283.0
South,28069,MS,Kemper County,11.384,1540,0.0,0.0,28.0,31018.0
South,28071,MS,Lafayette County,39.749,17020,2.4676850763807288,0.16474464579901152,21.0,42287.0
South,28073,MS,Lamar County,36.8,17205,0.43010752688172044,0.29985007496251875,13.0,57419.0
South,28075,MS,Lauderdale County,19.228,29940,0.43420173680694724,0.1563314226159458,24.0,40949.0
South,28077,MS,Lawrence County,13.608,1792,0.0,0.0,20.0,42291.0
South,28079,MS,Leake County,12.252,4122,0.0,0.0,25.0,35644.0
South,28081,MS,Lee County,23.087,47530,0.19987376393856512,0.36960985626283366,17.0,43834.0
South,28083,MS,Leflore County,18.774,12407,0.0,0.2840909090909091,36.0,27573.0
South,28085,MS,Lincoln County,14.795,10751,0.0,0.24937655860349128,20.0,39701.0
South,28087,MS,Lowndes County,22.403,21599,0.5278022130654197,0.13368983957219252,21.0,44142.0
South,28089,MS,Madison County,45.661,51000,0.4764705882352941,0.39853869146462967,12.0,65870.0
South,28091,MS,Marion County,12.746,6887,0.0,0.35650623885918004,27.0,33416.0
South,28093,MS,Marshall County,13.048,6970,0.0,0.7246376811594203,23.0,37561.0
South,28095,MS,Monroe County,15.574,7557,0.0,0.16,19.0,38208.0
South,28097,MS,Montgomery County,18.337,2400,0.0,0.0,24.0,34946.0
South,28099,MS,Neshoba County,14.363,7954,0.0,0.20080321285140562,23.0,37195.0
South,28101,MS,Newton County,15.797,3734,0.0,0.0,22.0,37468.0
South,28103,MS,Noxubee County,14.52,1767,0.0,0.0,32.0,29330.0
South,28105,MS,Oktibbeha County,41.981,12825,0.8810916179337231,0.4540295119182747,28.0,36105.0
South,28107,MS,Panola County,15.591,7850,0.0,0.0,23.0,35570.0
South,28109,MS,Pearl River County,14.19,7873,0.0,0.0,19.0,43654.0
South,28111,MS,Perry County,9.005,1633,0.0,0.0,21.0,38064.0
South,28113,MS,Pike County,15.695,13065,0.0,0.10615711252653928,30.0,32485.0
South,28115,MS,Pontotoc County,14.733,11635,0.0,0.4056795131845842,18.0,41455.0
South,28117,MS,Prentiss County,11.96,5805,0.0,0.411522633744856,24.0,36558.0
South,28119,MS,Quitman County,12.925,756,0.0,0.0,34.0,26210.0
South,28121,MS,Rankin County,29.583,55571,0.21234096921055948,0.21953896816684962,10.0,62284.0
South,28123,MS,Scott County,11.789,10502,0.0,0.21052631578947367,23.0,34452.0
South,28125,MS,Sharkey County,18.971,771,0.0,0.0,35.0,27880.0
South,28127,MS,Simpson County,12.75,5670,0.0,0.24154589371980675,23.0,39568.0
South,28129,MS,Smith County,11.947,2300,0.0,0.0,19.0,38521.0
South,28131,MS,Stone County,14.009,3088,0.0,0.7407407407407407,20.0,41884.0
South,28133,MS,Sunflower County,14.141,5439,0.0,0.22779043280182232,35.0,29529.0
South,28135,MS,Tallahatchie County,8.914,1814,0.0,0.0,37.0,29233.0
South,28137,MS,Tate County,16.17,3923,0.0,0.0,17.0,45643.0
South,28139,MS,Tippah County,13.65,5280,0.0,0.5617977528089888,25.0,38571.0
South,28141,MS,Tishomingo County,10.872,5003,0.0,0.27932960893854747,18.0,37909.0
South,28143,MS,Tunica County,18.976,7319,0.0,0.0,31.0,30241.0
South,28145,MS,Union County,15.52,9608,0.0,0.0,13.0,44880.0
South,28147,MS,Walthall County,9.739,1911,0.0,0.4672897196261682,24.0,32016.0
South,28149,MS,Warren County,23.629,16058,0.5853780047328434,0.19743336623889438,24.0,41162.0
South,28151,MS,Washington County,18.521,14338,0.34174919793555586,0.0,34.0,30187.0
South,28153,MS,Wayne County,11.555,4226,0.0,0.0,25.0,35545.0
South,28155,MS,Webster County,18.511,1363,0.0,0.0,21.0,39192.0
South,28157,MS,Wilkinson County,13.043,1359,0.0,0.0,35.0,26390.0
South,28159,MS,Winston County,17.259,4990,0.0,0.0,23.0,36091.0
South,28161,MS,Yalobusha County,13.612,2429,0.0,0.0,23.0,35312.0
South,28163,MS,Yazoo County,12.853,4116,0.17006802721088435,0.0,35.0,31773.0
Midwest,29001,MO,Adair County,30.49,7929,0.0882835162063312,0.15873015873015872,24.0,36819.0
Midwest,29003,MO,Andrew County,23.982,1758,0.0,0.3184713375796178,10.0,53356.0
Midwest,29005,MO,Atchison County,22.332,1296,0.0,0.49504950495049505,13.0,45966.0
Midwest,29007,MO,Audrain County,12.594,6998,0.0,0.5504587155963303,17.0,42463.0
Midwest,29009,MO,Barry County,12.812,14648,0.0,0.4065040650406504,21.0,38060.0
Midwest,29011,MO,Barton County,15.183,2667,0.0,0.0,16.0,40349.0
Midwest,29013,MO,Bates County,13.777,2773,0.0,0.821917808219178,14.0,42133.0
Midwest,29015,MO,Benton County,10.594,2254,0.0,0.26109660574412535,18.0,36413.0
Midwest,29017,MO,Bollinger County,9.448,1443,0.0,0.46511627906976744,17.0,40935.0
Midwest,29019,MO,Boone County,46.75,77527,2.6777767745430623,0.6422607578676943,17.0,52824.0
Midwest,29021,MO,Buchanan County,20.481,44180,0.052059755545495696,0.3064798598949212,18.0,47517.0
Midwest,29023,MO,Butler County,15.604,15479,0.0,0.1610305958132045,22.0,35494.0
Midwest,29025,MO,Caldwell County,17.853,1118,0.0,0.6993006993006993,13.0,44952.0
Midwest,29027,MO,Callaway County,20.461,12098,0.0,0.13550135501355012,12.0,53186.0
Midwest,29029,MO,Camden County,21.32,13229,0.06047320281200393,0.27739251040221913,17.0,47373.0
Midwest,29031,MO,Cape Girardeau County,29.856,38503,0.314261226397943,0.2044153720359771,15.0,50227.0
Midwest,29033,MO,Carroll County,17.318,1636,0.0,0.0,17.0,44581.0
Midwest,29035,MO,Carter County,12.15,1006,0.0,0.0,21.0,33283.0
Midwest,29037,MO,Cass County,25.284,21209,0.4102032156160121,0.8620689655172413,9.0,64422.0
Midwest,29039,MO,Cedar County,14.852,2420,0.0,0.0,20.0,35998.0
Midwest,29041,MO,Chariton County,15.768,1354,0.0,0.0,13.0,44229.0
Midwest,29043,MO,Christian County,26.471,14957,1.9455773216554122,0.7386363636363636,11.0,54273.0
Midwest,29045,MO,Clark County,12.312,943,0.0,0.0,16.0,43975.0
Midwest,29047,MO,Clay County,31.876,100582,0.6601578811318128,0.5709785390824965,8.0,65973.0
Midwest,29049,MO,Clinton County,18.593,2968,0.0,1.0582010582010581,10.0,58371.0
Midwest,29051,MO,Cole County,31.74,35026,3.3575058527950663,0.7073386383731212,11.0,55767.0
Midwest,29053,MO,Cooper County,20.49,3934,0.0,0.0,15.0,47187.0
Midwest,29055,MO,Crawford County,12.511,5741,0.0,0.19801980198019803,19.0,41139.0
Midwest,29057,MO,Dade County,14.929,1251,0.0,0.0,18.0,37884.0
Midwest,29059,MO,Dallas County,13.157,2440,0.0,0.31645569620253167,19.0,36178.0
Midwest,29061,MO,Daviess County,16.823,924,0.0,0.0,17.0,43519.0
Midwest,29063,MO,DeKalb County,13.58,1956,0.0,0.46511627906976744,16.0,46835.0
Midwest,29065,MO,Dent County,12.571,3632,0.0,0.2518891687657431,20.0,38722.0
Midwest,29067,MO,Douglas County,9.428,2090,0.0,0.49019607843137253,20.0,33121.0
Midwest,29069,MO,Dunklin County,11.447,7157,0.0,0.25094102885821834,27.0,33237.0
Midwest,29071,MO,Franklin County,19.725,35408,0.2202892001807501,0.26286143447239957,11.0,55496.0
Midwest,29073,MO,Gasconade County,16.401,4246,0.0,0.0,12.0,48593.0
Midwest,29075,MO,Gentry County,19.434,1818,0.0,0.0,15.0,42402.0
Midwest,29077,MO,Greene County,29.882,154610,1.5400038807321648,0.5305039787798409,17.0,42802.0
Midwest,29079,MO,Grundy County,18.675,2631,0.0,0.0,17.0,40303.0
Midwest,29081,MO,Harrison County,13.915,2004,0.0,0.49019607843137253,18.0,39021.0
Midwest,29083,MO,Henry County,15.469,6900,0.0,0.0,21.0,42607.0
Midwest,29085,MO,Hickory County,9.813,842,0.0,0.6578947368421053,19.0,33649.0
Midwest,29087,MO,Holt County,20.09,928,0.0,0.7407407407407407,14.0,42240.0
Midwest,29089,MO,Howard County,25.312,2226,0.0,0.0,16.0,48518.0
Midwest,29091,MO,Howell County,14.375,12416,0.45908505154639173,0.9795191451469278,21.0,36323.0
Midwest,29093,MO,Iron County,11.379,1839,0.0,0.0,22.0,34133.0
Midwest,29095,MO,Jackson County,29.427,338535,2.3344705864977033,0.6007104053489344,16.0,50822.0
Midwest,29097,MO,Jasper County,22.056,48567,0.3047336668931579,0.3896563939071909,18.0,44699.0
Midwest,29099,MO,Jefferson County,18.431,41468,1.0465901417960837,0.5174963035978315,10.0,61508.0
Midwest,29101,MO,Johnson County,27.791,10548,1.5547971179370497,0.42462845010615713,14.0,50257.0
Midwest,29103,MO,Knox County,15.512,709,0.0,0.0,19.0,36770.0
Midwest,29105,MO,Laclede County,13.673,11681,0.0,0.3836317135549872,16.0,40885.0
Midwest,29107,MO,Lafayette County,18.322,6389,0.0,0.1404494382022472,13.0,52065.0
Midwest,29109,MO,Lawrence County,16.208,7174,0.08363534987454697,0.272108843537415,15.0,41934.0
Midwest,29111,MO,Lewis County,13.938,2140,0.0,0.5347593582887701,17.0,43813.0
Midwest,29113,MO,Lincoln County,15.213,8943,0.0,0.1091703056768559,11.0,56833.0
Midwest,29115,MO,Linn County,14.576,3251,0.0,0.3424657534246575,16.0,41176.0
Midwest,29117,MO,Livingston County,19.772,4982,0.0,0.2358490566037736,18.0,41759.0
Midwest,29119,MO,McDonald County,13.3,5228,0.0,0.0,21.0,37594.0
Midwest,29121,MO,Macon County,15.82,3733,0.0,0.2840909090909091,16.0,40603.0
Midwest,29123,MO,Madison County,12.267,3330,0.0,0.33444816053511706,18.0,36909.0
Midwest,29125,MO,Maries County,13.963,1065,0.0,0.0,15.0,43192.0
Midwest,29127,MO,Marion County,20.472,12304,0.0,0.35587188612099646,15.0,45187.0
Midwest,29129,MO,Mercer County,16.859,452,0.0,0.0,14.0,42239.0
Midwest,29131,MO,Miller County,15.666,6331,0.0473858790080556,0.2971768202080238,16.0,41274.0
Midwest,29133,MO,Mississippi County,11.414,2342,0.0,0.0,28.0,32388.0
Midwest,29135,MO,Moniteau County,18.282,2762,0.0,0.0,12.0,50241.0
Midwest,29137,MO,Monroe County,14.024,1573,0.0,1.0582010582010581,15.0,41630.0
Midwest,29139,MO,Montgomery County,13.509,2218,0.0,0.0,16.0,42701.0
Midwest,29141,MO,Morgan County,11.741,3330,0.0,0.20491803278688525,20.0,38412.0
Midwest,29143,MO,New Madrid County,11.104,6342,0.0,0.20491803278688525,25.0,33037.0
Midwest,29145,MO,Newton County,18.437,21028,0.28533384059349437,0.90311986863711,14.0,46170.0
Midwest,29147,MO,Nodaway County,24.972,6062,0.0,0.4192872117400419,17.0,44923.0
Midwest,29149,MO,Oregon County,12.56,1726,0.0,0.0,25.0,30126.0
Midwest,29151,MO,Osage County,19.082,3329,0.0,0.3663003663003663,9.0,55781.0
Midwest,29153,MO,Ozark County,11.471,979,0.5107252298263534,0.5882352941176471,25.0,32042.0
Midwest,29155,MO,Pemiscot County,11.662,4407,0.0,0.0,31.0,33293.0
Midwest,29157,MO,Perry County,16.108,10012,0.0,0.3875968992248062,10.0,51922.0
Midwest,29159,MO,Pettis County,17.23,17480,0.5377574370709383,0.09587727708533078,15.0,42089.0
Midwest,29161,MO,Phelps County,27.851,13867,0.11538184178264946,0.0,20.0,40738.0
Midwest,29163,MO,Pike County,13.31,4480,0.0,0.24449877750611246,18.0,43617.0
Midwest,29165,MO,Platte County,40.728,39824,1.2831458417034953,0.5860192549183759,6.0,77933.0
Midwest,29167,MO,Polk County,19.612,7627,0.20978104103841616,1.1784511784511784,17.0,44357.0
Midwest,29169,MO,Pulaski County,23.877,8539,1.6278252722801265,0.5571030640668524,14.0,50870.0
Midwest,29171,MO,Putnam County,18.444,630,0.0,0.0,18.0,40150.0
Midwest,29173,MO,Ralls County,12.706,2492,0.0,0.0,11.0,51564.0
Midwest,29175,MO,Randolph County,14.394,7679,0.0,0.16891891891891891,16.0,43386.0
Midwest,29177,MO,Ray County,13.87,2990,0.0,0.8333333333333334,11.0,57589.0
Midwest,29179,MO,Reynolds County,9.125,1410,0.0,0.0,22.0,33487.0
Midwest,29181,MO,Ripley County,11.306,2548,0.0,0.0,28.0,30796.0
Midwest,29183,MO,St. Charles County,36.146,134424,1.3025947747426054,0.7961597002692893,5.0,80696.0
Midwest,29185,MO,St. Clair County,11.449,1385,0.0,0.5952380952380952,21.0,35683.0
Midwest,29186,MO,Ste. Genevieve County,13.945,5032,0.0,0.24937655860349128,12.0,57701.0
Midwest,29187,MO,St. Francois County,13.763,18703,0.06416082981339892,0.32216494845360827,16.0,42851.0
Midwest,29189,MO,St. Louis County,42.382,588926,3.5459463497960693,0.6874386215516471,9.0,62756.0
Midwest,29195,MO,Saline County,18.847,7774,0.0,0.20618556701030927,16.0,43095.0
Midwest,29197,MO,Schuyler County,12.547,342,0.0,0.0,20.0,38134.0
Midwest,29199,MO,Scotland County,14.002,842,0.0,0.0,16.0,39399.0
Midwest,29201,MO,Scott County,13.898,13952,0.0,0.2664298401420959,18.0,41738.0
Midwest,29203,MO,Shannon County,15.036,1171,0.0,0.0,26.0,29499.0
Midwest,29205,MO,Shelby County,13.983,939,0.0,0.0,17.0,40679.0
Midwest,29207,MO,Stoddard County,13.572,8663,0.0,0.27932960893854747,19.0,37694.0
Midwest,29209,MO,Stone County,16.858,4147,0.16879672052085845,0.5813953488372093,13.0,43092.0
Midwest,29211,MO,Sullivan County,11.589,2023,0.0,0.0,17.0,40770.0
Midwest,29213,MO,Taney County,18.447,25056,0.1756066411238825,0.7637752318603382,17.0,38268.0
Midwest,29215,MO,Texas County,13.491,4238,0.0,0.0,30.0,33879.0
Midwest,29217,MO,Vernon County,16.234,5895,0.0,0.0,18.0,39036.0
Midwest,29219,MO,Warren County,18.209,6190,0.0,0.3454231433506045,12.0,54756.0
Midwest,29221,MO,Washington County,7.954,3347,0.0,0.0,22.0,35745.0
Midwest,29223,MO,Wayne County,11.853,1692,0.0,0.0,26.0,30793.0
Midwest,29225,MO,Webster County,16.195,5411,0.6837922749953798,0.45317220543806647,17.0,46989.0
Midwest,29227,MO,Worth County,17.333,225,0.0,0.0,14.0,41338.0
Midwest,29229,MO,Wright County,11.195,3484,0.0,0.0,24.0,32722.0
Midwest,29510,MO,St. Louis city,33.007,223259,2.252092860758133,0.4058694973462379,24.0,39954.0
West,30001,MT,Beaverhead County,30.865,2532,0.0,0.2604166666666667,14.0,40218.0
West,30003,MT,Big Horn County,15.736,2365,0.0,0.47393364928909953,26.0,39445.0
West,30005,MT,Blaine County,19.582,987,0.0,0.0,24.0,36852.0
West,30007,MT,Broadwater County,27.301,885,0.0,0.0,11.0,50791.0
West,30009,MT,Carbon County,29.162,2164,0.0,0.24509803921568626,10.0,53794.0
West,30011,MT,Carter County,17.14,151,0.0,0.0,14.0,47280.0
West,30013,MT,Cascade County,25.94,30825,0.22384428223844283,0.29045643153526973,14.0,45569.0
West,30015,MT,Chouteau County,24.749,692,0.0,0.0,16.0,40718.0
West,30017,MT,Custer County,19.851,4415,0.0,0.2358490566037736,11.0,48935.0
West,30019,MT,Daniels County,23.726,611,0.0,0.0,10.0,49333.0
West,30021,MT,Dawson County,18.904,2740,0.0,0.3003003003003003,11.0,55312.0
West,30023,MT,Deer Lodge County,15.899,2766,0.0,0.0,19.0,38394.0
West,30025,MT,Fallon County,14.762,1036,0.0,0.0,9.0,54158.0
West,30027,MT,Fergus County,28.602,3267,0.0,0.0,15.0,45520.0
West,30029,MT,Flathead County,28.925,38091,0.9687327715208317,0.611695620259359,12.0,50249.0
West,30031,MT,Gallatin County,48.019,45778,1.9987767049674516,0.7709251101321586,11.0,60439.0
West,30033,MT,Garfield County,14.644,130,0.0,0.0,14.0,43328.0
West,30035,MT,Glacier County,18.258,2234,0.0,0.0,28.0,37207.0
West,30037,MT,Golden Valley County,23.56,85,0.0,0.0,18.0,38276.0
West,30039,MT,Granite County,25.01,635,0.0,0.0,13.0,43469.0
West,30041,MT,Hill County,23.488,5191,0.0,0.19230769230769232,20.0,41705.0
West,30043,MT,Jefferson County,33.069,1945,0.0,0.0,9.0,62734.0
West,30045,MT,Judith Basin County,31.338,201,0.0,0.0,13.0,44607.0
West,30047,MT,Lake County,24.945,5534,0.10842067220816769,0.7547169811320755,19.0,40888.0
West,30049,MT,Lewis and Clark County,37.488,25535,1.7622870569806148,0.8024966562639322,10.0,60370.0
West,30051,MT,Liberty County,18.403,356,0.0,0.0,20.0,38535.0
West,30053,MT,Lincoln County,18.959,3948,0.8358662613981763,1.1824324324324325,19.0,37793.0
West,30055,MT,McCone County,16.425,351,0.0,0.0,16.0,46001.0
West,30057,MT,Madison County,26.554,1446,0.0,0.0,11.0,51252.0
West,30059,MT,Meagher County,21.225,298,0.0,2.816901408450704,18.0,39284.0
West,30061,MT,Mineral County,12.664,844,0.0,0.0,18.0,39933.0
West,30063,MT,Missoula County,41.816,49585,1.4782696379953615,0.7751937984496124,15.0,47086.0
West,30065,MT,Musselshell County,14.591,876,0.0,0.0,17.0,42103.0
West,30067,MT,Park County,35.206,5083,0.4918355301987016,0.7509386733416771,12.0,45405.0
West,30069,MT,Petroleum County,21.289,29,0.0,0.0,15.0,43230.0
West,30071,MT,Phillips County,17.39,821,0.0,0.7407407407407407,16.0,42550.0
West,30073,MT,Pondera County,22.675,1327,0.0,0.0,18.0,39984.0
West,30075,MT,Powder River County,25.355,309,0.0,0.0,11.0,47996.0
West,30077,MT,Powell County,18.032,1019,0.0,0.6369426751592356,18.0,44863.0
West,30079,MT,Prairie County,19.17,146,0.0,0.0,12.0,43592.0
West,30081,MT,Ravalli County,25.752,9181,0.7624441781940965,0.7575757575757576,14.0,44851.0
West,30083,MT,Richland County,18.413,5841,0.0,0.0,8.0,65277.0
West,30085,MT,Roosevelt County,14.156,1994,0.0,0.4672897196261682,24.0,40129.0
West,30087,MT,Rosebud County,19.814,2429,0.0,0.0,17.0,53946.0
West,30089,MT,Sanders County,16.376,2125,0.1411764705882353,1.36986301369863,18.0,38486.0
West,30091,MT,Sheridan County,20.061,950,0.0,0.0,11.0,49112.0
West,30093,MT,Silver Bow County,25.934,12935,0.7035175879396985,0.3508771929824561,16.0,45231.0
West,30095,MT,Stillwater County,25.445,2640,0.0,0.0,8.0,59905.0
West,30097,MT,Sweet Grass County,24.703,1130,0.0,1.1695906432748537,10.0,49666.0
West,30099,MT,Teton County,22.267,1095,0.0,0.0,14.0,46185.0
West,30101,MT,Toole County,14.693,1562,0.0,0.0,17.0,42689.0
West,30103,MT,Treasure County,19.833,52,0.0,0.0,10.0,50770.0
West,30105,MT,Valley County,21.501,2314,0.0,0.0,13.0,47028.0
West,30107,MT,Wheatland County,19.074,397,0.0,1.8181818181818181,19.0,37360.0
West,30109,MT,Wibaux County,20.144,127,0.0,0.0,11.0,47908.0
West,30111,MT,Yellowstone County,29.229,70372,0.4433581538111749,0.552190951193445,9.0,57351.0
Midwest,31001,NE,Adams County,22.563,13612,0.08081104907434616,0.0,13.0,48010.0
Midwest,31003,NE,Antelope County,18.566,1498,0.0,0.0,11.0,48799.0
Midwest,31005,NE,Arthur County,26.786,68,0.0,0.0,12.0,44511.0
Midwest,31007,NE,Banner County,17.047,33,0.0,0.0,13.0,51049.0
Midwest,31009,NE,Blaine County,25.064,11,0.0,0.0,16.0,48974.0
Midwest,31011,NE,Boone County,17.652,1471,0.0,0.0,10.0,52844.0
Midwest,31013,NE,Box Butte County,15.715,2791,0.0,0.0,12.0,56537.0
Midwest,31015,NE,Boyd County,19.604,397,0.0,0.0,15.0,41461.0
Midwest,31017,NE,Brown County,18.706,842,0.7125890736342043,0.0,14.0,44709.0
Midwest,31019,NE,Buffalo County,33.474,23040,0.6901041666666666,0.3061849357011635,11.0,57036.0
Midwest,31021,NE,Burt County,17.827,1166,0.0,0.0,11.0,51054.0
Midwest,31023,NE,Butler County,17.447,2083,0.0,0.0,9.0,55285.0
Midwest,31025,NE,Cass County,24.935,3853,0.3373994290163509,0.0,8.0,63707.0
Midwest,31027,NE,Cedar County,17.596,1888,0.0,0.33003300330033003,9.0,53864.0
Midwest,31029,NE,Chase County,18.491,1107,0.0,0.0,9.0,51695.0
Midwest,31031,NE,Cherry County,19.073,1574,0.0,0.44052863436123346,12.0,48933.0
Midwest,31033,NE,Cheyenne County,24.44,4687,0.0,0.6779661016949152,9.0,52565.0
Midwest,31035,NE,Clay County,18.648,1118,0.0,0.0,11.0,51712.0
Midwest,31037,NE,Colfax County,13.914,3712,0.0,0.0,10.0,50901.0
Midwest,31039,NE,Cuming County,19.951,2603,0.0,0.27932960893854747,9.0,56419.0
Midwest,31041,NE,Custer County,21.439,2954,0.0,0.0,12.0,47199.0
Midwest,31043,NE,Dakota County,12.985,11397,0.0,0.4576659038901602,12.0,53332.0
Midwest,31045,NE,Dawes County,34.674,2155,0.0,0.7633587786259542,17.0,44496.0
Midwest,31047,NE,Dawson County,15.217,9800,0.0,0.0,13.0,51688.0
Midwest,31049,NE,Deuel County,17.827,312,0.0,0.0,12.0,48546.0
Midwest,31051,NE,Dixon County,18.964,1065,0.0,0.0,9.0,52436.0
Midwest,31053,NE,Dodge County,18.913,15878,0.0,0.09737098344693282,12.0,51704.0
Midwest,31055,NE,Douglas County,37.606,311016,2.6345911464361964,0.8135810377962844,12.0,59226.0
Midwest,31057,NE,Dundy County,19.532,315,0.0,0.0,12.0,43459.0
Midwest,31059,NE,Fillmore County,19.502,1758,0.0,0.0,10.0,53037.0
Midwest,31061,NE,Franklin County,18.761,411,0.0,1.3333333333333333,13.0,45456.0
Midwest,31063,NE,Frontier County,18.739,428,0.0,0.0,13.0,55089.0
Midwest,31065,NE,Furnas County,16.754,1347,0.0,0.0,14.0,44219.0
Midwest,31067,NE,Gage County,20.121,7514,0.11977641735427202,0.15037593984962405,11.0,44166.0
Midwest,31069,NE,Garden County,21.917,249,0.0,0.0,16.0,38701.0
Midwest,31071,NE,Garfield County,18.498,601,0.0,0.0,13.0,44016.0
Midwest,31073,NE,Gosper County,20.905,195,0.0,0.0,10.0,55373.0
Midwest,31075,NE,Grant County,21.957,108,0.0,0.0,10.0,55830.0
Midwest,31077,NE,Greeley County,16.598,316,0.0,0.0,14.0,45429.0
Midwest,31079,NE,Hall County,18.977,30454,0.04925461351546595,0.1063264221158958,13.0,52315.0
Midwest,31081,NE,Hamilton County,25.27,2820,0.0,0.9646302250803859,8.0,63996.0
Midwest,31083,NE,Harlan County,16.474,609,0.0,0.0,12.0,45626.0
Midwest,31085,NE,Hayes County,20.58,53,0.0,0.0,17.0,46401.0
Midwest,31087,NE,Hitchcock County,14.726,440,0.0,0.0,13.0,43502.0
Midwest,31089,NE,Holt County,21.168,3451,0.0,0.234192037470726,11.0,54055.0
Midwest,31091,NE,Hooker County,23.66,95,0.0,0.0,8.0,47526.0
Midwest,31093,NE,Howard County,20.305,1068,0.0,0.0,11.0,54803.0
Midwest,31095,NE,Jefferson County,14.86,2656,0.0,0.42016806722689076,11.0,47750.0
Midwest,31097,NE,Johnson County,16.029,862,0.0,0.0,13.0,47592.0
Midwest,31099,NE,Kearney County,23.864,1710,0.0,1.7647058823529411,9.0,66321.0
Midwest,31101,NE,Keith County,21.644,2640,0.0,0.29069767441860467,13.0,46431.0
Midwest,31103,NE,Keya Paha County,18.761,55,0.0,0.0,16.0,47282.0
Midwest,31105,NE,Kimball County,15.606,949,0.0,1.6129032258064515,13.0,45091.0
Midwest,31107,NE,Knox County,20.179,1621,0.0,0.0,13.0,46647.0
Midwest,31109,NE,Lancaster County,37.302,136325,3.0926095727122687,0.9374629168149994,12.0,58873.0
Midwest,31111,NE,Lincoln County,21.681,11970,0.07518796992481203,0.09487666034155598,9.0,57445.0
Midwest,31113,NE,Logan County,20.765,58,0.0,0.0,10.0,50979.0
Midwest,31115,NE,Loup County,21.891,24,0.0,0.0,16.0,47918.0
Midwest,31117,NE,McPherson County,24.534,22,0.0,0.0,12.0,49265.0
Midwest,31119,NE,Madison County,19.655,18045,0.29925187032418954,0.30257186081694404,14.0,49625.0
Midwest,31121,NE,Merrick County,15.959,1660,0.0,0.4291845493562232,10.0,52112.0
Midwest,31123,NE,Morrill County,18.988,632,0.0,0.0,17.0,44398.0
Midwest,31125,NE,Nance County,17.34,496,0.0,0.0,13.0,47579.0
Midwest,31127,NE,Nemaha County,28.81,1502,0.0,0.0,13.0,49242.0
Midwest,31129,NE,Nuckolls County,16.615,1130,0.0,0.0,13.0,41840.0
Midwest,31131,NE,Otoe County,20.727,5031,0.0,0.4282655246252677,10.0,55030.0
Midwest,31133,NE,Pawnee County,16.17,506,0.0,0.0,15.0,42389.0
Midwest,31135,NE,Perkins County,23.122,887,0.0,0.0,11.0,59732.0
Midwest,31137,NE,Phelps County,23.282,3913,0.0,0.0,9.0,57432.0
Midwest,31139,NE,Pierce County,21.382,1538,0.0,0.42735042735042733,10.0,55586.0
Midwest,31141,NE,Platte County,21.394,15936,0.0,0.0984251968503937,9.0,59288.0
Midwest,31143,NE,Polk County,21.505,1023,0.0,0.0,8.0,53881.0
Midwest,31145,NE,Red Willow County,18.208,3778,0.0,0.0,11.0,48783.0
Midwest,31147,NE,Richardson County,19.103,1877,0.0,0.0,12.0,45256.0
Midwest,31149,NE,Rock County,17.479,333,0.0,0.0,14.0,48802.0
Midwest,31151,NE,Saline County,14.571,6005,0.0,0.0,12.0,51222.0
Midwest,31153,NE,Sarpy County,38.384,52676,6.088161591616675,0.7504168982768205,6.0,74374.0
Midwest,31155,NE,Saunders County,26.113,3993,0.0,0.37243947858473,7.0,66330.0
Midwest,31157,NE,Scotts Bluff County,21.381,13095,0.045819014891179836,0.27726432532347506,16.0,46641.0
Midwest,31159,NE,Seward County,27.183,5669,0.0,0.0,8.0,66102.0
Midwest,31161,NE,Sheridan County,25.054,951,0.0,0.0,16.0,41128.0
Midwest,31163,NE,Sherman County,15.857,561,0.0,1.1235955056179776,12.0,43657.0
Midwest,31165,NE,Sioux County,29.065,32,0.0,0.0,16.0,48891.0
Midwest,31167,NE,Stanton County,19.19,1967,0.0,0.0,8.0,57857.0
Midwest,31169,NE,Thayer County,19.588,1974,0.0,0.0,11.0,48668.0
Midwest,31171,NE,Thomas County,23.769,220,0.0,0.0,14.0,49449.0
Midwest,31173,NE,Thurston County,15.873,1425,0.0,0.0,25.0,43737.0
Midwest,31175,NE,Valley County,20.628,1306,0.0,0.0,12.0,43405.0
Midwest,31177,NE,Washington County,30.582,6807,0.08814455707360071,0.338409475465313,7.0,70727.0
Midwest,31179,NE,Wayne County,36.334,3194,0.0,0.0,12.0,52764.0
Midwest,31181,NE,Webster County,20.766,638,0.0,0.0,13.0,41616.0
Midwest,31183,NE,Wheeler County,16.558,134,0.0,0.0,11.0,46838.0
Midwest,31185,NE,York County,28.349,6381,0.09402914903620123,0.19305019305019305,11.0,53960.0
West,32001,NV,Churchill County,16.585,5518,1.7578832910474809,0.20876826722338204,14.0,50292.0
West,32003,NV,Clark County,22.824,847203,1.3589423078058034,1.2902791490889507,15.0,54455.0
West,32005,NV,Douglas County,26.322,16841,1.0510064722997448,1.8610421836228288,10.0,61988.0
West,32007,NV,Elko County,18.119,20350,0.0,0.18018018018018017,10.0,70242.0
West,32009,NV,Esmeralda County,16.815,201,0.0,0.0,15.0,48693.0
West,32013,NV,Humboldt County,13.953,5611,0.0,0.0,12.0,68999.0
West,32015,NV,Lander County,14.103,1413,0.0,0.0,12.0,71814.0
West,32017,NV,Lincoln County,22.744,618,0.0,1.2048192771084338,14.0,49874.0
West,32019,NV,Lyon County,14.489,10218,0.11743981209630065,0.9925558312655087,12.0,51344.0
West,32021,NV,Mineral County,11.787,1009,0.0,0.0,18.0,41892.0
West,32023,NV,Nye County,12.124,8752,0.5827239488117002,1.3595166163141994,16.0,48001.0
West,32027,NV,Pershing County,11.011,1071,0.0,1.3888888888888888,18.0,56984.0
West,32029,NV,Storey County,23.127,653,0.0,1.1363636363636365,8.0,60066.0
West,32031,NV,Washoe County,28.982,186628,2.4583663758921492,1.1668036154478225,13.0,58253.0
West,32033,NV,White Pine County,14.04,2728,0.0,0.0,15.0,54832.0
West,32510,NV,Carson City,20.976,21862,0.9468484127710182,1.3569937369519833,13.0,52253.0
Northeast,33001,NH,Belknap County,30.465,21310,0.18301267010793054,0.11080332409972299,10.0,57779.0
Northeast,33003,NH,Carroll County,33.563,16502,0.9392800872621501,0.5327650506126798,11.0,56836.0
Northeast,33005,NH,Cheshire County,31.439,27234,0.6719541749283984,0.7372301211163771,9.0,57286.0
Northeast,33007,NH,Coos County,17.757,9053,0.0,0.11723329425556858,14.0,45127.0
Northeast,33009,NH,Grafton County,38.86,49080,1.3936430317848412,0.3866432337434095,10.0,60335.0
Northeast,33011,NH,Hillsborough County,36.25,184677,4.5327788517249035,1.160453216374269,8.0,75997.0
Northeast,33013,NH,Merrimack County,34.945,64576,0.5915510406342914,0.7901234567901234,7.0,69320.0
Northeast,33015,NH,Rockingham County,39.603,139449,2.991774770704702,0.8172131995448433,4.0,82016.0
Northeast,33017,NH,Strafford County,34.814,38715,1.012527444143097,0.648854961832061,8.0,69467.0
Northeast,33019,NH,Sullivan County,26.791,11804,0.17790579464588274,0.4371584699453552,10.0,58021.0
Northeast,34001,NJ,Atlantic County,25.888,105922,1.0904250297388645,0.2856236115518883,14.0,55672.0
Northeast,34003,NJ,Bergen County,47.568,437598,4.094397140754757,0.9132564386158951,7.0,93205.0
Northeast,34005,NJ,Burlington County,36.363,182219,2.1622333565654515,0.5747126436781609,6.0,80081.0
Northeast,34007,NJ,Camden County,30.644,178732,3.567911733768995,0.6919505999824823,12.0,65838.0
Northeast,34009,NJ,Cape May County,30.503,27491,0.46196937179440545,0.15620932048945588,12.0,59181.0
Northeast,34011,NJ,Cumberland County,14.271,46097,0.06074147992277155,0.17761989342806395,18.0,48867.0
Northeast,34013,NJ,Essex County,33.329,289030,1.6430820330069542,0.5489527261098971,16.0,54879.0
Northeast,34015,NJ,Gloucester County,29.938,93340,1.1827726590957788,0.553877139979859,8.0,79332.0
Northeast,34017,NJ,Hudson County,38.552,219848,4.838342855063498,1.0157592053177982,16.0,63157.0
Northeast,34019,NJ,Hunterdon County,49.613,43742,3.3446115861186048,0.716370390023879,5.0,113336.0
Northeast,34021,NJ,Mercer County,40.438,190694,6.811436122793586,0.6821705426356589,11.0,76988.0
Northeast,34023,NJ,Middlesex County,41.468,387607,11.960310314313208,0.8201227893338221,9.0,82183.0
Northeast,34025,NJ,Monmouth County,43.286,241367,3.935500710536237,0.6951340615690169,7.0,89968.0
Northeast,34027,NJ,Morris County,51.878,296580,6.583721087059141,0.7064176245210728,5.0,107019.0
Northeast,34029,NJ,Ocean County,27.482,142730,0.8708750788201499,0.8274688732503287,11.0,62276.0
Northeast,34031,NJ,Passaic County,26.711,146408,2.5565542866510027,0.5367021715795558,17.0,61517.0
Northeast,34033,NJ,Salem County,20.268,17727,0.11282224854741355,0.0876424189307625,13.0,56071.0
Northeast,34035,NJ,Somerset County,52.965,190814,9.62350770907795,0.6820461384152458,5.0,104668.0
Northeast,34037,NJ,Sussex County,33.748,32680,0.5538555691554468,0.3725551071095933,6.0,87549.0
Northeast,34039,NJ,Union County,33.394,201299,3.6468139434373743,0.5530892948111491,11.0,71801.0
Northeast,34041,NJ,Warren County,30.44,28038,0.6669519937228048,0.7825370675453048,8.0,74834.0
West,35001,NM,Bernalillo County,32.783,268851,7.142246076823222,0.5064893953782843,16.0,50599.0
West,35003,NM,Catron County,24.76,418,0.0,0.0,23.0,34868.0
West,35005,NM,Chaves County,19.288,16623,0.05414185165132648,0.2145922746781116,22.0,40573.0
West,35006,NM,Cibola County,12.446,4830,0.0,0.0,27.0,36651.0
West,35007,NM,Colfax County,22.132,3492,0.0,0.0,21.0,38426.0
West,35009,NM,Curry County,19.732,12940,1.1051004636785162,0.09363295880149813,19.0,43450.0
West,35011,NM,De Baca County,9.543,249,0.0,0.0,21.0,32820.0
West,35013,NM,Dona Ana County,27.53,51225,1.499267935578331,0.24896265560165975,26.0,38287.0
West,35015,NM,Eddy County,16.97,22717,0.19368754677114056,0.2099370188943317,15.0,57287.0
West,35017,NM,Grant County,27.395,6909,0.0,0.33222591362126247,23.0,39750.0
West,35019,NM,Guadalupe County,13.855,1013,0.0,0.0,25.0,31547.0
West,35021,NM,Harding County,25.771,38,0.0,0.0,14.0,37027.0
West,35023,NM,Hidalgo County,15.445,893,0.0,1.0101010101010102,27.0,33605.0
West,35025,NM,Lea County,13.071,23098,0.11689323750974111,0.059453032104637336,18.0,52213.0
West,35027,NM,Lincoln County,28.576,5080,0.0,0.14771048744460857,18.0,41214.0
West,35028,NM,Los Alamos County,64.591,13079,0.33641715727502103,0.546448087431694,4.0,114670.0
West,35029,NM,Luna County,12.533,4457,0.0,0.0,28.0,28227.0
West,35031,NM,McKinley County,11.0,16491,0.0,0.20161290322580644,34.0,31505.0
West,35033,NM,Mora County,13.181,319,0.0,0.0,25.0,34602.0
West,35035,NM,Otero County,17.627,12243,0.42473250020419834,0.31185031185031187,21.0,41995.0
West,35037,NM,Quay County,15.178,1900,0.0,0.0,25.0,28996.0
West,35039,NM,Rio Arriba County,18.11,6134,0.3912618193674601,0.0,23.0,37174.0
West,35041,NM,Roosevelt County,22.666,3498,0.0,0.303951367781155,22.0,37122.0
West,35043,NM,Sandoval County,29.75,25825,2.466602129719264,0.7571345369831101,15.0,58621.0
West,35045,NM,San Juan County,15.47,37010,0.2296676573898946,0.0,17.0,50847.0
West,35047,NM,San Miguel County,19.315,6271,0.0,0.0,26.0,31734.0
West,35049,NM,Santa Fe County,40.958,46628,1.336107060135541,0.6136267456622937,14.0,57469.0
West,35051,NM,Sierra County,17.669,2411,0.0,0.0,27.0,30467.0
West,35053,NM,Socorro County,19.576,3087,0.0,0.0,25.0,33239.0
West,35055,NM,Taos County,28.045,8603,0.32546786004882017,0.746268656716418,22.0,34075.0
West,35057,NM,Torrance County,17.695,1724,0.0,0.45662100456621,27.0,36347.0
West,35059,NM,Union County,15.922,946,0.0,1.0204081632653061,20.0,37787.0
West,35061,NM,Valencia County,17.123,10702,0.0,0.3282275711159737,19.0,43819.0
Northeast,36001,NY,Albany County,39.728,181194,4.473658068147952,0.7239534151715454,12.0,61634.0
Northeast,36003,NY,Allegany County,20.48,11776,0.0,0.0,18.0,45226.0
Northeast,36005,NY,Bronx County,19.132,260629,0.14733586822648284,0.1941747572815534,29.0,37355.0
Northeast,36007,NY,Broome County,27.758,71043,0.9585743845276804,0.6828349423122204,17.0,49927.0
Northeast,36009,NY,Cattaraugus County,18.128,22925,0.1395856052344602,0.36877688998156116,15.0,46224.0
Northeast,36011,NY,Cayuga County,21.622,19993,0.1200420147051468,0.4323656578134651,13.0,53437.0
Northeast,36013,NY,Chautauqua County,20.841,40961,0.22460389150655502,0.3472222222222222,19.0,42664.0
Northeast,36015,NY,Chemung County,24.444,30971,0.0,0.11166945840312674,15.0,50722.0
Northeast,36017,NY,Chenango County,17.435,14213,0.26032505452754523,0.21645021645021645,15.0,45193.0
Northeast,36019,NY,Clinton County,22.241,24672,0.40126459143968873,0.43811610076670315,14.0,53392.0
Northeast,36021,NY,Columbia County,29.52,16156,0.7365684575389948,0.2243409983174425,13.0,57579.0
Northeast,36023,NY,Cortland County,24.782,15477,0.4135168314272792,0.39800995024875624,16.0,51810.0
Northeast,36025,NY,Delaware County,21.303,10593,0.06608137449258944,0.2835538752362949,18.0,45381.0
Northeast,36027,NY,Dutchess County,33.971,96151,0.4045719753304698,0.3297717979158422,9.0,73680.0
Northeast,36029,NY,Erie County,32.199,417701,3.3045168673285437,0.48256196534327706,14.0,54175.0
Northeast,36031,NY,Essex County,24.6,9865,0.0,0.08496176720475786,13.0,50506.0
Northeast,36033,NY,Franklin County,18.401,10733,0.0,0.20855057351407716,18.0,49062.0
Northeast,36035,NY,Fulton County,17.003,14203,0.5491797507568823,0.4187604690117253,15.0,45982.0
Northeast,36037,NY,Genesee County,21.231,16567,0.20522725900887306,0.07727975270479134,11.0,54211.0
Northeast,36039,NY,Greene County,20.275,10475,0.5632458233890215,0.6974716652136007,16.0,49860.0
Northeast,36041,NY,Hamilton County,21.622,861,0.0,0.0,10.0,52134.0
Northeast,36043,NY,Herkimer County,21.529,12489,0.16014092401313157,0.0,16.0,49633.0
Northeast,36045,NY,Jefferson County,20.754,30183,0.5466653414173541,0.08186655751125665,15.0,46206.0
Northeast,36047,NY,Kings County,34.081,606738,1.3518190718234229,1.5098661946165461,21.0,54793.0
Northeast,36049,NY,Lewis County,15.511,4812,0.0,0.18796992481203006,16.0,48314.0
Northeast,36051,NY,Livingston County,24.476,14046,0.24206179695286914,0.24311183144246354,14.0,54256.0
Northeast,36053,NY,Madison County,26.711,17284,0.23721360796112012,0.28348688873139616,11.0,57703.0
Northeast,36055,NY,Monroe County,36.665,358650,2.7070960546493796,0.7720919747520288,15.0,54684.0
Northeast,36057,NY,Montgomery County,15.965,15201,0.30919018485625943,0.27752081406105455,20.0,42193.0
Northeast,36059,NY,Nassau County,43.544,557159,1.8710996322414248,0.8019063406547866,6.0,105486.0
Northeast,36061,NY,New York County,60.435,2245903,3.8607633544280406,1.156737446389852,17.0,77214.0
Northeast,36063,NY,Niagara County,23.494,60907,0.41538739389561136,0.4144851657940663,13.0,50328.0
Northeast,36065,NY,Oneida County,23.787,87875,1.8264580369843528,0.28559771521827826,16.0,52404.0
Northeast,36067,NY,Onondaga County,34.32,218730,2.2630640515704292,0.4270219489281749,15.0,56853.0
Northeast,36069,NY,Ontario County,32.079,46743,0.9905226451019404,0.4452054794520548,10.0,58320.0
Northeast,36071,NY,Orange County,28.697,117570,0.7995236880156502,1.2373096446700507,13.0,71963.0
Northeast,36073,NY,Orleans County,15.868,8144,0.0,0.15384615384615385,15.0,50750.0
Northeast,36075,NY,Oswego County,18.033,24454,0.12676862680951992,0.18709073900841908,17.0,52621.0
Northeast,36077,NY,Otsego County,28.503,19436,0.30870549495781024,0.21291696238466998,15.0,50034.0
Northeast,36079,NY,Putnam County,38.933,20972,0.8678237650200267,0.5565217391304348,6.0,96267.0
Northeast,36081,NY,Queens County,30.596,563339,0.7902879083464841,0.7218178518862028,13.0,61844.0
Northeast,36083,NY,Rensselaer County,29.311,43574,3.5617570110616423,0.3003003003003003,12.0,63174.0
Northeast,36085,NY,Richmond County,31.36,101055,1.1300776804710306,0.8116883116883117,13.0,75524.0
Northeast,36087,NY,Rockland County,40.423,110957,1.9286750723253152,1.556420233463035,14.0,84358.0
Northeast,36089,NY,St. Lawrence County,22.772,26637,0.5818973608139054,0.3643935450286309,18.0,50897.0
Northeast,36091,NY,Saratoga County,39.65,69665,1.797172181152659,0.6062902614626753,6.0,75904.0
Northeast,36093,NY,Schenectady County,30.582,52478,0.7526963680018294,0.13071895424836602,11.0,57923.0
Northeast,36095,NY,Schoharie County,20.485,5411,0.11088523378303455,0.3460207612456747,13.0,50244.0
Northeast,36097,NY,Schuyler County,20.841,3604,0.0,0.26109660574412535,15.0,48109.0
Northeast,36099,NY,Seneca County,19.989,8697,0.0,0.1394700139470014,14.0,48998.0
Northeast,36101,NY,Steuben County,22.348,25943,0.662991943876961,0.33222591362126247,13.0,50190.0
Northeast,36103,NY,Suffolk County,34.385,578418,2.991262374269127,0.5635923416549675,8.0,92310.0
Northeast,36105,NY,Sullivan County,22.356,20221,0.23243163048316107,0.47393364928909953,17.0,49016.0
Northeast,36107,NY,Tioga County,25.036,7691,0.9621635678065271,0.25412960609911056,13.0,55643.0
Northeast,36109,NY,Tompkins County,51.602,49767,2.226374907066932,0.9704641350210971,19.0,55778.0
Northeast,36111,NY,Ulster County,30.971,46586,0.800669729103164,0.5816368923971749,14.0,61421.0
Northeast,36113,NY,Warren County,28.417,31682,0.33773120383814154,0.38843331894691413,12.0,55769.0
Northeast,36115,NY,Washington County,20.246,10292,0.14574426739214924,0.28517110266159695,11.0,51052.0
Northeast,36117,NY,Wayne County,21.216,19996,0.2600520104020804,0.5214368482039398,10.0,58521.0
Northeast,36119,NY,Westchester County,47.304,389632,2.0947971419185283,0.4977928054851132,10.0,89380.0
Northeast,36121,NY,Wyoming County,14.997,8752,0.22851919561243145,0.0,10.0,56089.0
Northeast,36123,NY,Yates County,23.159,5016,0.07974481658692185,0.19305019305019305,14.0,48820.0
South,37001,NC,Alamance County,22.073,59118,0.1573124936567543,0.27993779160186627,16.0,46060.0
South,37003,NC,Alexander County,13.322,7620,0.0,0.3616636528028933,15.0,46385.0
South,37005,NC,Alleghany County,18.611,2185,0.0,0.40816326530612246,21.0,35965.0
South,37007,NC,Anson County,9.527,5274,0.0,0.0,25.0,35809.0
South,37009,NC,Ashe County,19.529,5663,0.07063393960798163,0.37037037037037035,16.0,39709.0
South,37011,NC,Avery County,19.802,4565,0.0,0.2109704641350211,20.0,38098.0
South,37013,NC,Beaufort County,18.564,13552,0.0590318772136954,0.09099181073703366,19.0,41431.0
South,37015,NC,Bertie County,11.542,4473,0.0,0.33003300330033003,24.0,33809.0
South,37017,NC,Bladen County,14.818,10307,0.0,0.19646365422396855,26.0,33621.0
South,37019,NC,Brunswick County,26.992,25315,0.2765158996642307,0.4084967320261438,14.0,51457.0
South,37021,NC,Buncombe County,36.574,116660,0.8983370478313046,0.7998061076102763,14.0,50538.0
South,37023,NC,Burke County,16.867,22598,0.017700681476236834,0.14255167498218105,18.0,41383.0
South,37025,NC,Cabarrus County,28.616,61850,1.16410670978173,0.8974964572508266,11.0,63059.0
South,37027,NC,Caldwell County,13.793,19092,0.17808506180599204,0.22918258212375858,17.0,39166.0
South,37029,NC,Camden County,20.359,622,0.0,0.0,9.0,65415.0
South,37031,NC,Carteret County,25.939,18618,0.22558814050918466,0.3625064733298809,12.0,51557.0
South,37033,NC,Caswell County,13.192,1549,0.0,0.425531914893617,20.0,40570.0
South,37035,NC,Catawba County,21.611,82642,0.36301154376709177,0.46454767726161367,13.0,49475.0
South,37037,NC,Chatham County,38.807,14023,1.1409826713256792,0.5693950177935944,12.0,63303.0
South,37039,NC,Cherokee County,19.236,6486,0.0,0.5181347150259067,18.0,37237.0
South,37041,NC,Chowan County,20.123,3751,0.0,0.5730659025787965,19.0,41151.0
South,37043,NC,Clay County,20.991,1623,0.0,0.970873786407767,15.0,37581.0
South,37045,NC,Cleveland County,16.303,28663,0.19188500854760493,0.31496062992125984,21.0,38654.0
South,37047,NC,Columbus County,11.979,11463,0.06106603855884149,0.40404040404040403,25.0,35290.0
South,37049,NC,Craven County,22.463,28007,1.0640197093583748,0.38095238095238093,15.0,49524.0
South,37051,NC,Cumberland County,24.113,93911,2.187177220985827,0.23218431862832647,19.0,45286.0
South,37053,NC,Currituck County,21.864,4413,0.20394289598912305,0.4754358161648177,10.0,57570.0
South,37055,NC,Dare County,29.044,14227,0.2741266605749631,0.3194888178913738,11.0,56371.0
South,37057,NC,Davidson County,18.193,50068,0.25165774546616604,0.2502681444404719,15.0,46263.0
South,37059,NC,Davie County,23.57,9295,0.17213555675094136,0.5025125628140703,12.0,54189.0
South,37061,NC,Duplin County,10.262,13375,0.0,0.11976047904191617,21.0,38771.0
South,37063,NC,Durham County,46.928,185285,12.768437812019322,1.1989100817438691,16.0,54255.0
South,37065,NC,Edgecombe County,10.389,12576,0.09541984732824428,0.0,24.0,34612.0
South,37067,NC,Forsyth County,33.604,162073,1.2142676448267138,0.579950289975145,18.0,48987.0
South,37069,NC,Franklin County,20.406,9834,0.19320724018710597,0.5934718100890207,15.0,49484.0
South,37071,NC,Gaston County,19.833,66598,0.10660980810234541,0.39408866995073893,16.0,48874.0
South,37073,NC,Gates County,14.469,845,0.0,0.0,15.0,45755.0
South,37075,NC,Graham County,13.991,1484,0.0,0.0,20.0,35763.0
South,37077,NC,Granville County,19.421,12744,0.19617074701820464,0.46029919447640966,15.0,50414.0
South,37079,NC,Greene County,9.23,2090,0.0,0.390625,24.0,39738.0
South,37081,NC,Guilford County,34.46,255000,1.4917647058823529,0.4943820224719101,18.0,47754.0
South,37083,NC,Halifax County,13.396,12633,0.0,0.0,27.0,33044.0
South,37085,NC,Harnett County,19.263,20573,0.16040441355174256,0.30193236714975846,16.0,51106.0
South,37087,NC,Haywood County,23.767,14921,0.3149922927417733,0.36791758646063283,16.0,45290.0
South,37089,NC,Henderson County,29.722,33337,0.25797162312145666,0.7262996941896025,12.0,53638.0
South,37091,NC,Hertford County,14.952,7494,0.0,0.0,26.0,35424.0
South,37093,NC,Hoke County,17.751,5393,0.0,0.6741573033707865,20.0,46004.0
South,37095,NC,Hyde County,8.749,812,0.0,0.0,22.0,37881.0
South,37097,NC,Iredell County,25.684,67228,0.7630749092639971,0.8202028922944097,11.0,56325.0
South,37099,NC,Jackson County,29.367,13197,0.18185951352580132,0.20920502092050208,21.0,44004.0
South,37101,NC,Johnston County,21.208,41461,0.23154289573333978,0.21712158808933002,13.0,55174.0
South,37103,NC,Jones County,14.035,835,0.0,0.78125,22.0,38873.0
South,37105,NC,Lee County,20.821,23380,0.0641573994867408,0.22970903522205208,17.0,46723.0
South,37107,NC,Lenoir County,13.682,23709,0.07592053650512463,0.16488046166529266,21.0,39341.0
South,37109,NC,Lincoln County,19.711,18007,0.25545621147331593,0.6785934608266502,13.0,50714.0
South,37111,NC,McDowell County,14.645,13591,0.08093591347215069,0.4225352112676056,18.0,41443.0
South,37113,NC,Macon County,22.815,9279,0.07543916370298523,0.46425255338904364,16.0,41140.0
South,37115,NC,Madison County,24.707,2716,0.4786450662739323,0.9230769230769231,19.0,40765.0
South,37117,NC,Martin County,15.783,5299,0.0,0.0,23.0,35561.0
South,37119,NC,Mecklenburg County,43.098,607555,2.522569973088856,0.9326190783529108,12.0,63197.0
South,37121,NC,Mitchell County,17.464,3849,0.0,0.0,16.0,42530.0
South,37123,NC,Montgomery County,14.511,7047,0.0,0.4149377593360996,21.0,40371.0
South,37125,NC,Moore County,34.176,30613,0.761114559174207,0.6269592476489029,11.0,54545.0
South,37127,NC,Nash County,19.574,36538,0.06294816355575018,0.19723865877712032,17.0,47403.0
South,37129,NC,New Hanover County,37.926,95838,1.3794110895469438,0.6872852233676976,17.0,51373.0
South,37131,NC,Northampton County,11.278,4213,0.0,0.0,22.0,35711.0
South,37133,NC,Onslow County,19.516,35716,0.6775674767611155,0.3997093023255814,14.0,47163.0
South,37135,NC,Orange County,57.693,43930,1.9371727748691099,1.1595971925541655,13.0,65299.0
South,37137,NC,Pamlico County,19.213,2670,0.0,0.38022813688212925,19.0,43927.0
South,37139,NC,Pasquotank County,18.877,11235,0.13351134846461948,0.0,17.0,43687.0
South,37141,NC,Pender County,23.106,8388,0.11921793037672866,0.2952755905511811,15.0,50437.0
South,37143,NC,Perquimans County,17.405,1325,0.0,0.5,17.0,45052.0
South,37145,NC,Person County,14.903,8415,0.11883541295306001,0.4411764705882353,15.0,47974.0
South,37147,NC,Pitt County,29.459,61227,0.4164829242001078,0.4731422209852491,22.0,45918.0
South,37149,NC,Polk County,31.791,3899,0.23082841754295974,0.6160164271047228,15.0,47185.0
South,37151,NC,Randolph County,15.119,39126,0.10734549915657107,0.2015316404675534,14.0,45939.0
South,37153,NC,Richmond County,13.809,12059,0.0,0.0,25.0,35367.0
South,37155,NC,Robeson County,12.629,31657,0.0,0.11086474501108648,28.0,34439.0
South,37157,NC,Rockingham County,13.831,22166,0.16692231345303618,0.36231884057971014,18.0,41620.0
South,37159,NC,Rowan County,17.625,44279,0.2009982158585334,0.5009633911368016,17.0,47971.0
South,37161,NC,Rutherford County,16.728,15846,0.10728259497665026,0.5627009646302251,19.0,38699.0
South,37163,NC,Sampson County,11.924,13928,0.21539345203905802,0.4065040650406504,20.0,41477.0
South,37165,NC,Scotland County,14.687,9785,0.0,0.3367003367003367,28.0,35138.0
South,37167,NC,Stanly County,16.105,16036,0.33050636068845096,0.5388760585065435,13.0,49106.0
South,37169,NC,Stokes County,14.317,5602,0.0,0.3225806451612903,12.0,48148.0
South,37171,NC,Surry County,15.282,27591,0.10873110796999022,0.4851425106124924,17.0,38843.0
South,37173,NC,Swain County,15.335,3681,0.0,0.2824858757062147,17.0,38996.0
South,37175,NC,Transylvania County,29.655,7598,0.34219531455646224,0.7518796992481203,17.0,44578.0
South,37177,NC,Tyrrell County,8.242,462,0.0,1.2987012987012987,27.0,33666.0
South,37179,NC,Union County,33.629,53792,1.1005353955978585,0.6407423773751657,9.0,72548.0
South,37181,NC,Vance County,11.461,13025,0.0,0.2403846153846154,24.0,34717.0
South,37183,NC,Wake County,50.071,453333,8.320594353378201,1.2003530450132391,9.0,76173.0
South,37185,NC,Warren County,14.636,2217,0.0,0.0,26.0,36285.0
South,37187,NC,Washington County,9.675,2931,0.0,0.0,26.0,35367.0
South,37189,NC,Watauga County,38.914,17694,1.68983836328699,0.7485963817841547,24.0,44014.0
South,37191,NC,Wayne County,18.664,34226,0.20160112195407,0.09358914365933552,21.0,42421.0
South,37193,NC,Wilkes County,13.761,18842,0.03715104553656724,0.2579535683576956,17.0,41640.0
South,37195,NC,Wilson County,18.564,31868,0.1537592569348563,0.2857142857142857,22.0,41352.0
South,37197,NC,Yadkin County,12.136,8630,0.0,0.3372681281618887,14.0,46276.0
South,37199,NC,Yancey County,20.143,3427,0.0,0.3194888178913738,19.0,39686.0
Midwest,38001,ND,Adams County,27.527,803,0.0,0.0,10.0,48596.0
Midwest,38003,ND,Barnes County,23.677,3956,0.0,0.273224043715847,11.0,53704.0
Midwest,38005,ND,Benson County,14.996,1043,0.0,1.1363636363636365,29.0,40787.0
Midwest,38007,ND,Billings County,24.891,285,0.0,0.0,9.0,71697.0
Midwest,38009,ND,Bottineau County,21.277,1742,0.0,0.0,11.0,54444.0
Midwest,38011,ND,Bowman County,21.941,1200,0.0,0.0,8.0,59668.0
Midwest,38013,ND,Burke County,20.869,411,0.0,0.0,9.0,63787.0
Midwest,38015,ND,Burleigh County,34.227,47091,0.5372576500817566,0.46496180670873466,7.0,66406.0
Midwest,38017,ND,Cass County,37.364,103392,3.077607551841535,0.7061379684953829,11.0,59711.0
Midwest,38019,ND,Cavalier County,18.675,1186,0.0,0.0,10.0,52880.0
Midwest,38021,ND,Dickey County,27.952,1749,0.0,0.0,11.0,54044.0
Midwest,38023,ND,Divide County,23.077,544,0.0,0.0,10.0,60315.0
Midwest,38025,ND,Dunn County,20.46,2584,0.0,0.6097560975609756,10.0,67375.0
Midwest,38027,ND,Eddy County,22.15,530,0.0,0.0,10.0,55196.0
Midwest,38029,ND,Emmons County,15.285,707,0.0,0.0,14.0,44646.0
Midwest,38031,ND,Foster County,21.632,1419,0.0,0.6666666666666666,9.0,54218.0
Midwest,38033,ND,Golden Valley County,22.312,442,0.0,0.0,10.0,56795.0
Midwest,38035,ND,Grand Forks County,33.094,34179,0.6875566868545013,0.20855057351407716,14.0,51820.0
Midwest,38037,ND,Grant County,18.062,418,0.0,0.0,16.0,39822.0
Midwest,38039,ND,Griggs County,20.266,636,0.0,0.0,10.0,49350.0
Midwest,38041,ND,Hettinger County,13.788,459,0.0,0.0,11.0,50158.0
Midwest,38043,ND,Kidder County,19.697,537,0.0,0.0,13.0,47914.0
Midwest,38045,ND,LaMoure County,22.527,1021,0.0,0.0,12.0,52563.0
Midwest,38047,ND,Logan County,13.805,461,0.0,0.0,13.0,50841.0
Midwest,38049,ND,McHenry County,20.751,779,0.0,1.6260162601626016,11.0,53719.0
Midwest,38051,ND,McIntosh County,18.276,817,0.0,0.0,12.0,42950.0
Midwest,38053,ND,McKenzie County,24.58,5435,0.0,0.0,8.0,77733.0
Midwest,38055,ND,McLean County,18.273,2589,0.0,0.0,9.0,60684.0
Midwest,38057,ND,Mercer County,20.662,4349,0.0,0.0,7.0,80072.0
Midwest,38059,ND,Morton County,25.299,10111,2.9472851350014837,0.477326968973747,9.0,65021.0
Midwest,38061,ND,Mountrail County,23.643,4111,0.0,0.0,10.0,63736.0
Midwest,38063,ND,Nelson County,19.42,779,0.0,0.0,12.0,45233.0
Midwest,38065,ND,Oliver County,17.395,547,0.0,0.0,10.0,65920.0
Midwest,38067,ND,Pembina County,20.235,2396,0.0,0.0,9.0,59244.0
Midwest,38069,ND,Pierce County,14.011,1484,0.0,0.0,13.0,44291.0
Midwest,38071,ND,Ramsey County,21.88,4668,0.0,0.0,14.0,51481.0
Midwest,38073,ND,Ransom County,17.212,1493,0.0,0.5025125628140703,8.0,56550.0
Midwest,38075,ND,Renville County,17.189,552,0.0,0.8849557522123894,8.0,57392.0
Midwest,38077,ND,Richland County,21.865,6087,0.0,0.18761726078799248,10.0,59556.0
Midwest,38079,ND,Rolette County,22.488,2375,0.0,0.5128205128205128,27.0,40595.0
Midwest,38081,ND,Sargent County,18.957,2339,0.0,0.0,8.0,59464.0
Midwest,38083,ND,Sheridan County,15.441,155,0.0,0.0,17.0,38977.0
Midwest,38085,ND,Sioux County,16.609,668,0.0,0.0,35.0,33550.0
Midwest,38087,ND,Slope County,29.331,76,0.0,0.0,11.0,54040.0
Midwest,38089,ND,Stark County,24.695,14757,0.0,0.0,8.0,78604.0
Midwest,38091,ND,Steele County,23.156,479,0.0,1.6666666666666667,8.0,61808.0
Midwest,38093,ND,Stutsman County,24.533,9659,0.0,0.14492753623188406,11.0,53769.0
Midwest,38095,ND,Towner County,18.589,520,0.0,0.0,11.0,50987.0
Midwest,38097,ND,Traill County,27.17,2778,0.0,0.0,8.0,55068.0
Midwest,38099,ND,Walsh County,16.719,3311,0.0,0.25,11.0,51481.0
Midwest,38101,ND,Ward County,26.378,27110,0.1549243821468093,0.14360938247965535,9.0,61089.0
Midwest,38103,ND,Wells County,21.262,1285,0.0,0.0,11.0,51677.0
Midwest,38105,ND,Williams County,22.509,20466,0.20521841102316035,0.0,7.0,81719.0
Midwest,39001,OH,Adams County,10.887,4354,0.0,0.2544529262086514,20.0,38302.0
Midwest,39003,OH,Allen County,17.387,46975,0.16817456093666844,0.12437810945273632,16.0,47924.0
Midwest,39005,OH,Ashland County,19.638,16447,0.0972821791208123,0.09699321047526673,12.0,50612.0
Midwest,39007,OH,Ashtabula County,13.119,24841,0.17712652469707338,0.31347962382445144,18.0,43668.0
Midwest,39009,OH,Athens County,29.126,12856,4.192594897324207,0.7590132827324478,29.0,38131.0
Midwest,39011,OH,Auglaize County,17.772,20464,0.0,0.3076923076923077,9.0,59543.0
Midwest,39013,OH,Belmont County,16.408,19935,0.13544018058690746,0.20761245674740483,16.0,45661.0
Midwest,39015,OH,Brown County,12.437,6051,0.0,0.18832391713747645,17.0,51504.0
Midwest,39017,OH,Butler County,29.134,134993,1.9141733275058708,0.6750105470397975,12.0,63094.0
Midwest,39019,OH,Carroll County,11.425,5454,0.0,0.43010752688172044,13.0,48616.0
Midwest,39021,OH,Champaign County,16.504,9619,0.0,0.17667844522968199,11.0,56203.0
Midwest,39023,OH,Clark County,17.967,41915,0.6012167481808421,0.34980323567993005,16.0,47410.0
Midwest,39025,OH,Clermont County,27.618,51395,1.418425916917988,0.7810320781032078,11.0,61203.0
Midwest,39027,OH,Clinton County,16.492,14678,0.06131625562065676,0.546448087431694,13.0,53234.0
Midwest,39029,OH,Columbiana County,13.936,26666,0.0862521563039076,0.19646365422396855,17.0,46873.0
Midwest,39031,OH,Coshocton County,12.055,8786,0.03414523104939677,0.0,13.0,45777.0
Midwest,39033,OH,Crawford County,12.672,12389,0.0,0.0,14.0,44336.0
Midwest,39035,OH,Cuyahoga County,30.891,666446,2.380537958064119,0.6457676449187485,18.0,46703.0
Midwest,39037,OH,Darke County,13.094,16443,0.2250197652496503,0.6081668114682884,11.0,52771.0
Midwest,39039,OH,Defiance County,15.753,13765,0.0,0.37359900373599003,10.0,52210.0
Midwest,39041,OH,Delaware County,52.456,79055,2.700651445196382,0.8994827973914998,5.0,102990.0
Midwest,39043,OH,Erie County,21.593,31553,0.20283332805121543,0.37817396002160997,13.0,51354.0
Midwest,39045,OH,Fairfield County,26.41,35298,0.23514080117853703,0.3020007550018875,10.0,65198.0
Midwest,39047,OH,Fayette County,14.508,9784,0.0,0.0,16.0,44257.0
Midwest,39049,OH,Franklin County,38.353,632751,3.2668458840839447,0.8039097637851047,17.0,56090.0
Midwest,39051,OH,Fulton County,17.021,15587,0.30794893180214283,0.5268703898840885,9.0,56504.0
Midwest,39053,OH,Gallia County,15.449,9487,0.0,0.18018018018018017,21.0,42074.0
Midwest,39055,OH,Geauga County,37.269,29890,1.0772833723653397,0.6637168141592921,6.0,77938.0
Midwest,39057,OH,Greene County,37.648,52846,13.3822805888809,0.45205037132709075,12.0,62751.0
Midwest,39059,OH,Guernsey County,13.65,13748,0.0,0.11534025374855825,19.0,43519.0
Midwest,39061,OH,Hamilton County,35.596,472410,2.886052369763553,0.6475265438270723,16.0,53344.0
Midwest,39063,OH,Hancock County,25.838,43153,1.2791694667809885,0.23405500292568754,10.0,56406.0
Midwest,39065,OH,Hardin County,14.4,7233,0.0,0.22172949002217296,13.0,46969.0
Midwest,39067,OH,Harrison County,9.666,3171,0.0,0.7490636704119851,17.0,44274.0
Midwest,39069,OH,Henry County,16.037,8363,0.0,0.0,8.0,57752.0
Midwest,39071,OH,Highland County,12.003,8544,0.0,0.2932551319648094,20.0,44729.0
Midwest,39073,OH,Hocking County,14.136,5309,0.0,0.20408163265306123,15.0,47799.0
Midwest,39075,OH,Holmes County,7.725,18650,0.03753351206434316,0.48231511254019294,12.0,58783.0
Midwest,39077,OH,Huron County,13.479,17302,0.2947636111432204,0.26525198938992045,12.0,51278.0
Midwest,39079,OH,Jackson County,16.88,8446,0.0,0.0,18.0,45168.0
Midwest,39081,OH,Jefferson County,15.43,18853,0.06365034742481303,0.5568814638027049,16.0,43558.0
Midwest,39083,OH,Knox County,21.892,19198,0.20835503698301908,0.373134328358209,13.0,53375.0
Midwest,39085,OH,Lake County,27.04,86697,0.8639283942927668,0.6181089208152355,9.0,61946.0
Midwest,39087,OH,Lawrence County,14.143,10533,0.2658311971897845,0.5044136191677175,18.0,42132.0
Midwest,39089,OH,Licking County,23.329,49497,0.2181950421237651,0.5331556147950683,12.0,58902.0
Midwest,39091,OH,Logan County,15.556,16253,0.0,0.11723329425556858,12.0,53760.0
Midwest,39093,OH,Lorain County,23.489,86528,0.4426312869822485,0.571632725973562,12.0,54951.0
Midwest,39095,OH,Lucas County,25.09,207410,0.7029554987705511,0.1878326202650527,20.0,45251.0
Midwest,39097,OH,Madison County,16.35,14224,0.03515185601799775,0.43923865300146414,12.0,60039.0
Midwest,39099,OH,Mahoning County,22.79,87023,0.49297312204819416,0.3483043079743355,19.0,42839.0
Midwest,39101,OH,Marion County,12.296,21324,0.0,0.08771929824561403,15.0,44783.0
Midwest,39103,OH,Medina County,31.455,52677,1.0915579854585493,0.6806150743634989,7.0,73148.0
Midwest,39105,OH,Meigs County,13.436,2592,0.0,0.0,21.0,39070.0
Midwest,39107,OH,Mercer County,16.832,16439,0.17640975728450636,0.30090270812437314,8.0,57577.0
Midwest,39109,OH,Miami County,21.064,35619,0.26109660574412535,0.2866698518872432,10.0,59591.0
Midwest,39111,OH,Monroe County,10.697,2315,0.0,0.0,15.0,44062.0
Midwest,39113,OH,Montgomery County,26.143,234459,2.070298005194938,0.546833656729582,18.0,47239.0
Midwest,39115,OH,Morgan County,12.172,2146,0.0,0.0,19.0,40680.0
Midwest,39117,OH,Morrow County,13.507,3931,0.3307046553039939,0.0,12.0,52953.0
Midwest,39119,OH,Muskingum County,15.066,28579,0.0,0.17371163867979156,15.0,44871.0
Midwest,39121,OH,Noble County,9.451,1966,1.2716174974567651,0.0,15.0,48836.0
Midwest,39123,OH,Ottawa County,21.3,10295,0.07770762506070908,0.1941747572815534,10.0,56569.0
Midwest,39125,OH,Paulding County,13.046,3554,0.0,0.3367003367003367,11.0,51020.0
Midwest,39127,OH,Perry County,11.961,4175,0.0,0.2375296912114014,17.0,47543.0
Midwest,39129,OH,Pickaway County,17.307,10804,0.44427989633469084,0.2560819462227913,13.0,60051.0
Midwest,39131,OH,Pike County,12.275,7735,0.0,0.23923444976076555,21.0,42869.0
Midwest,39133,OH,Portage County,27.28,46810,1.2796411023285623,0.5335111703901301,14.0,52947.0
Midwest,39135,OH,Preble County,13.485,8985,0.1001669449081803,0.15267175572519084,11.0,57896.0
Midwest,39137,OH,Putnam County,19.39,10082,0.0,0.13831258644536654,8.0,61069.0
Midwest,39139,OH,Richland County,16.395,40569,0.23170401045132982,0.3080477474008471,16.0,44835.0
Midwest,39141,OH,Ross County,15.304,22985,0.047857298237981294,0.247320692497939,19.0,47507.0
Midwest,39143,OH,Sandusky County,14.816,23452,0.029848200579907898,0.22953328232593725,12.0,52452.0
Midwest,39145,OH,Scioto County,14.994,19155,0.15139650221874185,0.15552099533437014,22.0,39245.0
Midwest,39147,OH,Seneca County,14.712,17058,0.15242115136592801,0.09041591320072333,13.0,49546.0
Midwest,39149,OH,Shelby County,17.089,24701,0.26314724100238857,0.30927835051546393,9.0,59604.0
Midwest,39151,OH,Stark County,22.632,142975,0.5518447280993181,0.5254796529390199,13.0,51036.0
Midwest,39153,OH,Summit County,30.714,251233,1.474328611289122,0.6720931969233067,14.0,52226.0
Midwest,39155,OH,Trumbull County,17.96,67053,0.22817771016956737,0.24734108335394508,18.0,45929.0
Midwest,39157,OH,Tuscarawas County,14.98,31127,0.24094837279532239,0.367816091954023,13.0,50273.0
Midwest,39159,OH,Union County,29.091,24207,7.943983145371174,0.39331366764995085,6.0,78796.0
Midwest,39161,OH,Van Wert County,17.161,9868,0.0,0.18382352941176472,9.0,52610.0
Midwest,39163,OH,Vinton County,9.559,1704,0.0,0.0,21.0,41522.0
Midwest,39165,OH,Warren County,40.956,78842,3.548869891682098,0.9006873666745674,5.0,81543.0
Midwest,39167,OH,Washington County,18.409,22761,0.14937832256930714,0.14357501794687724,14.0,47802.0
Midwest,39169,OH,Wayne County,21.468,40184,0.23641250248855267,0.36246476037051956,12.0,53605.0
Midwest,39171,OH,Williams County,14.199,16035,0.17461802307452448,0.37220843672456577,10.0,50770.0
Midwest,39173,OH,Wood County,31.683,54283,0.8916235285448483,0.2915451895043732,11.0,60347.0
Midwest,39175,OH,Wyandot County,14.629,8264,0.0,0.0,9.0,55590.0
South,40001,OK,Adair County,13.428,3102,0.0,0.0,29.0,33632.0
South,40003,OK,Alfalfa County,20.905,1215,0.0,0.684931506849315,16.0,53695.0
South,40005,OK,Atoka County,14.715,2224,0.0,0.0,20.0,36766.0
South,40007,OK,Beaver County,21.535,1283,0.0,0.0,12.0,53493.0
South,40009,OK,Beckham County,18.296,8460,0.0,0.12578616352201258,17.0,47407.0
South,40011,OK,Blaine County,16.971,2204,0.0,0.0,18.0,44229.0
South,40013,OK,Bryan County,22.077,10542,0.3225194460254221,0.1310615989515072,17.0,39219.0
South,40015,OK,Caddo County,16.074,4402,0.0,0.44543429844098,21.0,40296.0
South,40017,OK,Canadian County,25.78,26056,0.09978507829290759,0.15426147319706904,8.0,68291.0
South,40019,OK,Carter County,19.469,20982,0.057191878753217046,0.06180469715698393,16.0,47966.0
South,40021,OK,Cherokee County,24.099,9297,0.0,0.0,23.0,36297.0
South,40023,OK,Choctaw County,12.954,3084,0.0,0.0,27.0,32458.0
South,40025,OK,Cimarron County,19.775,340,0.0,0.0,18.0,44000.0
South,40027,OK,Cleveland County,31.77,69262,1.3874852011203835,0.6253256904637832,12.0,61275.0
South,40029,OK,Coal County,16.959,812,0.0,0.0,22.0,41111.0
South,40031,OK,Comanche County,20.67,32846,1.561834013274067,0.04551661356395084,16.0,48493.0
South,40033,OK,Cotton County,16.382,1228,0.0,0.0,17.0,43019.0
South,40035,OK,Craig County,14.332,4028,0.0,0.0,18.0,42781.0
South,40037,OK,Creek County,15.604,16450,0.0972644376899696,0.0,16.0,45630.0
South,40039,OK,Custer County,27.754,10000,0.0,0.0,18.0,43247.0
South,40041,OK,Delaware County,16.722,7580,0.079155672823219,0.2684563758389262,18.0,39144.0
South,40043,OK,Dewey County,22.025,1022,0.0,0.0,13.0,49398.0
South,40045,OK,Ellis County,21.867,846,0.0,0.0,13.0,51745.0
South,40047,OK,Garfield County,21.357,21265,0.17399482718081355,0.0,15.0,49841.0
South,40049,OK,Garvin County,15.368,7936,0.0,0.0,18.0,40978.0
South,40051,OK,Grady County,17.787,11093,0.21635265482736862,0.0,13.0,55552.0
South,40053,OK,Grant County,24.279,919,0.0,0.0,13.0,48118.0
South,40055,OK,Greer County,14.405,657,0.0,0.0,27.0,35231.0
South,40057,OK,Harmon County,21.544,442,0.0,0.0,26.0,36703.0
South,40059,OK,Harper County,24.126,523,0.0,0.0,11.0,48559.0
South,40061,OK,Haskell County,12.055,2468,0.0,0.4694835680751174,21.0,36418.0
South,40063,OK,Hughes County,10.872,2273,0.0,0.0,25.0,33578.0
South,40065,OK,Jackson County,20.614,6463,0.0,0.0,19.0,44211.0
South,40067,OK,Jefferson County,13.312,778,0.0,0.0,22.0,37105.0
South,40069,OK,Johnston County,15.814,2042,0.0,0.0,22.0,38080.0
South,40071,OK,Kay County,19.472,14892,0.0,0.18148820326678766,17.0,44391.0
South,40073,OK,Kingfisher County,22.023,5297,0.0,0.2066115702479339,10.0,60814.0
South,40075,OK,Kiowa County,17.571,1427,0.0,0.0,22.0,36069.0
South,40077,OK,Latimer County,15.867,1644,0.0,0.5988023952095808,21.0,35942.0
South,40079,OK,Le Flore County,14.528,8236,0.0,0.2663115845539281,22.0,37005.0
South,40081,OK,Lincoln County,14.33,5048,0.0,0.0,16.0,44914.0
South,40083,OK,Logan County,26.551,6312,0.07921419518377694,0.1187648456057007,15.0,54305.0
South,40085,OK,Love County,13.445,5333,0.0,0.7246376811594203,14.0,45200.0
South,40087,OK,McClain County,22.947,7975,0.0,0.11862396204033215,11.0,61730.0
South,40089,OK,McCurtain County,13.759,8957,0.0,0.0,26.0,32664.0
South,40091,OK,McIntosh County,13.76,3130,0.0,0.28901734104046245,21.0,36903.0
South,40093,OK,Major County,16.871,1873,0.0,0.0,12.0,51607.0
South,40095,OK,Marshall County,13.583,3791,0.0,0.0,16.0,41669.0
South,40097,OK,Mayes County,15.318,10181,0.12768883213829682,0.12738853503184713,18.0,45922.0
South,40099,OK,Murray County,20.17,3556,0.0,0.0,13.0,48008.0
South,40101,OK,Muskogee County,19.168,23234,0.11620900404579496,0.5637773079633545,21.0,40581.0
South,40103,OK,Noble County,22.734,3883,0.0,0.0,13.0,50316.0
South,40105,OK,Nowata County,12.562,1317,0.0,0.0,17.0,41800.0
South,40107,OK,Okfuskee County,12.128,2543,0.0,0.6060606060606061,25.0,35106.0
South,40109,OK,Oklahoma County,30.805,374642,1.9898996909049171,0.4872925855912623,16.0,51082.0
South,40111,OK,Okmulgee County,15.554,6795,0.0,0.0,21.0,38446.0
South,40113,OK,Osage County,16.875,5397,0.0,0.17482517482517482,16.0,46074.0
South,40115,OK,Ottawa County,13.894,9493,0.0,0.33557046979865773,19.0,39210.0
South,40117,OK,Pawnee County,16.49,2642,0.1514004542013626,0.0,17.0,44619.0
South,40119,OK,Payne County,37.071,22905,1.2748308229644183,0.5988023952095808,25.0,42035.0
South,40121,OK,Pittsburg County,16.148,10878,0.0,0.0,14.0,44520.0
South,40123,OK,Pontotoc County,26.978,12525,0.1437125748502994,0.0,16.0,44212.0
South,40125,OK,Pottawatomie County,17.734,18613,0.33847311019180143,0.5271084337349398,18.0,42453.0
South,40127,OK,Pushmataha County,14.425,2175,0.0,0.0,22.0,34222.0
South,40129,OK,Roger Mills County,21.156,462,0.0,0.0,13.0,54629.0
South,40131,OK,Rogers County,23.186,27747,0.11893177640826036,0.28851702250432776,9.0,62622.0
South,40133,OK,Seminole County,13.887,5219,0.0,0.22624434389140272,23.0,36671.0
South,40135,OK,Sequoyah County,14.097,7324,0.0,0.0,20.0,39629.0
South,40137,OK,Stephens County,18.016,11904,0.0,0.37383177570093457,17.0,44505.0
South,40139,OK,Texas County,20.11,8076,0.0,0.0,14.0,50993.0
South,40141,OK,Tillman County,16.118,1097,0.0,0.0,24.0,36350.0
South,40143,OK,Tulsa County,30.683,335082,1.3960761843369682,0.41315747656125856,16.0,51476.0
South,40145,OK,Wagoner County,21.775,8548,0.5147402901263454,0.4287245444801715,11.0,61882.0
South,40147,OK,Washington County,26.287,20107,1.0394390013428159,0.3451251078515962,14.0,52283.0
South,40149,OK,Washita County,21.448,1389,0.0,0.0,16.0,45642.0
South,40151,OK,Woods County,26.711,2898,0.0,0.35335689045936397,14.0,50441.0
South,40153,OK,Woodward County,20.87,7242,0.0,0.0,13.0,57403.0
West,41001,OR,Baker County,22.993,4208,0.0,0.19011406844106463,18.0,42177.0
West,41003,OR,Benton County,53.694,27066,2.4015369836695486,1.0854176498348278,18.0,56167.0
West,41005,OR,Clackamas County,34.064,142880,2.6595744680851063,0.9746588693957114,9.0,74460.0
West,41007,OR,Clatsop County,24.085,14797,0.12164627965128066,0.20920502092050208,13.0,49898.0
West,41009,OR,Columbia County,19.184,8237,0.40063129780259804,0.22123893805309736,11.0,63055.0
West,41011,OR,Coos County,18.355,17908,0.016752289479562206,0.25690430314707774,18.0,41403.0
West,41013,OR,Crook County,16.128,4037,0.0,0.0,14.0,45350.0
West,41015,OR,Curry County,23.575,5235,0.0,0.14556040756914118,14.0,40682.0
West,41017,OR,Deschutes County,33.313,64536,2.5195239866121235,0.9870808535346204,11.0,61248.0
West,41019,OR,Douglas County,16.326,29777,0.2518722503945999,0.32,16.0,43202.0
West,41021,OR,Gilliam County,17.053,791,0.0,0.0,12.0,45728.0
West,41023,OR,Grant County,21.726,1482,0.0,0.0,16.0,44309.0
West,41025,OR,Harney County,17.323,1419,0.0,0.0,16.0,41846.0
West,41027,OR,Hood River County,30.099,10388,1.771274547554871,1.1527377521613833,11.0,53941.0
West,41029,OR,Jackson County,26.061,72083,1.0848605080254707,0.818732601932209,15.0,48538.0
West,41031,OR,Jefferson County,16.117,4017,0.0,0.5221932114882507,17.0,44943.0
West,41033,OR,Josephine County,17.27,22347,0.644381796214257,1.1375387797311272,18.0,38921.0
West,41035,OR,Klamath County,18.903,17435,0.23515916260395756,0.33178500331785005,19.0,44678.0
West,41037,OR,Lake County,17.321,1175,0.0,0.0,15.0,40095.0
West,41039,OR,Lane County,28.68,125284,2.6052808020178153,0.8962216111620328,18.0,47933.0
West,41041,OR,Lincoln County,23.045,14146,0.14845185918280787,0.1953125,20.0,41791.0
West,41043,OR,Linn County,18.129,36488,0.5124972593729445,0.39001560062402496,13.0,50876.0
West,41045,OR,Malheur County,13.273,8535,0.0,0.0,23.0,38130.0
West,41047,OR,Marion County,22.413,104786,0.7338766629129846,0.6107441106817899,14.0,55954.0
West,41049,OR,Morrow County,9.957,3966,0.0,1.0362694300518134,15.0,53588.0
West,41051,OR,Multnomah County,42.681,434205,2.92557662855103,1.1414519562504588,14.0,62292.0
West,41053,OR,Polk County,29.753,14220,0.49226441631504925,0.5571030640668524,12.0,55218.0
West,41055,OR,Sherman County,16.972,473,0.0,0.0,12.0,57216.0
West,41057,OR,Tillamook County,20.862,7190,0.15299026425591097,0.27359781121751026,13.0,46226.0
West,41059,OR,Umatilla County,15.566,22570,0.0,0.25806451612903225,16.0,49667.0
West,41061,OR,Union County,23.256,7197,0.5696818118660553,0.9628610729023384,16.0,47309.0
West,41063,OR,Wallowa County,25.15,1886,0.0,0.5277044854881267,15.0,46350.0
West,41065,OR,Wasco County,18.551,6987,0.05724917704308,1.0279001468428781,14.0,50562.0
West,41067,OR,Washington County,41.2,265790,6.423492230708454,1.4559937320449203,9.0,75577.0
West,41069,OR,Wheeler County,16.958,140,0.0,3.3333333333333335,20.0,35341.0
West,41071,OR,Yamhill County,24.502,29340,0.26244035446489433,0.8080808080808081,12.0,60643.0
Northeast,42001,PA,Adams County,21.867,30027,0.3496852832450794,0.3067484662576687,9.0,59645.0
Northeast,42003,PA,Allegheny County,39.07,695456,3.3856922652187915,0.6330604793592839,12.0,56099.0
Northeast,42005,PA,Armstrong County,15.504,13905,0.20136641495864796,0.45385779122541603,14.0,46968.0
Northeast,42007,PA,Beaver County,23.404,47967,0.31688452477745116,0.4452359750667854,10.0,54715.0
Northeast,42009,PA,Bedford County,13.763,12856,0.5833851897946484,0.186219739292365,14.0,44834.0
Northeast,42011,PA,Berks County,23.618,156856,0.6483653797113276,0.4758505829169641,13.0,59205.0
Northeast,42013,PA,Blair County,19.534,53686,0.7804641806057445,0.3139717425431711,14.0,44197.0
Northeast,42015,PA,Bradford County,17.682,18343,0.09813007686856022,0.0,12.0,50567.0
Northeast,42017,PA,Bucks County,38.35,247491,2.583932345014566,0.8169849612322423,7.0,80132.0
Northeast,42019,PA,Butler County,33.29,82520,1.4348036839554048,0.36991368680641185,7.0,66277.0
Northeast,42021,PA,Cambria County,20.22,46970,0.5961251862891207,0.3784295175023652,16.0,43614.0
Northeast,42023,PA,Cameron County,15.584,1586,0.0,0.0,14.0,39069.0
Northeast,42025,PA,Carbon County,15.976,13977,0.042927666881305004,0.2664298401420959,13.0,51021.0
Northeast,42027,PA,Centre County,42.396,45292,2.9762430451293826,0.8365700627427547,17.0,59070.0
Northeast,42029,PA,Chester County,50.233,248421,7.069048107849175,1.0339527735084533,7.0,92551.0
Northeast,42031,PA,Clarion County,20.874,11237,0.0,0.0,15.0,44670.0
Northeast,42033,PA,Clearfield County,13.219,26413,0.03407413016317722,0.15090543259557343,14.0,46173.0
Northeast,42035,PA,Clinton County,17.493,10586,0.0,0.2628120893561104,18.0,46742.0
Northeast,42037,PA,Columbia County,21.359,22707,0.23340820011450214,0.1404494382022472,14.0,48821.0
Northeast,42039,PA,Crawford County,20.633,27681,0.18785448502583,0.25393600812595224,14.0,45388.0
Northeast,42041,PA,Cumberland County,33.643,119834,2.9348932690221474,0.5123120145430508,8.0,64116.0
Northeast,42043,PA,Dauphin County,29.325,146996,1.4313314648017632,0.4520268299795859,11.0,59958.0
Northeast,42045,PA,Delaware County,36.784,210978,1.0863691948923584,0.5597014925373134,11.0,67773.0
Northeast,42047,PA,Elk County,17.774,14030,0.021382751247327157,0.1124859392575928,10.0,49274.0
Northeast,42049,PA,Erie County,26.963,114476,0.3738774939725357,0.3876595057341302,16.0,48820.0
Northeast,42051,PA,Fayette County,14.734,35982,0.49191262297815574,0.19201228878648233,18.0,42056.0
Northeast,42053,PA,Forest County,8.299,1099,0.0,0.0,25.0,38819.0
Northeast,42055,PA,Franklin County,20.055,49814,1.4453768017023327,0.2588159171789065,9.0,59474.0
Northeast,42057,PA,Fulton County,13.377,5704,0.0,0.38022813688212925,11.0,47450.0
Northeast,42059,PA,Greene County,17.33,11721,0.0,0.0,16.0,50579.0
Northeast,42061,PA,Huntingdon County,14.712,9566,0.10453690152623876,0.24600246002460024,14.0,46684.0
Northeast,42063,PA,Indiana County,22.153,25543,0.305367419645304,0.37553648068669526,20.0,43171.0
Northeast,42065,PA,Jefferson County,14.828,13812,0.043440486533449174,0.0,13.0,42670.0
Northeast,42067,PA,Juniata County,13.313,5877,0.0,0.20964360587002095,10.0,49506.0
Northeast,42069,PA,Lackawanna County,26.099,95435,0.2043275527846178,0.22480329711502436,14.0,47398.0
Northeast,42071,PA,Lancaster County,25.65,228355,1.1442709815856889,0.5903371135622184,11.0,61347.0
Northeast,42073,PA,Lawrence County,20.328,26381,0.34873583260680036,0.15552099533437014,14.0,46727.0
Northeast,42075,PA,Lebanon County,19.859,44345,0.42845867628819484,0.40605389442598744,10.0,56971.0
Northeast,42077,PA,Lehigh County,28.908,174230,1.0864948631119784,0.5844535359438925,14.0,60243.0
Northeast,42079,PA,Luzerne County,22.053,133636,0.9914992965967254,0.3590664272890485,15.0,46452.0
Northeast,42081,PA,Lycoming County,20.625,45232,0.2564556066501592,0.2185792349726776,15.0,48962.0
Northeast,42083,PA,McKean County,16.995,12600,0.1111111111111111,0.0,17.0,43082.0
Northeast,42085,PA,Mercer County,21.575,44900,0.41648106904231624,0.43431053203040176,16.0,49187.0
Northeast,42087,PA,Mifflin County,12.067,14218,0.0,0.10384215991692627,15.0,43245.0
Northeast,42089,PA,Monroe County,23.554,47216,0.5527787190782786,0.5338078291814946,12.0,59574.0
Northeast,42091,PA,Montgomery County,47.457,494756,4.785389161526085,0.8352402745995423,6.0,84156.0
Northeast,42093,PA,Montour County,28.494,14333,0.0,0.6122448979591837,11.0,54861.0
Northeast,42095,PA,Northampton County,27.874,103761,1.6489817947012846,0.7278481012658228,9.0,65730.0
Northeast,42097,PA,Northumberland County,15.021,23822,0.14692301234153304,0.29994001199760045,15.0,46783.0
Northeast,42099,PA,Perry County,16.344,6247,0.4322074595805987,0.25316455696202533,9.0,59244.0
Northeast,42101,PA,Philadelphia County,26.35,621865,1.5657739219927154,0.5693007268430663,25.0,41514.0
Northeast,42103,PA,Pike County,25.296,8469,0.4486952414688865,0.6535947712418301,10.0,60082.0
Northeast,42105,PA,Potter County,15.049,4308,0.0,0.0,14.0,44267.0
Northeast,42107,PA,Schuylkill County,15.316,41126,0.2723338034333512,0.2921840759678597,13.0,50299.0
Northeast,42109,PA,Snyder County,16.678,15282,0.0,0.11494252873563218,13.0,52487.0
Northeast,42111,PA,Somerset County,15.466,18295,0.1639792292976223,0.11862396204033215,14.0,43938.0
Northeast,42113,PA,Sullivan County,15.511,1204,0.0,0.0,13.0,43426.0
Northeast,42115,PA,Susquehanna County,16.749,6997,0.05716735743890239,0.228310502283105,13.0,47518.0
Northeast,42117,PA,Tioga County,20.487,10619,0.0,0.22857142857142856,13.0,49004.0
Northeast,42119,PA,Union County,22.142,16689,0.10186350290610582,0.43243243243243246,12.0,57013.0
Northeast,42121,PA,Venango County,16.51,15564,0.0,0.0,15.0,41395.0
Northeast,42123,PA,Warren County,18.428,14063,0.0,0.10952902519167579,15.0,43896.0
Northeast,42125,PA,Washington County,28.137,82440,1.1365841824357108,0.3510825043885313,10.0,58068.0
Northeast,42127,PA,Wayne County,20.513,12420,0.18518518518518517,0.5299015897047691,14.0,49357.0
Northeast,42129,PA,Westmoreland County,26.906,125776,0.6821651189416105,0.3372093023255814,10.0,56544.0
Northeast,42131,PA,Wyoming County,18.6,10490,0.0,0.1529051987767584,11.0,55836.0
Northeast,42133,PA,York County,23.115,164632,0.7902473395208708,0.35854730511219063,10.0,62305.0
Northeast,44001,RI,Bristol County,46.408,14525,1.1222030981067126,0.39872408293460926,8.0,70697.0
Northeast,44003,RI,Kent County,31.829,70605,0.9956801926209192,0.7456327226246272,10.0,63762.0
Northeast,44005,RI,Newport County,45.508,31346,4.201493013462643,0.6193078324225865,9.0,72776.0
Northeast,44007,RI,Providence County,27.264,269673,1.3323543699220908,0.5657530802112145,16.0,52011.0
Northeast,44009,RI,Washington County,44.584,43531,1.268061840986883,0.4480759093305219,10.0,77000.0
South,45001,SC,Abbeville County,13.744,4772,0.0,0.0,15.0,40211.0
South,45003,SC,Aiken County,25.313,50307,0.2922058560438905,0.18301610541727673,17.0,47394.0
South,45005,SC,Allendale County,9.828,1671,0.0,0.0,38.0,26864.0
South,45007,SC,Anderson County,20.02,57568,0.396053362979433,0.32485110990795885,15.0,45821.0
South,45009,SC,Bamberg County,19.126,3105,0.0,0.0,28.0,32245.0
South,45011,SC,Barnwell County,13.22,4162,0.0,0.2824858757062147,23.0,41803.0
South,45013,SC,Beaufort County,39.609,54701,0.6361858101314418,0.3298409002716337,10.0,65354.0
South,45015,SC,Berkeley County,22.975,46709,2.4556295360637135,0.33557046979865773,12.0,58690.0
South,45017,SC,Calhoun County,16.967,3694,0.0,0.8438818565400844,16.0,41786.0
South,45019,SC,Charleston County,41.142,202114,2.7667553954698834,0.5179791306958937,15.0,56564.0
South,45021,SC,Cherokee County,15.969,17671,0.056589893045102146,0.21052631578947367,19.0,38273.0
South,45023,SC,Chester County,14.406,7000,0.0,0.19569471624266144,20.0,39972.0
South,45025,SC,Chesterfield County,11.515,13219,0.0,0.0,21.0,39869.0
South,45027,SC,Clarendon County,14.975,5544,0.09018759018759019,0.0,25.0,34541.0
South,45029,SC,Colleton County,15.317,7808,0.0,0.0,23.0,35760.0
South,45031,SC,Darlington County,17.128,17022,0.06462225355422395,0.46511627906976744,21.0,37711.0
South,45033,SC,Dillon County,9.585,7264,0.0,0.0,26.0,31761.0
South,45035,SC,Dorchester County,26.354,26739,0.5048805116122518,0.5696757230499562,10.0,58167.0
South,45037,SC,Edgefield County,18.615,4962,0.0,0.0,18.0,46816.0
South,45039,SC,Fairfield County,17.359,7790,0.0,0.0,21.0,36715.0
South,45041,SC,Florence County,22.399,57006,0.7262393432270288,0.12755102040816327,18.0,45044.0
South,45043,SC,Georgetown County,26.112,19471,0.3646448564531868,0.1111111111111111,15.0,47842.0
South,45045,SC,Greenville County,32.882,224945,1.4376847673875837,0.5887365403981718,11.0,55452.0
South,45047,SC,Greenwood County,23.538,22493,0.07113324145289646,0.2288329519450801,22.0,40599.0
South,45049,SC,Hampton County,11.056,3228,0.0,0.3076923076923077,22.0,35667.0
South,45051,SC,Horry County,22.609,107915,0.8599360607885836,0.3592536794530073,15.0,45608.0
South,45053,SC,Jasper County,14.526,7512,0.0,0.0,21.0,41902.0
South,45055,SC,Kershaw County,20.604,15568,0.1091983556012333,0.18034265103697025,16.0,48824.0
South,45057,SC,Lancaster County,23.294,19564,0.4651400531588632,0.5886681383370125,13.0,53421.0
South,45059,SC,Laurens County,14.153,17026,0.04698696111828968,0.32362459546925565,18.0,43191.0
South,45061,SC,Lee County,10.479,1618,0.0,0.0,28.0,32015.0
South,45063,SC,Lexington County,29.864,100083,1.3858497447118892,0.5321646580059477,12.0,57623.0
South,45065,SC,McCormick County,18.65,908,0.0,0.0,18.0,43262.0
South,45067,SC,Marion County,16.274,5081,0.0,0.0,25.0,31556.0
South,45069,SC,Marlboro County,8.432,4984,0.0,0.31347962382445144,28.0,32991.0
South,45071,SC,Newberry County,16.304,12191,0.0,0.0,19.0,42128.0
South,45073,SC,Oconee County,23.515,20436,0.22019964768056371,0.5344021376085505,15.0,46996.0
South,45075,SC,Orangeburg County,19.994,25314,0.0,0.18832391713747645,23.0,34557.0
South,45077,SC,Pickens County,23.599,27859,0.8327649951541692,0.4020100502512563,15.0,46154.0
South,45079,SC,Richland County,37.51,161532,1.8522645667731472,0.4036779546983629,16.0,51973.0
South,45081,SC,Saluda County,16.603,3829,0.0,0.4149377593360996,17.0,43685.0
South,45083,SC,Spartanburg County,22.828,126940,0.3537104143689932,0.3373493975903614,16.0,47706.0
South,45085,SC,Sumter County,19.035,32672,0.498898139079334,0.05640157924421884,20.0,41205.0
South,45087,SC,Union County,12.386,7012,0.0,0.24154589371980675,21.0,39119.0
South,45089,SC,Williamsburg County,12.472,7074,0.0,0.2012072434607646,30.0,28314.0
South,45091,SC,York County,29.506,77441,0.7773659947572991,0.633558144287758,11.0,61044.0
Midwest,46003,SD,Aurora County,20.625,626,0.0,0.0,10.0,50482.0
Midwest,46005,SD,Beadle County,20.341,7089,0.0,0.0,14.0,48716.0
Midwest,46007,SD,Bennett County,17.794,697,0.0,0.0,34.0,33973.0
Midwest,46009,SD,Bon Homme County,18.325,1103,0.0,0.0,15.0,48889.0
Midwest,46011,SD,Brookings County,40.952,14005,0.8068546947518743,0.44493882091212456,14.0,58591.0
Midwest,46013,SD,Brown County,27.925,18667,0.05892751915144372,0.5409582689335394,11.0,53039.0
Midwest,46015,SD,Brule County,25.603,1850,0.0,0.0,13.0,49724.0
Midwest,46017,SD,Buffalo County,8.058,180,0.0,0.0,40.0,22500.0
Midwest,46019,SD,Butte County,19.696,2294,0.0,0.0,14.0,44052.0
Midwest,46021,SD,Campbell County,23.801,306,0.0,0.0,10.0,47592.0
Midwest,46023,SD,Charles Mix County,18.131,2363,0.0,0.0,22.0,41888.0
Midwest,46025,SD,Clark County,16.694,682,0.0,0.0,12.0,45997.0
Midwest,46027,SD,Clay County,47.827,3502,0.0,0.6600660066006601,20.0,42171.0
Midwest,46029,SD,Codington County,20.939,14196,0.0,0.0,12.0,50355.0
Midwest,46031,SD,Corson County,16.353,188,0.0,0.0,39.0,31267.0
Midwest,46033,SD,Custer County,24.499,1303,0.0,0.0,11.0,51223.0
Midwest,46035,SD,Davison County,26.645,11459,0.0,0.2724795640326976,11.0,50238.0
Midwest,46037,SD,Day County,17.132,1520,0.0,0.5376344086021505,14.0,43602.0
Midwest,46039,SD,Deuel County,19.782,1470,0.0,0.0,10.0,53517.0
Midwest,46041,SD,Dewey County,14.077,624,0.0,0.0,28.0,38540.0
Midwest,46043,SD,Douglas County,20.626,850,0.0,0.9174311926605505,11.0,48475.0
Midwest,46045,SD,Edmunds County,22.944,866,0.5773672055427251,2.4193548387096775,10.0,55477.0
Midwest,46047,SD,Fall River County,23.949,2552,0.0,0.0,13.0,44440.0
Midwest,46049,SD,Faulk County,26.1,445,0.0,0.0,14.0,47756.0
Midwest,46051,SD,Grant County,14.608,3260,0.0,0.0,10.0,55118.0
Midwest,46053,SD,Gregory County,19.288,1125,0.0,0.0,16.0,38338.0
Midwest,46055,SD,Haakon County,19.905,651,0.0,0.0,11.0,47596.0
Midwest,46057,SD,Hamlin County,20.479,1184,0.0,0.0,10.0,57575.0
Midwest,46059,SD,Hand County,23.138,1187,0.0,1.550387596899225,9.0,52592.0
Midwest,46061,SD,Hanson County,21.39,366,0.0,2.5974025974025974,9.0,61242.0
Midwest,46063,SD,Harding County,29.691,379,0.0,0.0,11.0,53080.0
Midwest,46065,SD,Hughes County,33.006,7027,1.5938522840472464,0.7496251874062968,9.0,63468.0
Midwest,46067,SD,Hutchinson County,21.591,2243,0.0,0.4132231404958678,13.0,51786.0
Midwest,46069,SD,Hyde County,20.416,470,0.0,0.0,9.0,51053.0
Midwest,46071,SD,Jackson County,18.626,237,0.0,0.0,31.0,33881.0
Midwest,46073,SD,Jerauld County,17.755,1147,0.0,0.0,13.0,47468.0
Midwest,46075,SD,Jones County,14.379,275,0.0,0.0,13.0,45485.0
Midwest,46077,SD,Kingsbury County,22.667,1317,0.0,0.0,9.0,49653.0
Midwest,46079,SD,Lake County,33.208,3697,2.1098187719772787,0.27472527472527475,9.0,57473.0
Midwest,46081,SD,Lawrence County,31.604,9633,0.21800062285892247,0.39331366764995085,12.0,50488.0
Midwest,46083,SD,Lincoln County,41.233,15814,0.682939167825977,0.48010973936899864,4.0,84610.0
Midwest,46085,SD,Lyman County,18.279,642,0.0,0.0,22.0,42682.0
Midwest,46087,SD,McCook County,22.545,1064,0.0,0.0,10.0,58975.0
Midwest,46089,SD,McPherson County,15.111,348,0.0,0.0,15.0,41253.0
Midwest,46091,SD,Marshall County,22.595,1173,0.0,0.0,11.0,54019.0
Midwest,46093,SD,Meade County,23.78,5438,0.0,0.4231311706629055,10.0,54976.0
Midwest,46095,SD,Mellette County,14.002,146,0.0,0.0,33.0,33173.0
Midwest,46097,SD,Miner County,21.62,518,0.0,0.0,12.0,46744.0
Midwest,46099,SD,Minnehaha County,30.258,121431,1.3349144781810247,0.7497820401046208,10.0,60244.0
Midwest,46101,SD,Moody County,26.849,1673,0.0,0.0,11.0,55731.0
Midwest,46103,SD,Pennington County,28.929,49590,0.41742286751361163,0.18523418893887272,15.0,51508.0
Midwest,46105,SD,Perkins County,19.194,785,0.0,0.0,13.0,46868.0
Midwest,46107,SD,Potter County,19.977,769,0.0,0.0,10.0,54227.0
Midwest,46109,SD,Roberts County,16.036,2255,0.0,0.425531914893617,18.0,43811.0
Midwest,46111,SD,Sanborn County,19.276,402,0.0,0.0,12.0,51157.0
Midwest,46115,SD,Spink County,21.092,1417,0.0,0.0,11.0,49463.0
Midwest,46117,SD,Stanley County,26.994,1018,0.0,0.0,8.0,66006.0
Midwest,46119,SD,Sully County,25.309,339,0.0,0.0,7.0,54593.0
Midwest,46121,SD,Todd County,15.742,975,0.0,0.0,49.0,29108.0
Midwest,46123,SD,Tripp County,21.397,1567,0.0,1.0,17.0,45288.0
Midwest,46125,SD,Turner County,21.443,1488,0.13440860215053763,0.38022813688212925,9.0,58802.0
Midwest,46127,SD,Union County,30.137,9110,0.38419319429198684,0.40899795501022496,7.0,74857.0
Midwest,46129,SD,Walworth County,20.635,2019,0.0,0.4694835680751174,15.0,47834.0
Midwest,46135,SD,Yankton County,27.332,11123,0.0,0.0,12.0,54665.0
Midwest,46137,SD,Ziebach County,15.547,317,0.0,0.0,44.0,30798.0
South,47001,TN,Anderson County,23.968,39443,1.0445452932079202,0.2574002574002574,14.0,46731.0
South,47003,TN,Bedford County,14.253,14417,0.0,0.26109660574412535,15.0,47295.0
South,47005,TN,Benton County,12.246,3511,0.0,0.0,18.0,35723.0
South,47007,TN,Bledsoe County,11.259,438,0.0,0.0,24.0,37530.0
South,47009,TN,Blount County,23.121,45006,0.21997067057725636,0.3892733564013841,11.0,51233.0
South,47011,TN,Bradley County,20.9,39192,0.053582363747703615,0.26260504201680673,14.0,45326.0
South,47013,TN,Campbell County,10.622,7627,0.0,0.33613445378151263,24.0,34997.0
South,47015,TN,Cannon County,12.995,1522,0.0,0.0,16.0,45097.0
South,47017,TN,Carroll County,14.976,6153,0.0,0.0,18.0,40392.0
South,47019,TN,Carter County,16.103,8995,0.0,0.28368794326241137,22.0,33382.0
South,47021,TN,Cheatham County,19.419,6377,0.10976948408342481,0.4934210526315789,11.0,58555.0
South,47023,TN,Chester County,15.788,3181,0.0,0.8547008547008547,16.0,44567.0
South,47025,TN,Claiborne County,13.187,7485,0.0,0.0,25.0,33437.0
South,47027,TN,Clay County,13.747,1096,0.0,0.0,22.0,30976.0
South,47029,TN,Cocke County,10.244,6004,0.0,0.2109704641350211,24.0,31965.0
South,47031,TN,Coffee County,18.451,19894,1.110887704835629,0.3215434083601286,14.0,47884.0
South,47033,TN,Crockett County,13.577,1901,0.0,0.0,18.0,41447.0
South,47035,TN,Cumberland County,18.762,14841,0.20214271275520518,0.3777148253068933,15.0,43504.0
South,47037,TN,Davidson County,38.203,439335,2.3999908953304425,0.9399075500770416,15.0,54666.0
South,47039,TN,Decatur County,11.296,2754,0.0,0.0,19.0,38246.0
South,47041,TN,DeKalb County,14.178,4399,0.0,0.35335689045936397,20.0,40869.0
South,47043,TN,Dickson County,14.136,14087,0.042592461134379214,0.21367521367521367,14.0,52144.0
South,47045,TN,Dyer County,18.443,13370,0.0,0.12626262626262627,20.0,40163.0
South,47047,TN,Fayette County,22.073,6941,0.0,0.0,15.0,56724.0
South,47049,TN,Fentress County,12.528,3842,0.0,0.823045267489712,21.0,32352.0
South,47051,TN,Franklin County,19.017,11392,0.061446629213483143,0.14144271570014144,16.0,47562.0
South,47053,TN,Gibson County,17.317,11351,0.0,0.10775862068965517,17.0,38605.0
South,47055,TN,Giles County,14.016,8553,0.0,0.37735849056603776,17.0,43238.0
South,47057,TN,Grainger County,11.601,2609,0.0,0.0,20.0,39752.0
South,47059,TN,Greene County,14.686,22375,0.0,0.27051397655545534,17.0,40855.0
South,47061,TN,Grundy County,10.967,1361,0.0,0.0,23.0,32453.0
South,47063,TN,Hamblen County,15.968,28998,0.06207324643078833,0.23148148148148148,19.0,42047.0
South,47065,TN,Hamilton County,29.598,185060,0.5792715875932131,0.5537974683544303,14.0,48690.0
South,47067,TN,Hancock County,11.322,424,0.0,0.0,31.0,28228.0
South,47069,TN,Hardeman County,10.814,5498,0.0,0.0,25.0,36653.0
South,47071,TN,Hardin County,12.653,6519,0.0,0.4158004158004158,22.0,37039.0
South,47073,TN,Hawkins County,12.987,9232,0.15164644714038128,0.5102040816326531,19.0,38958.0
South,47075,TN,Haywood County,11.904,5099,0.0,0.0,20.0,35672.0
South,47077,TN,Henderson County,13.361,6599,0.0,0.0,17.0,42821.0
South,47079,TN,Henry County,14.695,8664,0.0,0.14388489208633093,20.0,38721.0
South,47081,TN,Hickman County,11.397,2300,1.2173913043478262,1.9011406844106464,21.0,41406.0
South,47083,TN,Houston County,10.739,1086,0.0,0.0,18.0,40777.0
South,47085,TN,Humphreys County,12.874,4213,0.0,0.0,18.0,44000.0
South,47087,TN,Jackson County,8.008,1073,0.0,0.0,22.0,34117.0
South,47089,TN,Jefferson County,15.625,11366,0.052789019883864155,0.14285714285714285,16.0,45490.0
South,47091,TN,Johnson County,10.095,3194,0.0,0.0,25.0,33639.0
South,47093,TN,Knox County,35.661,218158,0.7535822660640453,0.5613542671695465,15.0,52174.0
South,47095,TN,Lake County,9.129,587,0.0,0.0,43.0,30078.0
South,47097,TN,Lauderdale County,8.575,4694,0.0,0.0,25.0,38479.0
South,47099,TN,Lawrence County,11.677,8385,0.0,0.28328611898017,17.0,41370.0
South,47101,TN,Lewis County,12.302,2112,0.0,0.4716981132075472,19.0,38074.0
South,47103,TN,Lincoln County,17.505,8480,0.0,0.17761989342806395,17.0,43464.0
South,47105,TN,Loudon County,25.375,13330,1.4703675918979744,0.10787486515641856,11.0,56774.0
South,47107,TN,McMinn County,13.681,16142,0.04956015363647627,0.33444816053511706,17.0,40897.0
South,47109,TN,McNairy County,10.951,4714,0.0,0.7444168734491315,22.0,37574.0
South,47111,TN,Macon County,9.224,3556,0.0,0.0,18.0,34203.0
South,47113,TN,Madison County,25.536,52687,0.12906409550743067,0.15987210231814547,19.0,43037.0
South,47115,TN,Marion County,12.347,6067,0.0,0.2358490566037736,18.0,42348.0
South,47117,TN,Marshall County,14.031,8248,0.0848690591658584,0.0,13.0,50014.0
South,47119,TN,Maury County,19.562,27893,0.0,0.2290950744558992,12.0,51202.0
South,47121,TN,Meigs County,8.824,1500,0.0,0.0,18.0,40238.0
South,47123,TN,Monroe County,12.152,11580,0.0,0.2849002849002849,19.0,38265.0
South,47125,TN,Montgomery County,25.33,43389,1.2053746341238563,0.17686593562079944,13.0,55351.0
South,47127,TN,Moore County,17.223,1110,0.0,0.0,11.0,54922.0
South,47129,TN,Morgan County,7.455,1334,0.0,0.0,23.0,38069.0
South,47131,TN,Obion County,16.576,9135,0.0,0.15600624024961,19.0,37437.0
South,47133,TN,Overton County,13.844,3621,0.0,0.31446540880503143,19.0,35273.0
South,47135,TN,Perry County,9.829,1670,0.0,1.7857142857142858,22.0,35140.0
South,47137,TN,Pickett County,9.23,720,0.0,0.0,17.0,36595.0
South,47139,TN,Polk County,9.68,1334,0.0,0.9433962264150944,16.0,41984.0
South,47141,TN,Putnam County,24.383,29439,0.39743197798838276,0.6741573033707865,19.0,40479.0
South,47143,TN,Rhea County,13.18,8269,0.10884024670455919,0.6237006237006237,18.0,42137.0
South,47145,TN,Roane County,18.778,8546,0.21062485373274045,0.2777777777777778,14.0,47088.0
South,47147,TN,Robertson County,18.132,18705,0.22988505747126436,0.5194805194805194,10.0,58487.0
South,47149,TN,Rutherford County,30.232,106987,0.46547711404189296,0.45071526553008034,10.0,61232.0
South,47151,TN,Scott County,8.917,3637,0.0,0.0,22.0,34196.0
South,47153,TN,Sequatchie County,13.244,2031,0.0,0.0,18.0,43367.0
South,47155,TN,Sevier County,17.534,39789,0.03769886149438287,0.29112081513828236,15.0,45251.0
South,47157,TN,Shelby County,30.17,435457,1.1518932983049992,0.5292092688691363,21.0,47639.0
South,47159,TN,Smith County,10.721,3811,0.0,0.37593984962406013,15.0,46977.0
South,47161,TN,Stewart County,13.042,1253,0.0,0.0,16.0,44605.0
South,47163,TN,Sullivan County,21.361,62013,0.26284811249254186,0.385642242657965,16.0,43211.0
South,47165,TN,Sumner County,25.601,46408,0.4675917945181865,0.5427841634738186,10.0,61134.0
South,47167,TN,Tipton County,15.617,8734,0.4350812915044653,0.5722460658082976,16.0,54748.0
South,47169,TN,Trousdale County,14.797,1234,0.0,0.0,15.0,44971.0
South,47171,TN,Unicoi County,12.575,3777,0.0,0.0,17.0,39755.0
South,47173,TN,Union County,9.95,1708,1.3466042154566744,0.0,22.0,37955.0
South,47175,TN,Van Buren County,11.749,438,0.0,0.0,19.0,38123.0
South,47177,TN,Warren County,13.167,11198,0.11609215931416324,0.5555555555555556,19.0,37682.0
South,47179,TN,Washington County,30.862,52484,0.39821659934456216,0.5994358251057827,15.0,46316.0
South,47181,TN,Wayne County,10.646,2541,0.0,0.0,21.0,37672.0
South,47183,TN,Weakley County,21.112,7763,0.0,0.176056338028169,21.0,38214.0
South,47185,TN,White County,11.786,5428,0.0,0.759493670886076,18.0,39818.0
South,47187,TN,Williamson County,56.581,118657,3.738506788474342,1.2168303767775985,5.0,107942.0
South,47189,TN,Wilson County,28.861,39311,0.3001704357558953,0.3435114503816794,8.0,70955.0
South,48001,TX,Anderson County,11.768,11120,0.0,0.2176278563656148,21.0,43967.0
South,48003,TX,Andrews County,10.64,5228,0.0,0.24937655860349128,12.0,60644.0
South,48005,TX,Angelina County,15.66,29773,0.2552648372686662,0.053304904051172705,19.0,43658.0
South,48007,TX,Aransas County,20.189,4237,0.0,0.7736943907156673,19.0,44866.0
South,48009,TX,Archer County,21.806,1161,0.0,0.46511627906976744,11.0,58928.0
South,48011,TX,Armstrong County,23.105,279,0.0,0.0,11.0,54868.0
South,48013,TX,Atascosa County,14.271,10399,0.0,0.1282051282051282,16.0,53622.0
South,48015,TX,Austin County,20.992,7553,0.0,0.32786885245901637,14.0,55973.0
South,48017,TX,Bailey County,10.748,1521,0.0,0.0,17.0,40536.0
South,48019,TX,Bandera County,24.039,3175,0.0,0.0,15.0,55885.0
South,48021,TX,Bastrop County,18.362,14402,0.21524788223857796,0.46367851622874806,13.0,56449.0
South,48023,TX,Baylor County,26.59,962,0.0,0.8695652173913043,18.0,36616.0
South,48025,TX,Bee County,8.905,4980,0.0,0.0,27.0,40753.0
South,48027,TX,Bell County,23.239,92113,1.3461726357843085,0.2181241324608368,13.0,51993.0
South,48029,TX,Bexar County,26.926,741051,2.6322074998886715,0.42072195888144054,16.0,53170.0
South,48031,TX,Blanco County,28.77,2123,0.0,0.0,11.0,57634.0
South,48033,TX,Borden County,36.522,19,0.0,0.0,11.0,60306.0
South,48035,TX,Bosque County,17.681,2433,0.0,0.0,16.0,47636.0
South,48037,TX,Bowie County,18.765,32982,0.12431022982232733,0.13544018058690746,19.0,45455.0
South,48039,TX,Brazoria County,28.724,87449,0.7421468513076193,0.21747009786154403,10.0,74510.0
South,48041,TX,Brazos County,39.777,66287,2.176897430868798,0.6586685485768055,25.0,42279.0
South,48043,TX,Brewster County,35.988,2648,0.0,0.0,15.0,43055.0
South,48045,TX,Briscoe County,22.957,103,0.0,0.0,15.0,43376.0
South,48047,TX,Brooks County,14.557,1463,0.0,0.0,32.0,27703.0
South,48049,TX,Brown County,18.525,13201,0.0,0.11337868480725624,17.0,43770.0
South,48051,TX,Burleson County,14.798,3066,0.0,0.6024096385542169,14.0,48533.0
South,48053,TX,Burnet County,23.003,11422,0.23638592190509544,0.3305785123966942,12.0,55919.0
South,48055,TX,Caldwell County,14.703,6878,0.0,0.33112582781456956,17.0,49598.0
South,48057,TX,Calhoun County,15.415,8339,0.0,0.22075055187637968,16.0,52916.0
South,48059,TX,Callahan County,14.714,1462,0.0,0.47393364928909953,15.0,45727.0
South,48061,TX,Cameron County,16.774,108580,0.18051206483698656,0.2038895859473024,29.0,36587.0
South,48063,TX,Camp County,14.991,2521,0.0,0.0,19.0,41937.0
South,48065,TX,Carson County,26.429,781,0.0,0.7874015748031497,9.0,62573.0
South,48067,TX,Cass County,14.445,5770,0.0,0.398406374501992,17.0,40597.0
South,48069,TX,Castro County,13.122,1043,0.0,0.0,18.0,45229.0
South,48071,TX,Chambers County,21.135,12115,0.0,0.0,9.0,80279.0
South,48073,TX,Cherokee County,17.358,10890,0.04591368227731864,0.40214477211796246,19.0,39407.0
South,48075,TX,Childress County,15.552,1339,0.0,0.0,22.0,39140.0
South,48077,TX,Clay County,16.325,695,0.0,0.0,13.0,49171.0
South,48079,TX,Cochran County,9.485,254,0.0,0.0,24.0,39900.0
South,48081,TX,Coke County,20.487,262,0.0,0.0,16.0,41529.0
South,48083,TX,Coleman County,14.208,1451,0.0,0.0,20.0,42258.0
South,48085,TX,Collin County,50.211,388842,7.042963465880743,1.2157382847038019,6.0,90382.0
South,48087,TX,Collingsworth County,17.026,498,0.0,0.0,20.0,37389.0
South,48089,TX,Colorado County,18.388,5956,0.0,0.0,15.0,48161.0
South,48091,TX,Comal County,34.514,46645,0.5745524707900096,0.28776978417266186,9.0,76296.0
South,48093,TX,Comanche County,17.005,2306,0.0,0.40160642570281124,17.0,40052.0
South,48095,TX,Concho County,11.49,708,0.0,0.0,26.0,39622.0
South,48097,TX,Cooke County,21.6,12684,0.05518763796909492,0.3333333333333333,14.0,59243.0
South,48099,TX,Coryell County,15.147,9764,3.8201556739041376,0.0,14.0,50122.0
South,48101,TX,Cottle County,16.176,109,0.0,0.0,21.0,34605.0
South,48103,TX,Crane County,12.875,970,0.0,0.0,10.0,57408.0
South,48105,TX,Crockett County,11.045,1142,0.0,0.0,17.0,46556.0
South,48107,TX,Crosby County,12.073,615,0.0,0.0,24.0,35136.0
South,48109,TX,Culberson County,7.657,629,0.0,0.0,24.0,36663.0
South,48111,TX,Dallam County,11.836,1809,0.0,0.0,11.0,48470.0
South,48113,TX,Dallas County,29.683,1456092,4.790562684225996,0.9288396345449293,16.0,54429.0
South,48115,TX,Dawson County,12.626,2475,0.0,0.0,21.0,41073.0
South,48117,TX,Deaf Smith County,14.207,5467,0.0,0.0,17.0,43944.0
South,48119,TX,Delta County,18.562,788,0.0,0.0,19.0,41266.0
South,48121,TX,Denton County,42.168,211883,1.3691518432342378,0.7280873704844582,8.0,80841.0
South,48123,TX,DeWitt County,14.619,5364,0.13049962714392244,0.0,18.0,46915.0
South,48125,TX,Dickens County,14.303,243,0.0,0.0,22.0,38239.0
South,48127,TX,Dimmit County,10.513,4509,0.0,0.4065040650406504,28.0,38275.0
South,48129,TX,Donley County,16.522,425,0.0,0.0,19.0,38777.0
South,48131,TX,Duval County,8.883,2045,0.0,0.0,26.0,34777.0
South,48133,TX,Eastland County,14.578,5476,0.0,0.0,20.0,37789.0
South,48135,TX,Ector County,15.155,57465,0.12181327764726355,0.05580357142857143,14.0,53474.0
South,48137,TX,Edwards County,23.967,184,0.0,0.0,23.0,36539.0
South,48139,TX,Ellis County,21.947,42063,0.32094715070251767,0.2831858407079646,10.0,69448.0
South,48141,TX,El Paso County,21.685,235714,1.6358807707645706,0.270965052456055,23.0,42048.0
South,48143,TX,Erath County,28.196,11860,0.025295109612141653,0.31347962382445144,20.0,43787.0
South,48145,TX,Falls County,11.863,1711,0.0,0.45045045045045046,26.0,38559.0
South,48147,TX,Fannin County,15.631,4992,0.0,0.2127659574468085,16.0,46347.0
South,48149,TX,Fayette County,17.093,7370,0.06784260515603799,0.2604166666666667,11.0,53776.0
South,48151,TX,Fisher County,18.439,541,0.0,0.0,16.0,46247.0
South,48153,TX,Floyd County,16.391,949,0.0,0.0,23.0,40536.0
South,48155,TX,Foard County,16.038,129,0.0,0.0,18.0,36056.0
South,48157,TX,Fort Bend County,44.641,160048,2.4767569729081274,0.9156930849384275,8.0,90972.0
South,48159,TX,Franklin County,18.986,5732,0.0,0.6329113924050633,16.0,44202.0
South,48161,TX,Freestone County,11.512,3504,0.0,0.0,19.0,45681.0
South,48163,TX,Frio County,7.277,5340,0.0,0.3125,26.0,39193.0
South,48165,TX,Gaines County,10.473,3909,0.0,0.4784688995215311,15.0,51910.0
South,48167,TX,Galveston County,28.928,85769,0.4675348902284042,0.24301336573511542,13.0,64155.0
South,48169,TX,Garza County,8.783,1237,0.0,0.0,30.0,44210.0
South,48171,TX,Gillespie County,34.148,9292,0.30133448127421436,0.2047082906857728,10.0,58787.0
South,48173,TX,Glasscock County,25.213,206,0.0,0.0,9.0,71360.0
South,48175,TX,Goliad County,15.992,755,0.0,0.0,14.0,55264.0
South,48177,TX,Gonzales County,13.745,4999,0.0,0.0,17.0,45491.0
South,48179,TX,Gray County,13.581,5965,0.0,0.0,19.0,47828.0
South,48181,TX,Grayson County,20.191,38357,0.21899522903251037,0.39588281868566905,13.0,51808.0
South,48183,TX,Gregg County,20.71,64947,0.29870509800298706,0.2218387971407444,17.0,45594.0
South,48185,TX,Grimes County,13.171,5286,0.0,0.0,17.0,50891.0
South,48187,TX,Guadalupe County,26.547,32126,0.2241175371972857,0.5429417571569596,10.0,67683.0
South,48189,TX,Hale County,15.758,9036,0.0,0.0,22.0,40152.0
South,48191,TX,Hall County,12.542,646,0.0,0.0,26.0,30971.0
South,48193,TX,Hamilton County,21.482,1585,0.5047318611987381,1.492537313432836,15.0,45718.0
South,48195,TX,Hansford County,20.787,1174,0.0,0.0,13.0,57832.0
South,48197,TX,Hardeman County,13.477,705,0.0,0.0,18.0,35521.0
South,48199,TX,Hardin County,16.081,9270,0.18338727076591155,0.49813200498132004,11.0,60692.0
South,48201,TX,Harris County,30.076,2045435,2.2082833235962034,0.593751239046826,17.0,56415.0
South,48203,TX,Harrison County,17.685,19404,0.11337868480725624,0.3110419906687403,17.0,47181.0
South,48205,TX,Hartley County,20.091,1309,0.0,0.0,10.0,70121.0
South,48207,TX,Haskell County,13.475,1114,0.0,0.0,25.0,34653.0
South,48209,TX,Hays County,36.318,53431,0.8964833149295353,0.8676251859196827,12.0,64864.0
South,48211,TX,Hemphill County,23.209,1383,0.0,0.0,10.0,74856.0
South,48213,TX,Henderson County,17.487,13096,0.21380574221136225,0.15444015444015444,17.0,43425.0
South,48215,TX,Hidalgo County,17.417,194826,0.17092174555757444,0.142414341961967,31.0,35928.0
South,48217,TX,Hill County,16.044,7337,0.10903639089546135,0.6259780907668232,16.0,47338.0
South,48219,TX,Hockley County,14.709,6520,0.0,0.1984126984126984,17.0,46856.0
South,48221,TX,Hood County,25.767,14301,0.14684287812041116,0.23400936037441497,10.0,57346.0
South,48223,TX,Hopkins County,17.06,10743,0.14893418970492414,0.0,15.0,46582.0
South,48225,TX,Houston County,14.507,3278,0.0,0.0,22.0,34587.0
South,48227,TX,Howard County,12.624,8951,0.0,0.13793103448275862,18.0,51863.0
South,48229,TX,Hudspeth County,7.48,323,0.0,0.0,21.0,35252.0
South,48231,TX,Hunt County,17.328,23535,0.19970257063947314,0.5657708628005658,16.0,51827.0
South,48233,TX,Hutchinson County,15.285,6470,0.0,0.21551724137931033,13.0,53936.0
South,48235,TX,Irion County,15.663,465,0.0,0.0,8.0,67249.0
South,48237,TX,Jack County,10.778,2057,0.0,0.0,17.0,46975.0
South,48239,TX,Jackson County,17.25,4621,0.0,0.32894736842105265,14.0,53143.0
South,48241,TX,Jasper County,10.626,8434,0.0,0.0,19.0,44909.0
South,48243,TX,Jeff Davis County,38.417,388,0.0,0.0,13.0,46688.0
South,48245,TX,Jefferson County,18.772,103217,0.4301616981698751,0.17692852087756547,20.0,46198.0
South,48247,TX,Jim Hogg County,11.057,1035,0.0,0.0,28.0,33784.0
South,48249,TX,Jim Wells County,10.712,13161,0.0,0.11428571428571428,23.0,40056.0
South,48251,TX,Johnson County,17.745,36603,0.09288856104690872,0.2552881108679796,11.0,59809.0
South,48253,TX,Jones County,10.959,2258,0.0,0.3401360544217687,21.0,40931.0
South,48255,TX,Karnes County,12.259,4766,0.0,0.0,22.0,47608.0
South,48257,TX,Kaufman County,19.45,24260,0.13190436933223412,0.3771551724137931,11.0,62363.0
South,48259,TX,Kendall County,39.333,12356,1.3111039171252832,0.7092198581560284,7.0,83805.0
South,48261,TX,Kenedy County,11.461,173,0.0,0.0,16.0,38718.0
South,48263,TX,Kent County,23.896,78,0.0,0.0,12.0,45123.0
South,48265,TX,Kerr County,26.202,16027,0.11854994696449742,0.2152080344332855,15.0,50461.0
South,48267,TX,Kimble County,16.98,937,0.0,0.0,19.0,40118.0
South,48271,TX,Kinney County,13.216,510,0.0,0.0,20.0,40612.0
South,48273,TX,Kleberg County,25.269,6976,0.0,0.0,23.0,44106.0
South,48275,TX,Knox County,18.331,625,0.0,0.0,21.0,37586.0
South,48277,TX,Lamar County,16.693,17023,0.0,0.0847457627118644,20.0,41887.0
South,48279,TX,Lamb County,17.449,2106,0.0,0.0,22.0,37846.0
South,48281,TX,Lampasas County,20.544,3717,0.0,0.25,14.0,52637.0
South,48283,TX,La Salle County,14.632,2782,0.0,0.0,26.0,39926.0
South,48285,TX,Lavaca County,16.187,5541,0.0,0.4140786749482402,13.0,48975.0
South,48287,TX,Lee County,17.031,5654,0.0,0.0,13.0,51768.0
South,48289,TX,Leon County,16.727,4408,0.0,0.0,18.0,44891.0
South,48291,TX,Liberty County,10.038,12556,0.00796431984708506,0.28382213812677387,16.0,48592.0
South,48293,TX,Limestone County,14.929,5046,0.0,0.0,21.0,39382.0
South,48295,TX,Lipscomb County,17.712,829,0.0,0.0,12.0,54180.0
South,48297,TX,Live Oak County,11.085,3009,0.0,0.0,17.0,51953.0
South,48299,TX,Llano County,26.616,3673,0.6806425265450585,0.21645021645021645,13.0,48135.0
South,48301,TX,Loving County,2.985,10,0.0,0.0,13.0,64179.0
South,48303,TX,Lubbock County,27.979,113615,0.6002728512960437,0.1544943820224719,19.0,48587.0
South,48305,TX,Lynn County,17.241,678,0.0,0.0,18.0,39869.0
South,48307,TX,McCulloch County,16.069,2225,0.0,0.4878048780487805,18.0,40125.0
South,48309,TX,McLennan County,22.221,104732,2.7451017836000458,0.2901915264074289,19.0,46662.0
South,48311,TX,McMullen County,16.245,632,0.0,0.0,12.0,67249.0
South,48313,TX,Madison County,12.254,2920,0.0,0.3968253968253968,17.0,42429.0
South,48315,TX,Marion County,12.697,1703,0.0,0.0,23.0,34919.0
South,48317,TX,Martin County,19.28,1225,0.0,0.0,13.0,58760.0
South,48319,TX,Mason County,23.653,821,0.0,0.0,13.0,44818.0
South,48321,TX,Matagorda County,15.247,8100,0.0,0.0,17.0,46324.0
South,48323,TX,Maverick County,11.686,12636,0.0,0.1264222503160556,24.0,35654.0
South,48325,TX,Medina County,19.431,7196,0.0,0.27624309392265195,14.0,51304.0
South,48327,TX,Menard County,15.091,192,0.0,0.0,21.0,34839.0
South,48329,TX,Midland County,26.228,81103,0.39332700393327,0.21174205967276227,10.0,68729.0
South,48331,TX,Milam County,15.667,4579,0.0,0.0,16.0,42302.0
South,48333,TX,Mills County,22.77,840,0.0,0.0,16.0,43540.0
South,48335,TX,Mitchell County,11.095,1236,0.0,0.0,22.0,41262.0
South,48337,TX,Montague County,14.765,3743,0.0,0.0,17.0,46237.0
South,48339,TX,Montgomery County,32.962,155450,1.19652621421679,0.4214490674318508,11.0,72506.0
South,48341,TX,Moore County,13.496,7656,0.0,0.0,12.0,52344.0
South,48343,TX,Morris County,16.478,3286,0.0,0.0,20.0,38255.0
South,48345,TX,Motley County,17.397,188,0.0,0.0,18.0,37464.0
South,48347,TX,Nacogdoches County,25.243,17923,0.18970038498019304,0.234375,25.0,38099.0
South,48349,TX,Navarro County,15.732,13374,0.0,0.0,18.0,44111.0
South,48351,TX,Newton County,7.491,984,0.0,0.0,23.0,41388.0
South,48353,TX,Nolan County,12.654,4365,0.0,0.0,18.0,40969.0
South,48355,TX,Nueces County,20.452,146343,0.29588022659095414,0.2633559066967645,15.0,53562.0
South,48357,TX,Ochiltree County,16.375,3701,0.0,0.0,11.0,61194.0
South,48359,TX,Oldham County,25.923,590,0.0,0.0,14.0,54212.0
South,48361,TX,Orange County,15.174,19316,0.0776558293642576,0.37965072133637057,14.0,53611.0
South,48363,TX,Palo Pinto County,15.844,5879,0.0,0.0,16.0,43589.0
South,48365,TX,Panola County,14.194,6761,0.0,0.21413276231263384,16.0,47780.0
South,48367,TX,Parker County,27.025,28520,0.2208976157082749,0.46332046332046334,9.0,67735.0
South,48369,TX,Parmer County,16.02,3452,0.0,0.0,16.0,48344.0
South,48371,TX,Pecos County,9.594,3896,0.0,0.29069767441860467,17.0,45414.0
South,48373,TX,Polk County,11.965,8422,0.189978627404417,0.5291005291005291,20.0,43014.0
South,48375,TX,Potter County,14.569,61381,0.5457714928072205,0.3352891869237217,22.0,41563.0
South,48377,TX,Presidio County,25.021,934,0.0,0.0,24.0,32742.0
South,48379,TX,Rains County,9.452,1334,0.0,0.0,15.0,47354.0
South,48381,TX,Randall County,30.426,32352,0.908753709198813,0.3515625,9.0,65795.0
South,48383,TX,Reagan County,11.476,1505,0.0,0.0,12.0,67308.0
South,48385,TX,Real County,23.157,717,0.0,0.0,18.0,36744.0
South,48387,TX,Red River County,13.414,1280,0.0,3.125,17.0,36352.0
South,48389,TX,Reeves County,11.191,3468,0.0,0.0,25.0,40092.0
South,48391,TX,Refugio County,10.796,1742,0.0,0.0,16.0,45366.0
South,48393,TX,Roberts County,31.502,138,0.0,0.0,7.0,75816.0
South,48395,TX,Robertson County,17.356,2796,0.0,0.0,19.0,42680.0
South,48397,TX,Rockwall County,37.951,25646,1.0917881930905404,0.42796005706134094,5.0,97484.0
South,48399,TX,Runnels County,18.13,2173,0.0,0.0,17.0,40112.0
South,48401,TX,Rusk County,14.71,10430,0.07670182166826463,0.0,16.0,46421.0
South,48403,TX,Sabine County,12.939,1528,0.0,0.0,18.0,38451.0
South,48405,TX,San Augustine County,11.508,1151,0.0,0.0,24.0,36426.0
South,48407,TX,San Jacinto County,10.005,1080,0.0,0.0,18.0,45794.0
South,48409,TX,San Patricio County,14.457,15696,0.0,0.19011406844106463,16.0,51667.0
South,48411,TX,San Saba County,14.549,893,0.0,0.0,20.0,39995.0
South,48413,TX,Schleicher County,19.123,439,0.0,0.0,17.0,47258.0
South,48415,TX,Scurry County,15.429,4919,0.0,0.2403846153846154,15.0,50316.0
South,48417,TX,Shackelford County,25.157,1038,0.0,0.0,15.0,55403.0
South,48419,TX,Shelby County,15.299,6244,0.0,0.0,21.0,37410.0
South,48421,TX,Sherman County,21.576,370,0.0,0.0,13.0,55761.0
South,48423,TX,Smith County,24.67,91444,0.43195835702725166,0.36363636363636365,16.0,52520.0
South,48425,TX,Somervell County,19.163,3356,0.0,0.0,11.0,56944.0
South,48427,TX,Starr County,9.277,8781,0.0,0.18083182640144665,40.0,26691.0
South,48429,TX,Stephens County,16.92,2019,0.0,0.0,21.0,42831.0
South,48431,TX,Sterling County,23.707,333,0.0,0.0,13.0,60577.0
South,48433,TX,Stonewall County,13.544,422,0.0,0.0,16.0,44225.0
South,48435,TX,Sutton County,16.844,1042,0.0,0.0,14.0,54760.0
South,48437,TX,Swisher County,14.818,1013,0.0,0.0,22.0,38790.0
South,48439,TX,Tarrant County,30.735,771088,1.9003019110659225,0.67618332081142,14.0,61553.0
South,48441,TX,Taylor County,24.118,55579,0.1961172385253423,0.3193033381712627,17.0,48215.0
South,48443,TX,Terrell County,16.975,45,0.0,0.0,19.0,41114.0
South,48445,TX,Terry County,12.131,2469,0.0,0.44052863436123346,22.0,38910.0
South,48447,TX,Throckmorton County,19.876,269,0.0,0.0,15.0,42876.0
South,48449,TX,Titus County,15.151,13634,0.0,0.32,15.0,45324.0
South,48451,TX,Tom Green County,22.432,39784,0.48763321938467724,0.21668472372697725,13.0,48221.0
South,48453,TX,Travis County,46.447,582889,8.582594627793627,1.5312472863056126,12.0,70068.0
South,48455,TX,Trinity County,12.18,1638,0.0,0.0,20.0,38973.0
South,48457,TX,Tyler County,11.324,2259,0.0,0.3831417624521073,18.0,43617.0
South,48459,TX,Upshur County,15.784,4586,0.0,0.6085192697768763,15.0,49015.0
South,48461,TX,Upton County,9.898,1235,0.0,0.0,14.0,56335.0
South,48463,TX,Uvalde County,14.928,8753,0.0,0.1597444089456869,25.0,36913.0
South,48465,TX,Val Verde County,17.465,10677,0.09365926758452749,0.0,21.0,42104.0
South,48467,TX,Van Zandt County,16.3,8025,0.11214953271028037,0.46403712296983757,15.0,49751.0
South,48469,TX,Victoria County,18.848,34326,0.1048767697954903,0.1272264631043257,14.0,53659.0
South,48471,TX,Walker County,19.501,12091,0.0,0.20554984583761562,22.0,42709.0
South,48473,TX,Waller County,18.745,10720,0.3358208955223881,0.26737967914438504,17.0,56407.0
South,48475,TX,Ward County,14.099,3466,0.0,0.0,13.0,63809.0
South,48477,TX,Washington County,22.047,12604,0.0952078705172961,0.3416856492027335,14.0,53157.0
South,48479,TX,Webb County,17.454,77269,0.10871112606608084,0.09437523593808984,32.0,36718.0
South,48481,TX,Wharton County,14.527,11394,0.0,0.0,17.0,46097.0
South,48483,TX,Wheeler County,14.12,1646,0.0,0.5319148936170213,13.0,47476.0
South,48485,TX,Wichita County,22.174,44908,0.06903001692348802,0.19537609899055683,17.0,45071.0
South,48487,TX,Wilbarger County,15.545,3416,0.0,0.0,16.0,40955.0
South,48489,TX,Willacy County,8.647,2027,0.0,0.0,38.0,31225.0
South,48491,TX,Williamson County,39.403,151143,10.928061504667765,1.0700389105058365,6.0,82370.0
South,48493,TX,Wilson County,19.296,6351,0.3778932451582428,0.0,10.0,66045.0
South,48495,TX,Winkler County,10.312,1764,0.0,0.0,15.0,53312.0
South,48497,TX,Wise County,16.907,18065,0.0,0.15432098765432098,12.0,57609.0
South,48499,TX,Wood County,17.138,8930,0.12318029115341546,0.37082818294190356,13.0,47260.0
South,48501,TX,Yoakum County,17.816,2458,0.0,0.0,12.0,57114.0
South,48503,TX,Young County,18.592,5629,0.0,0.1721170395869191,15.0,52133.0
South,48505,TX,Zapata County,8.319,1568,0.0,0.0,29.0,34136.0
South,48507,TX,Zavala County,9.13,1595,0.0,0.0,34.0,25507.0
West,49001,UT,Beaver County,21.358,1801,0.0,0.0,9.0,49843.0
West,49003,UT,Box Elder County,21.381,17316,0.08085008085008084,0.4484304932735426,10.0,57875.0
West,49005,UT,Cache County,36.323,42345,2.236391545637029,1.2858851674641147,13.0,57422.0
West,49007,UT,Carbon County,15.482,5787,0.0,0.2028397565922921,15.0,49743.0
West,49009,UT,Daggett County,14.528,121,0.0,0.0,8.0,54784.0
West,49011,UT,Davis County,35.408,87062,3.491764489674025,1.4872521246458923,6.0,77095.0
West,49013,UT,Duchesne County,14.117,5734,0.0,0.15873015873015872,14.0,56408.0
West,49015,UT,Emery County,13.45,2106,0.0,0.5434782608695652,12.0,54569.0
West,49017,UT,Garfield County,20.085,1426,0.0,0.0,11.0,47901.0
West,49019,UT,Grand County,27.149,4445,0.0,0.4357298474945534,13.0,55916.0
West,49021,UT,Iron County,28.268,12402,0.612804386389292,1.1860637509266123,18.0,45581.0
West,49023,UT,Juab County,16.895,2459,0.0,0.0,11.0,57820.0
West,49025,UT,Kane County,25.33,2631,0.0,0.4,11.0,48697.0
West,49027,UT,Millard County,19.806,2973,0.0,0.7782101167315175,11.0,55656.0
West,49029,UT,Morgan County,38.034,1661,0.5418422636965683,1.079136690647482,4.0,85681.0
West,49031,UT,Piute County,20.715,58,0.0,0.0,18.0,39659.0
West,49033,UT,Rich County,20.405,453,2.869757174392936,0.0,9.0,60008.0
West,49035,UT,Salt Lake County,32.801,580855,4.4642811028569955,1.329198050509526,9.0,68404.0
West,49037,UT,San Juan County,17.482,2676,0.0,0.390625,31.0,42747.0
West,49039,UT,Sanpete County,19.469,5007,0.5192730177751148,0.9280742459396751,17.0,47768.0
West,49041,UT,Sevier County,16.504,6529,0.0,0.0,14.0,50909.0
West,49043,UT,Summit County,52.118,27584,0.8338167053364269,0.7194244604316546,6.0,94540.0
West,49045,UT,Tooele County,20.773,10716,0.5225830533781262,0.8383233532934131,8.0,64675.0
West,49047,UT,Uintah County,14.906,9069,0.0,0.09560229445506692,11.0,64184.0
West,49049,UT,Utah County,38.138,203985,8.20403461038802,2.6688453159041394,11.0,69568.0
West,49051,UT,Wasatch County,36.941,6690,1.1360239162929746,0.9793253536452666,6.0,73077.0
West,49053,UT,Washington County,27.589,49056,1.2557077625570776,1.0636079249217936,13.0,54876.0
West,49055,UT,Wayne County,29.122,630,0.0,0.0,15.0,43080.0
West,49057,UT,Weber County,23.301,77637,0.8359416257712173,0.7290867229470452,11.0,62768.0
Northeast,50001,VT,Addison County,35.774,14006,0.1142367556761388,0.42955326460481097,10.0,59731.0
Northeast,50003,VT,Bennington County,33.593,14924,0.5494505494505495,0.5046863734679163,14.0,51989.0
Northeast,50005,VT,Caledonia County,27.669,8689,0.41431695246863853,0.33519553072625696,14.0,48747.0
Northeast,50007,VT,Chittenden County,49.398,90777,4.620113024224198,0.897887323943662,10.0,67833.0
Northeast,50009,VT,Essex County,15.865,455,0.0,0.9090909090909091,16.0,40813.0
Northeast,50011,VT,Franklin County,23.456,12724,0.11788745677459918,0.1976284584980237,11.0,59418.0
Northeast,50013,VT,Grand Isle County,34.889,652,1.5337423312883436,0.5347593582887701,9.0,65601.0
Northeast,50015,VT,Lamoille County,36.361,11332,0.21178962230850687,0.7253886010362695,12.0,56207.0
Northeast,50017,VT,Orange County,30.192,6340,1.2618296529968454,0.26666666666666666,11.0,54272.0
Northeast,50019,VT,Orleans County,22.143,8337,0.4917836152093079,0.7566204287515763,16.0,43107.0
Northeast,50021,VT,Rutland County,29.196,23965,0.27957437930315043,0.5164319248826291,13.0,50569.0
Northeast,50023,VT,Washington County,40.461,27659,0.8532484905455728,0.8508732646663681,11.0,55803.0
Northeast,50025,VT,Windham County,35.265,21105,0.8291873963515755,0.8264462809917356,13.0,47074.0
Northeast,50027,VT,Windsor County,35.178,19856,0.4935535858178888,0.5037783375314862,10.0,58123.0
South,51001,VA,Accomack County,18.335,8679,2.223758497522756,0.1364256480218281,20.0,39040.0
South,51003,VA,Albemarle County,51.534,39777,5.3271991351786205,0.6998158379373849,9.0,73132.0
South,51005,VA,Alleghany County,16.288,2213,0.0,0.425531914893617,15.0,47037.0
South,51007,VA,Amelia County,14.074,1822,0.0,0.0,10.0,56172.0
South,51009,VA,Amherst County,18.88,6340,0.0,0.17452006980802792,14.0,46497.0
South,51011,VA,Appomattox County,19.55,2474,0.0,0.0,14.0,51431.0
South,51013,VA,Arlington County,73.665,132629,12.35702598979107,1.1034047919293821,8.0,108635.0
South,51015,VA,Augusta County,23.32,20634,0.1502374721333721,0.4940014114326041,9.0,56784.0
South,51017,VA,Bath County,15.436,2240,0.0,0.0,12.0,47059.0
South,51019,VA,Bedford County,27.804,11768,1.903467029231815,0.8676789587852495,10.0,55708.0
South,51021,VA,Bland County,16.175,1437,0.0,0.0,14.0,44827.0
South,51023,VA,Botetourt County,27.336,10077,0.3671727696735139,0.5471956224350205,8.0,68390.0
South,51025,VA,Brunswick County,12.387,2323,0.12914334911752046,0.0,23.0,39433.0
South,51027,VA,Buchanan County,9.937,5016,0.0,0.0,25.0,31763.0
South,51029,VA,Buckingham County,11.902,1985,0.0,0.0,18.0,42455.0
South,51031,VA,Campbell County,20.366,17042,0.26992137073113487,0.6717044500419815,13.0,49935.0
South,51033,VA,Caroline County,18.787,3745,1.842456608811749,0.26246719160104987,10.0,55423.0
South,51035,VA,Carroll County,12.814,4630,0.0,0.24449877750611246,16.0,40390.0
South,51036,VA,Charles City County,12.736,1516,0.0,0.684931506849315,12.0,56907.0
South,51037,VA,Charlotte County,13.042,1713,0.0,0.0,21.0,38557.0
South,51041,VA,Chesterfield County,37.69,114688,4.250662667410714,0.5644273127753304,7.0,76260.0
South,51043,VA,Clarke County,29.987,3007,2.494180246092451,0.27548209366391185,8.0,76753.0
South,51045,VA,Craig County,12.952,332,0.0,0.0,13.0,48221.0
South,51047,VA,Culpeper County,22.326,12944,0.7030284301606922,0.5040322580645161,10.0,67023.0
South,51049,VA,Cumberland County,15.125,864,0.0,0.746268656716418,18.0,42692.0
South,51051,VA,Dickenson County,10.713,1847,0.0,0.0,26.0,32795.0
South,51053,VA,Dinwiddie County,16.929,4428,0.0,0.29069767441860467,13.0,54805.0
South,51057,VA,Essex County,16.652,3603,0.0,0.0,13.0,50033.0
South,51059,VA,Fairfax County,60.26,586050,22.616500298609335,1.3227256557032439,6.0,115518.0
South,51061,VA,Fauquier County,33.543,17743,3.08854196020966,0.3282275711159737,6.0,91372.0
South,51063,VA,Floyd County,17.717,2222,0.49504950495049505,0.9493670886075949,14.0,42670.0
South,51065,VA,Fluvanna County,31.005,2487,0.5227181342983515,2.1220159151193636,8.0,70005.0
South,51067,VA,Franklin County,20.65,12622,0.24560291554428776,0.2568493150684932,13.0,52424.0
South,51069,VA,Frederick County,28.825,25894,0.6487989495636055,0.4648074369189907,7.0,69346.0
South,51071,VA,Giles County,15.858,3608,0.0,0.0,12.0,51780.0
South,51073,VA,Gloucester County,22.551,7292,0.21941854086670323,0.23391812865497075,9.0,64296.0
South,51075,VA,Goochland County,36.071,14586,0.2742355683532154,0.6182380216383307,6.0,88815.0
South,51077,VA,Grayson County,10.659,1692,0.0,0.6578947368421053,17.0,36113.0
South,51079,VA,Greene County,24.424,2592,1.0416666666666667,0.8645533141210374,8.0,66170.0
South,51081,VA,Greensville County,8.499,2175,0.0,1.9801980198019802,25.0,41539.0
South,51083,VA,Halifax County,15.825,9771,0.0,0.0,19.0,39859.0
South,51085,VA,Hanover County,36.677,46459,0.7361329344152909,0.6363347120585428,6.0,83405.0
South,51087,VA,Henrico County,40.815,174122,2.3437589735932276,0.7667386609071274,9.0,66524.0
South,51089,VA,Henry County,11.562,11642,0.0,0.12562814070351758,18.0,36703.0
South,51091,VA,Highland County,22.415,343,0.0,1.1235955056179776,13.0,42837.0
South,51093,VA,Isle of Wight County,27.369,9129,0.37243947858473,0.31446540880503143,10.0,70982.0
South,51095,VA,James City County,47.768,26998,0.5111489739980739,0.7633587786259542,7.0,84035.0
South,51097,VA,King and Queen County,19.223,530,0.0,0.0,13.0,52115.0
South,51099,VA,King George County,34.46,6162,20.02596559558585,0.39215686274509803,7.0,80664.0
South,51101,VA,King William County,18.609,3403,0.0,0.30303030303030304,8.0,68053.0
South,51103,VA,Lancaster County,29.745,4026,0.0,0.21929824561403508,14.0,44941.0
South,51105,VA,Lee County,11.633,2656,0.0,0.0,30.0,32466.0
South,51107,VA,Loudoun County,58.84,151257,10.87156296898656,1.366093366093366,4.0,134609.0
South,51109,VA,Louisa County,21.925,6815,0.22010271460014674,0.0,12.0,52671.0
South,51111,VA,Lunenburg County,11.756,1799,0.0,0.0,20.0,38313.0
South,51113,VA,Madison County,25.645,2525,0.0,0.36496350364963503,11.0,56774.0
South,51115,VA,Mathews County,26.582,1086,0.4604051565377532,0.0,10.0,59439.0
South,51117,VA,Mecklenburg County,17.131,9872,0.0,0.2534854245880862,16.0,45827.0
South,51119,VA,Middlesex County,23.372,2195,0.04555808656036447,0.8982035928143712,14.0,49840.0
South,51121,VA,Montgomery County,46.013,29453,3.7789019794248464,0.4577822990844354,20.0,51428.0
South,51125,VA,Nelson County,30.053,3124,1.0243277848911652,1.3623978201634876,13.0,54188.0
South,51127,VA,New Kent County,25.958,2896,0.20718232044198895,0.5555555555555556,6.0,84486.0
South,51131,VA,Northampton County,21.481,3060,0.0,0.3194888178913738,20.0,39348.0
South,51133,VA,Northumberland County,27.06,1631,0.0,0.0,13.0,52957.0
South,51135,VA,Nottoway County,15.241,3425,0.0,0.0,23.0,40514.0
South,51137,VA,Orange County,25.937,6875,0.04363636363636364,0.46511627906976744,9.0,64656.0
South,51139,VA,Page County,12.9,4063,2.781196160472557,0.0,16.0,45834.0
South,51141,VA,Patrick County,13.6,4334,0.0,1.056338028169014,18.0,38539.0
South,51143,VA,Pittsylvania County,14.623,8432,0.08301707779886149,0.0,14.0,46192.0
South,51145,VA,Powhatan County,28.497,4975,0.5025125628140703,0.8784773060029283,7.0,78047.0
South,51147,VA,Prince Edward County,23.203,6579,0.0,0.19011406844106463,23.0,41072.0
South,51149,VA,Prince George County,22.062,10821,2.8925237963219668,0.4166666666666667,10.0,66775.0
South,51153,VA,Prince William County,39.451,98094,4.186800415927579,0.6222000995520159,7.0,97549.0
South,51155,VA,Pulaski County,18.216,11262,0.07103534008169064,0.16891891891891891,14.0,49554.0
South,51157,VA,Rappahannock County,32.421,1100,1.0,0.4975124378109453,10.0,65278.0
South,51159,VA,Richmond County,13.43,2031,0.0,0.0,19.0,45403.0
South,51161,VA,Roanoke County,34.092,28036,0.7882722214295905,0.40261701056869653,7.0,62306.0
South,51163,VA,Rockbridge County,25.123,5214,0.0,0.2331002331002331,12.0,50570.0
South,51165,VA,Rockingham County,24.562,27349,0.12066254707667556,0.2768166089965398,10.0,57655.0
South,51167,VA,Russell County,13.117,5649,0.0,0.2222222222222222,17.0,39003.0
South,51169,VA,Scott County,12.561,3560,0.0,0.36363636363636365,20.0,38612.0
South,51171,VA,Shenandoah County,19.43,12113,0.19813423594485263,0.22701475595913734,11.0,53810.0
South,51173,VA,Smyth County,14.79,8777,0.17090121909536288,0.19569471624266144,18.0,40140.0
South,51175,VA,Southampton County,16.089,2126,0.0,1.3574660633484164,16.0,49595.0
South,51177,VA,Spotsylvania County,29.596,31225,2.036829463570857,0.6549324600900532,7.0,81065.0
South,51179,VA,Stafford County,37.333,31902,3.974672434330136,0.6145741878841089,6.0,97607.0
South,51181,VA,Surry County,22.821,1345,0.0,0.0,13.0,51810.0
South,51183,VA,Sussex County,11.262,1961,0.0,0.0,23.0,41790.0
South,51185,VA,Tazewell County,14.561,12724,0.023577491354919836,0.09881422924901186,18.0,38992.0
South,51187,VA,Warren County,20.047,10438,0.6802069361946733,0.5063291139240507,10.0,65434.0
South,51191,VA,Washington County,24.777,18034,0.0,0.1736111111111111,15.0,44785.0
South,51193,VA,Westmoreland County,21.191,2539,0.0,0.0,15.0,48983.0
South,51195,VA,Wise County,14.425,8214,0.0,0.0,24.0,33810.0
South,51197,VA,Wythe County,16.59,9530,0.0,0.0,14.0,47676.0
South,51199,VA,York County,43.225,18284,3.2049879676219644,0.5714285714285714,5.0,87910.0
South,51510,VA,Alexandria city,62.089,84594,9.669716528358986,0.8066227977074931,11.0,87822.0
South,51520,VA,Bristol city,23.433,10576,0.0661875945537065,0.16155088852988692,24.0,33659.0
South,51530,VA,Buena Vista city,16.154,1834,0.0,0.0,16.0,38991.0
South,51540,VA,Charlottesville city,50.039,33985,2.474621156392526,0.9214354995150339,23.0,47977.0
South,51550,VA,Chesapeake city,30.375,89955,3.1071091101106108,0.37209302325581395,9.0,71998.0
South,51570,VA,Colonial Heights city,21.862,9665,0.07242628039317124,0.14947683109118087,10.0,52673.0
South,51580,VA,Covington city,11.27,3938,0.0,0.45662100456621,16.0,37904.0
South,51590,VA,Danville city,18.21,23789,0.26482828197906594,0.07776049766718507,22.0,35220.0
South,51595,VA,Emporia city,15.328,4008,0.0,0.425531914893617,23.0,33499.0
South,51600,VA,Fairfax city,54.727,33021,12.485993761545682,0.7017543859649122,7.0,94701.0
South,51610,VA,Falls Church city,80.21,10060,4.363817097415507,0.6857142857142857,4.0,118035.0
South,51620,VA,Franklin city,22.39,3499,0.17147756501857675,0.37037037037037035,18.0,40247.0
South,51630,VA,Fredericksburg city,42.297,19093,1.3250929660084847,0.3641660597232338,15.0,53714.0
South,51640,VA,Galax city,9.634,5088,0.0,0.0,21.0,35221.0
South,51650,VA,Hampton city,24.001,42353,5.482492385427243,0.3374103753690426,16.0,50294.0
South,51660,VA,Harrisonburg city,36.248,25301,0.33595510058890954,0.5021971123666039,28.0,41636.0
South,51670,VA,Hopewell city,14.386,6237,0.3046336379669713,0.0,21.0,40126.0
South,51678,VA,Lexington city,44.887,3832,0.0,0.3597122302158273,22.0,45331.0
South,51680,VA,Lynchburg city,33.289,57209,0.8337848939852122,0.5457025920873124,18.0,41586.0
South,51683,VA,Manassas city,30.076,19240,1.6683991683991684,0.3331112591605596,10.0,72396.0
South,51685,VA,Manassas Park city,30.421,3472,0.20161290322580644,1.2121212121212122,8.0,75994.0
South,51690,VA,Martinsville city,18.281,9203,0.10866021949364338,0.3780718336483932,23.0,34262.0
South,51700,VA,Newport News city,24.723,90485,2.2710946565729127,0.23796932839767318,15.0,50149.0
South,51710,VA,Norfolk city,26.612,101136,3.802800189843379,0.28084628346751545,21.0,45809.0
South,51720,VA,Norton city,17.321,4928,0.0,0.0,23.0,30587.0
South,51730,VA,Petersburg city,16.588,12639,0.0,0.2766251728907331,25.0,34238.0
South,51735,VA,Poquoson city,39.786,1260,0.0,0.5025125628140703,5.0,90119.0
South,51740,VA,Portsmouth city,21.072,27032,1.2096774193548387,0.12048192771084337,18.0,46617.0
South,51750,VA,Radford city,34.086,4280,0.0,0.3215434083601286,27.0,35655.0
South,51760,VA,Richmond city,36.691,120124,1.831440844460724,0.5384238864415076,26.0,42336.0
South,51770,VA,Roanoke city,22.905,68516,0.3429855800105085,0.5462724935732648,22.0,38238.0
South,51775,VA,Salem city,26.898,18508,0.15668899935163172,0.398406374501992,9.0,57897.0
South,51790,VA,Staunton city,33.67,10308,0.24253007372914243,0.26737967914438504,13.0,46237.0
South,51800,VA,Suffolk city,26.591,21887,1.4757618677753919,0.2518891687657431,12.0,65025.0
South,51810,VA,Virginia Beach city,34.242,158104,2.7557810049081617,0.5317710680486706,8.0,70596.0
South,51820,VA,Waynesboro city,22.63,9588,0.05214851898206091,0.1592356687898089,15.0,41255.0
South,51830,VA,Williamsburg city,56.709,9525,0.07349081364829396,0.1841620626151013,21.0,49231.0
South,51840,VA,Winchester city,31.271,25540,0.19968676585747847,0.2204261572373255,15.0,46093.0
West,53001,WA,Adams County,13.788,4516,0.0,0.0,20.0,48698.0
West,53003,WA,Asotin County,21.014,4740,0.0,0.22675736961451248,15.0,46121.0
West,53005,WA,Benton County,29.413,64268,0.7079728636335346,0.37435657463734207,11.0,63474.0
West,53007,WA,Chelan County,25.311,28923,1.448674065622515,0.5527043031977892,12.0,51930.0
West,53009,WA,Clallam County,24.257,17428,0.21803993573559788,0.5413385826771654,15.0,49502.0
West,53011,WA,Clark County,27.883,131177,2.128421903229987,1.0552100998680987,9.0,68937.0
West,53013,WA,Columbia County,25.414,790,0.0,0.819672131147541,14.0,47894.0
West,53015,WA,Cowlitz County,15.858,30646,0.21536252692031588,0.27906976744186046,16.0,51772.0
West,53017,WA,Douglas County,17.697,6852,0.20431990659661411,0.6711409395973155,13.0,52363.0
West,53019,WA,Ferry County,18.065,1097,0.0,0.0,21.0,40581.0
West,53021,WA,Franklin County,15.815,20033,0.12978585334198572,0.4596191726854892,15.0,56940.0
West,53023,WA,Garfield County,24.196,310,0.0,0.0,14.0,51922.0
West,53025,WA,Grant County,15.616,21473,0.16299538955898105,0.27085590465872156,16.0,48997.0
West,53027,WA,Grays Harbor County,15.307,15540,0.08365508365508366,0.4315659679408138,15.0,48210.0
West,53029,WA,Island County,31.692,12552,1.035691523263225,0.5763688760806917,9.0,64475.0
West,53031,WA,Jefferson County,38.781,6860,1.2682215743440233,0.9643201542912246,12.0,53345.0
West,53033,WA,King County,49.056,1167201,10.329926036732319,1.4615373316294304,9.0,85907.0
West,53035,WA,Kitsap County,31.151,59446,1.6687413787302763,0.4831751509922347,10.0,68706.0
West,53037,WA,Kittitas County,34.656,11102,0.29724373986669067,0.32786885245901637,18.0,50410.0
West,53039,WA,Klickitat County,24.417,4036,0.24777006937561943,0.19083969465648856,16.0,50691.0
West,53041,WA,Lewis County,15.51,20391,0.392329949487519,0.32449972958355866,15.0,47127.0
West,53043,WA,Lincoln County,21.976,1567,0.0,0.0,13.0,53886.0
West,53045,WA,Mason County,18.567,10023,0.14965579167913798,0.4821600771456123,15.0,52758.0
West,53047,WA,Okanogan County,18.421,8610,0.5226480836236934,0.3472222222222222,20.0,41726.0
West,53049,WA,Pacific County,17.037,4058,0.0,0.17825311942959002,17.0,43168.0
West,53051,WA,Pend Oreille County,18.696,1579,0.0,0.46296296296296297,16.0,48706.0
West,53053,WA,Pierce County,25.4,251689,0.9523658165434326,0.5801596875179504,12.0,64312.0
West,53055,WA,San Juan County,47.015,4632,1.2305699481865284,0.49067713444553485,10.0,59658.0
West,53057,WA,Skagit County,24.716,41928,0.658271322266743,0.6363899334683252,11.0,60442.0
West,53059,WA,Skamania County,22.722,1536,0.0,0.0,14.0,55802.0
West,53061,WA,Snohomish County,30.598,251289,1.275025966118692,0.7176902426998302,8.0,78582.0
West,53063,WA,Spokane County,28.742,187843,2.098561032351485,0.8266396319114092,13.0,52933.0
West,53065,WA,Stevens County,18.044,7207,0.23588178160122103,0.3382187147688839,14.0,51303.0
West,53067,WA,Thurston County,33.303,71359,4.53621827660141,0.7715036112934996,10.0,65684.0
West,53069,WA,Wahkiakum County,15.072,394,0.0,0.0,13.0,54162.0
West,53071,WA,Walla Walla County,28.578,19821,0.3027092477675193,0.7331378299120235,14.0,53598.0
West,53073,WA,Whatcom County,32.631,74548,2.0335890969576647,1.0076335877862594,15.0,56636.0
West,53075,WA,Whitman County,49.799,10438,0.9101360413872389,0.36319612590799033,26.0,42693.0
West,53077,WA,Yakima County,15.273,68496,0.28176827843961694,0.2995293110825845,18.0,48232.0
South,54001,WV,Barbour County,12.828,3092,0.0,0.0,22.0,36485.0
South,54003,WV,Berkeley County,20.252,24785,1.3233810772644745,0.12277470841006753,13.0,56966.0
South,54005,WV,Boone County,8.69,3811,0.0,0.0,24.0,36313.0
South,54007,WV,Braxton County,12.203,3578,0.0,0.3937007874015748,21.0,36612.0
South,54009,WV,Brooke County,19.84,6955,0.0,0.5333333333333333,13.0,46020.0
South,54011,WV,Cabell County,26.139,46924,0.16622623817236382,0.3345880384776244,22.0,39462.0
South,54013,WV,Calhoun County,11.91,798,0.0,0.0,22.0,33818.0
South,54015,WV,Clay County,10.11,800,0.0,1.1764705882352942,29.0,33706.0
South,54017,WV,Doddridge County,14.819,1413,0.0,0.0,20.0,40524.0
South,54019,WV,Fayette County,13.161,7889,0.0,0.40816326530612246,20.0,38829.0
South,54021,WV,Gilmer County,15.98,1042,0.0,0.0,27.0,35325.0
South,54023,WV,Grant County,14.01,2663,0.0,0.8658008658008658,15.0,38477.0
South,54025,WV,Greenbrier County,19.582,10905,0.06419073819348922,0.4366812227074236,16.0,38784.0
South,54027,WV,Hampshire County,11.353,2730,0.0,0.31347962382445144,16.0,45172.0
South,54029,WV,Hancock County,18.164,9109,0.0,0.0,13.0,44889.0
South,54031,WV,Hardy County,14.659,4959,0.0,0.0,15.0,40243.0
South,54033,WV,Harrison County,21.566,27946,0.8659557718457024,0.05555555555555555,15.0,46548.0
South,54035,WV,Jackson County,17.681,7041,0.0,0.4166666666666667,16.0,43544.0
South,54037,WV,Jefferson County,29.886,12602,0.9760355499127122,0.3492433061699651,10.0,71315.0
South,54039,WV,Kanawha County,25.182,83337,1.042754118818772,0.2459016393442623,17.0,44956.0
South,54041,WV,Lewis County,14.029,5289,0.0,0.0,18.0,36826.0
South,54043,WV,Lincoln County,9.021,1525,0.0,0.0,24.0,32477.0
South,54045,WV,Logan County,8.89,8997,0.0,0.0,24.0,35667.0
South,54047,WV,McDowell County,5.15,2603,0.0,0.4098360655737705,36.0,24460.0
South,54049,WV,Marion County,21.818,16063,3.299508186515595,0.16906170752324598,18.0,45712.0
South,54051,WV,Marshall County,16.131,9096,0.0,0.0,18.0,42357.0
South,54053,WV,Mason County,11.368,3976,0.0,0.30959752321981426,18.0,42187.0
South,54055,WV,Mercer County,19.465,17084,0.0,0.08123476848090982,20.0,36871.0
South,54057,WV,Mineral County,12.367,5659,0.0,0.22522522522522523,16.0,45437.0
South,54059,WV,Mingo County,9.918,2759,0.0,0.25839793281653745,28.0,30638.0
South,54061,WV,Monongalia County,39.166,46993,1.585342497818824,0.4278990158322636,19.0,49725.0
South,54063,WV,Monroe County,13.362,1399,0.0,0.5714285714285714,17.0,38395.0
South,54065,WV,Morgan County,17.663,2009,0.3982080637132902,0.8658008658008658,12.0,59573.0
South,54067,WV,Nicholas County,15.285,6150,0.0,0.17513134851138354,21.0,37359.0
South,54069,WV,Ohio County,30.119,27203,0.0,0.2888086642599278,16.0,43240.0
South,54071,WV,Pendleton County,14.592,1126,0.0,0.704225352112676,16.0,39951.0
South,54073,WV,Pleasants County,13.459,2045,0.0,0.0,14.0,47276.0
South,54075,WV,Pocahontas County,16.205,3088,0.0,0.0,18.0,35906.0
South,54077,WV,Preston County,14.575,5485,0.0,0.18832391713747645,17.0,44438.0
South,54079,WV,Putnam County,25.02,18180,0.6490649064906491,0.16447368421052633,11.0,56789.0
South,54081,WV,Raleigh County,18.15,26162,0.0305787019341029,0.1122334455667789,17.0,42282.0
South,54083,WV,Randolph County,18.3,9391,0.05324246619103397,0.0,19.0,38549.0
South,54085,WV,Ritchie County,10.389,2554,0.0,0.49504950495049505,18.0,42154.0
South,54087,WV,Roane County,11.684,2165,0.0,0.0,22.0,35135.0
South,54089,WV,Summers County,14.781,1427,0.0,0.625,25.0,31458.0
South,54091,WV,Taylor County,18.523,2434,0.0,0.45045045045045046,16.0,44598.0
South,54093,WV,Tucker County,14.206,2079,0.0,0.6493506493506493,16.0,42128.0
South,54095,WV,Tyler County,13.744,1874,0.0,0.0,16.0,42429.0
South,54097,WV,Upshur County,18.562,6050,0.49586776859504134,0.0,20.0,40509.0
South,54099,WV,Wayne County,12.879,6647,0.0,0.20491803278688525,22.0,40881.0
South,54101,WV,Webster County,9.182,1262,0.0,0.0,30.0,30578.0
South,54103,WV,Wetzel County,10.749,4345,0.0,0.0,20.0,42679.0
South,54105,WV,Wirt County,9.653,311,0.0,0.0,18.0,37542.0
South,54107,WV,Wood County,20.261,31635,0.2908171329223961,0.4437869822485207,17.0,46737.0
South,54109,WV,Wyoming County,8.212,2721,0.0,0.0,24.0,36018.0
Midwest,55001,WI,Adams County,12.665,3201,0.0,0.0,14.0,42390.0
Midwest,55003,WI,Ashland County,22.213,6389,0.0,0.1937984496124031,15.0,41949.0
Midwest,55005,WI,Barron County,18.214,16800,0.125,0.29895366218236175,11.0,49581.0
Midwest,55007,WI,Bayfield County,29.231,2255,0.0,0.23201856148491878,12.0,50666.0
Midwest,55009,WI,Brown County,28.244,143037,0.9032627921446899,0.49436119264637723,10.0,58449.0
Midwest,55011,WI,Buffalo County,18.192,3000,0.0,0.0,11.0,52885.0
Midwest,55013,WI,Burnett County,18.52,3287,0.0,0.25316455696202533,14.0,48087.0
Midwest,55015,WI,Calumet County,28.703,13021,0.16127793564242376,0.45300113250283125,5.0,72752.0
Midwest,55017,WI,Chippewa County,19.278,21930,0.17783857729138167,0.4424778761061947,12.0,54659.0
Midwest,55019,WI,Clark County,11.477,9176,0.043591979075850044,0.0,14.0,48675.0
Midwest,55021,WI,Columbia County,22.676,20517,0.13647219379051517,0.13869625520110956,8.0,62036.0
Midwest,55023,WI,Crawford County,15.709,5772,0.2598752598752599,0.0,14.0,46698.0
Midwest,55025,WI,Dane County,49.026,281349,7.7334556014060825,1.0075924217696728,11.0,70815.0
Midwest,55027,WI,Dodge County,16.255,29770,0.12764528048370843,0.3460207612456747,10.0,56949.0
Midwest,55029,WI,Door County,31.325,10404,0.11534025374855825,0.2364066193853428,8.0,56298.0
Midwest,55031,WI,Douglas County,22.778,13748,0.23276112889147513,0.2912621359223301,14.0,50340.0
Midwest,55033,WI,Dunn County,26.627,14447,0.5052952170000692,0.33482142857142855,13.0,52181.0
Midwest,55035,WI,Eau Claire County,30.751,51153,2.1582311887865813,0.40605389442598744,13.0,52209.0
Midwest,55037,WI,Florence County,17.5,581,0.0,0.0,12.0,47704.0
Midwest,55039,WI,Fond du Lac County,21.924,42959,0.1419958565143509,0.3816793893129771,8.0,58920.0
Midwest,55041,WI,Forest County,14.083,1681,0.0,0.0,16.0,42072.0
Midwest,55043,WI,Grant County,21.337,13980,0.04291845493562232,0.2437043054427295,17.0,47512.0
Midwest,55045,WI,Green County,22.688,13594,0.16183610416360159,0.6166495375128469,8.0,60846.0
Midwest,55047,WI,Green Lake County,17.694,5399,0.0,0.2178649237472767,12.0,50386.0
Midwest,55049,WI,Iowa County,23.038,9001,0.0,0.0,9.0,58372.0
Midwest,55051,WI,Iron County,19.658,1381,0.0,0.0,14.0,41597.0
Midwest,55053,WI,Jackson County,13.871,6557,0.0,0.0,11.0,51024.0
Midwest,55055,WI,Jefferson County,23.471,30554,0.21601099692347975,0.5122950819672131,9.0,60744.0
Midwest,55057,WI,Juneau County,12.922,6582,0.04557885141294439,0.3552397868561279,14.0,47938.0
Midwest,55059,WI,Kenosha County,24.646,52787,0.23869513327144942,0.4410838059231254,13.0,59622.0
Midwest,55061,WI,Kewaunee County,16.9,4977,0.06027727546714889,0.0,8.0,61074.0
Midwest,55063,WI,La Crosse County,32.47,61882,0.917875957467438,0.6550933508024893,13.0,55151.0
Midwest,55065,WI,Lafayette County,17.663,3200,0.0,0.26595744680851063,12.0,56074.0
Midwest,55067,WI,Langlade County,16.051,6455,0.061967467079783116,0.35714285714285715,14.0,44522.0
Midwest,55069,WI,Lincoln County,15.961,8794,0.05685694791903571,0.436046511627907,10.0,54471.0
Midwest,55071,WI,Manitowoc County,19.659,30100,0.2591362126245847,0.39886039886039887,9.0,53633.0
Midwest,55073,WI,Marathon County,23.939,64918,0.3388890600449798,0.3280644199224575,10.0,56223.0
Midwest,55075,WI,Marinette County,14.508,15690,0.06373486297004462,0.28169014084507044,12.0,44265.0
Midwest,55077,WI,Marquette County,13.762,3554,0.0,0.0,12.0,50032.0
Midwest,55078,WI,Menominee County,16.467,703,0.0,0.0,27.0,36562.0
Midwest,55079,WI,Milwaukee County,29.748,445787,1.7315444371415047,0.573469490417023,20.0,47666.0
Midwest,55081,WI,Monroe County,18.179,15766,0.2727388050234682,0.0,12.0,56400.0
Midwest,55083,WI,Oconto County,16.195,6770,0.08862629246676514,0.0,9.0,58025.0
Midwest,55085,WI,Oneida County,26.248,13774,0.3484826484681284,0.14513788098693758,10.0,50938.0
Midwest,55087,WI,Outagamie County,27.785,103022,1.4831783502552853,0.5973715651135006,8.0,61764.0
Midwest,55089,WI,Ozaukee County,46.664,40912,1.994524833789597,0.7209805335255948,5.0,85706.0
Midwest,55091,WI,Pepin County,18.345,1816,0.0,0.0,12.0,53262.0
Midwest,55093,WI,Pierce County,27.817,6967,0.7320223912731448,0.5050505050505051,8.0,70086.0
Midwest,55095,WI,Polk County,19.6,13229,0.06803235316350442,0.17905102954341987,10.0,53661.0
Midwest,55097,WI,Portage County,30.305,30896,0.7347229414810978,0.4703115814226925,12.0,55064.0
Midwest,55099,WI,Price County,16.211,4599,0.0,0.25252525252525254,11.0,46414.0
Midwest,55101,WI,Racine County,23.972,66437,0.7254993452443669,0.4224652087475149,14.0,56246.0
Midwest,55103,WI,Richland County,17.842,4813,0.0,0.273224043715847,13.0,50306.0
Midwest,55105,WI,Rock County,20.766,57883,0.35589033049427293,0.6006006006006006,13.0,51573.0
Midwest,55107,WI,Rusk County,14.79,4338,0.0,0.0,14.0,43075.0
Midwest,55109,WI,St. Croix County,33.399,29300,0.6689419795221843,0.7637017070979335,6.0,75619.0
Midwest,55111,WI,Sauk County,22.323,31298,0.035146015719854304,0.27654867256637167,10.0,57647.0
Midwest,55113,WI,Sawyer County,22.134,4974,0.16083634901487737,0.3129890453834116,15.0,44180.0
Midwest,55115,WI,Shawano County,15.598,10456,0.0,0.0,12.0,50203.0
Midwest,55117,WI,Sheboygan County,23.622,54987,0.26551730409005764,0.5634861006761833,7.0,55594.0
Midwest,55119,WI,Taylor County,13.462,7705,0.0,0.20833333333333334,12.0,50963.0
Midwest,55121,WI,Trempealeau County,19.253,13995,0.19292604501607716,0.9389671361502347,8.0,53142.0
Midwest,55123,WI,Vernon County,21.215,7123,0.12635125649305068,0.47619047619047616,17.0,51002.0
Midwest,55125,WI,Vilas County,26.812,5816,0.171939477303989,0.3191489361702128,13.0,45902.0
Midwest,55127,WI,Walworth County,27.818,35008,0.5970063985374772,0.487256371814093,11.0,58904.0
Midwest,55129,WI,Washburn County,21.569,4516,0.0,0.3875968992248062,13.0,46989.0
Midwest,55131,WI,Washington County,29.422,51435,1.6875668319237873,0.31201248049922,6.0,74631.0
Midwest,55133,WI,Waukesha County,41.623,239451,3.3013017277021186,0.5660076530612245,5.0,82080.0
Midwest,55135,WI,Waupaca County,17.664,16565,0.08451554482342288,0.2477291494632535,11.0,52125.0
Midwest,55137,WI,Waushara County,15.085,4673,0.0,0.43010752688172044,14.0,47596.0
Midwest,55139,WI,Winnebago County,26.887,84456,0.7885763000852515,0.6453423120089786,12.0,57003.0
Midwest,55141,WI,Wood County,20.383,34647,0.580136808381678,0.33613445378151263,10.0,52591.0
West,56001,WY,Albany County,47.863,9743,1.5395668685209893,0.4803073967339097,17.0,47355.0
West,56003,WY,Big Horn County,19.306,2536,0.0,0.32786885245901637,11.0,49725.0
West,56005,WY,Campbell County,19.064,20636,0.6541965497189378,0.2054794520547945,8.0,79148.0
West,56007,WY,Carbon County,20.318,4374,0.0,0.19230769230769232,12.0,59103.0
West,56009,WY,Converse County,15.532,4811,0.0,0.44642857142857145,9.0,71517.0
West,56011,WY,Crook County,21.366,1503,0.0,0.0,8.0,60953.0
West,56013,WY,Fremont County,22.351,10507,0.14276196821166842,0.234192037470726,17.0,49282.0
West,56015,WY,Goshen County,22.963,2987,0.0,0.0,15.0,47715.0
West,56017,WY,Hot Springs County,22.336,1587,0.0,0.0,14.0,46024.0
West,56019,WY,Johnson County,25.463,2341,0.5553182400683468,1.0706638115631693,9.0,56323.0
West,56021,WY,Laramie County,27.653,35366,1.6597862353673019,1.453308596165739,10.0,61124.0
West,56023,WY,Lincoln County,20.369,4467,0.17909111260353705,0.2994011976047904,9.0,63907.0
West,56025,WY,Natrona County,22.213,32937,0.09715517503112002,0.2709109380291229,10.0,60559.0
West,56027,WY,Niobrara County,18.991,413,0.0,0.0,14.0,45332.0
West,56029,WY,Park County,32.001,9669,0.25855827903609474,0.25252525252525254,11.0,60621.0
West,56031,WY,Platte County,19.7,2191,0.0,0.0,12.0,54588.0
West,56033,WY,Sheridan County,30.125,10392,0.6447267128560431,0.5093378607809848,9.0,53027.0
West,56035,WY,Sublette County,24.355,2885,0.0,0.24509803921568626,7.0,72198.0
West,56037,WY,Sweetwater County,21.371,16419,0.1705341372799805,0.0,10.0,74546.0
West,56039,WY,Teton County,53.788,17864,0.8452754142409314,0.8551068883610451,7.0,84118.0
West,56041,WY,Uinta County,18.207,6990,0.10014306151645208,0.34904013961605584,11.0,64713.0
West,56043,WY,Washakie County,21.076,2828,0.0,0.5586592178770949,13.0,49533.0
West,56045,WY,Weston County,18.807,1621,0.0,0.43859649122807015,11.0,56582.0
