time.index,time,alameda,alpine,amador,butte,calaveras,colusa,contra.costa,del.norte,el.dorado,fresno,glenn,humboldt,imperial,inyo,kern,kings,lake,lassen,los.angeles,madera,marin,mariposa,mendocino,merced,modoc,mono,monterey,napa,nevada,orange,placer,plumas,riverside,sacramento,san.benito,san.bernardi,san.diego,san.francisc,san.joaquin,san.luis.obi,san.mateo,santa.barbar,santa.clara,santa.cruz,shasta,sierra,siskiyou,solano,sonoma,stanislaus,sutter,tehama,trinity,tulare,tuolumne,ventura,yolo,yuba
1,1992Q1,461293.9436473119,168.2546089449292,6219.453004850241,48788.584809461994,5162.1165261079095,5338.644666014253,245419.11707597272,4359.796643503376,23897.32063537358,224679.52809411607,5254.025278913914,33770.88832224263,33146.163574954975,4630.405105711628,160919.43857122993,22211.23138847575,8912.836153084096,4169.759965178876,3333020.180016294,22858.367364736936,82668.42519847817,3437.349844806171,22115.71141781603,44404.30960882899,1412.889534009023,4177.88658521449,118124.27060019567,38828.08420742538,17420.155106135357,1014332.6871600911,53267.25722476236,4414.8433832934425,262850.6781590079,324291.6752627797,8842.88345039103,329284.6620356059,782688.4136920999,448503.7110707538,131201.14189076563,61187.18982977112,266744.99131538824,131562.19010204746,712553.618479519,77348.65435029694,42797.189858559555,489.5683660888026,9943.634646593991,69654.55591348403,123054.66691404677,111756.97231117533,16702.121051042912,10824.986432259711,1601.9772394333168,89168.76766613814,11291.274015615169,199028.61965675154,49393.79105985758,10584.197343004475
2,1992Q2,460709.58475458104,430.81322606970275,6224.236667693475,49109.27837110432,5066.34921515337,5505.217424970531,247592.35278471198,4338.059056871521,24058.863985475316,230056.92757069957,5419.885389141407,34468.369878293386,34632.82121472376,4734.241017940776,164357.69649809474,22905.152963642155,8759.827763993022,4571.591530833927,3313140.588259807,22917.664595283495,82812.85559497011,3504.7472485093867,22185.702230850442,44554.701370356124,1384.4840091520366,4303.9165029497135,115476.89639732872,37425.801684488906,17710.257356426297,1020611.9278504716,53750.6235134085,4538.478938451078,264343.3803588002,321121.14998262684,8890.90428325842,330772.6544895998,787518.7846580292,445931.30068289663,135363.508062796,61381.046632281126,264005.24733866885,129202.11964153004,714121.8008120753,79242.73646971921,42884.315892754435,516.0698966902886,10282.52956603603,70998.58661757056,122725.13679239275,113103.83976641811,16864.258430190366,10825.819007121792,1688.6470886249124,90316.91718160098,11264.717665445107,202977.52247111622,50484.268366972115,10796.396043032046
3,1992Q3,461829.5381349079,466.0643070381417,6397.747583365775,50544.9081181672,4867.216486022983,5860.256171049385,248049.3827758273,4424.485408070567,24181.18899544611,230237.99911998003,5351.167589487515,34626.27329430167,31146.162112608403,4620.826805913923,157454.46133665057,23666.646146236013,9339.560170041897,4706.931043385427,3300253.469922472,22763.1119055063,82907.03629993068,3537.134558300812,22914.9349663633,46059.75543319751,1354.3019068602887,4120.410631052643,109717.7806306372,36304.76400282745,17723.877228838366,1014845.1811796535,53731.11790658928,4413.063114403219,265185.2407849148,321987.3995877097,9970.045308591583,329652.46532793477,782559.1545768764,448521.7033463984,138353.86936388435,59841.65382652705,260432.0136370934,127594.04906944722,710809.3298222112,78489.45784502922,43957.27227287397,479.0255514125616,9984.564222482819,71938.15685177989,124001.37874302773,116642.48721463645,17645.980877329515,11242.298431430767,1734.2452885891223,93993.76494818319,11379.187440051857,199090.0441904656,52167.27717403682,11000.006604848193
4,1992Q4,461209.9351793433,380.86757572544667,6112.562693737424,48849.23032611671,5077.317988799294,5079.881468634905,245162.14758090125,4282.659067322043,23727.62687359912,218695.55323677984,5547.92212766595,34318.46951081991,33656.85309385037,4607.527252513616,148425.39588248907,23126.97147558821,8853.776253186486,4582.7175034180245,3251265.7774934517,22056.85903937453,82593.68320389032,3474.768537146228,21579.653747980527,43478.23398526622,1274.5873690905914,4262.785952342025,112433.04080283854,34801.34791294574,17707.710656710977,1012616.2070115848,55123.001102854905,4462.614779010592,262597.69818924274,319314.7779719154,8042.167501205009,327253.2144887013,779666.644633272,443466.28615527,130871.48531356195,60154.11018362143,261609.74693118525,127184.63842047007,705505.2529913522,78120.15307889272,43076.22417199494,479.3362472554436,9925.271921083013,70271.70211361254,122484.81915569148,111033.70710577915,16601.640158430357,10998.896334533662,1706.1305731420941,94388.55544377524,11282.821081212158,201244.81273372986,49271.66499043958,11097.907377914762
5,1993Q1,456844.9436473119,562.2546089449293,6444.453004850241,47151.584809461994,4914.1165261079095,5132.644666014253,243956.11707597272,4160.796643503376,22734.32063537358,226267.52809411607,5484.025278913914,34256.88832224263,32534.163574954975,4473.405105711628,156827.43857122993,21581.23138847575,9085.836153084096,4422.759965178876,3213857.180016294,22175.367364736936,82386.42519847817,3311.349844806171,21931.71141781603,43239.30960882899,1354.889534009023,4754.88658521449,116770.27060019567,38647.08420742538,18279.155106135357,996029.6871600911,54244.25722476236,4153.8433832934425,265900.6781590079,316544.6752627797,8909.88345039103,327511.6620356059,779523.4136920999,444164.7110707538,130741.14189076563,58235.18982977112,259977.99131538827,127720.19010204746,707151.618479519,76330.65435029694,41487.189858559555,502.5683660888026,9575.634646593991,71053.55591348403,124796.66691404677,109976.97231117533,16569.121051042912,10322.986432259711,1571.9772394333168,92052.76766613814,10861.274015615169,199684.61965675154,49303.79105985758,10854.197343004475
6,1993Q2,458717.58475458104,714.8132260697028,6548.236667693475,47658.27837110432,5069.34921515337,5432.217424970531,245782.35278471198,4485.059056871521,23930.863985475316,232063.92757069957,5599.885389141407,34319.369878293386,36016.82121472376,4575.241017940776,160363.69649809474,23289.152963642155,8684.827763993022,4673.591530833927,3178699.588259807,23352.664595283495,83352.85559497011,3541.7472485093867,21947.702230850442,43613.701370356124,1314.4840091520366,4663.9165029497135,114088.89639732872,37408.801684488906,18548.257356426297,996467.9278504716,55975.6235134085,4235.478938451078,270165.3803588002,317193.14998262684,9384.90428325842,329779.6544895998,774067.7846580292,440398.30068289663,133047.508062796,58255.046632281126,258417.24733866885,128942.11964153004,704194.8008120753,78456.73646971921,42954.315892754435,535.0698966902886,9716.52956603603,71423.58661757056,124989.13679239275,110083.83976641811,16930.258430190366,10313.819007121792,1570.6470886249124,94355.91718160098,11159.717665445107,204308.52247111622,50250.268366972115,10849.396043032046
7,1993Q3,461255.5381349079,566.0643070381417,6555.747583365775,48988.9081181672,5120.216486022983,5429.256171049385,246265.3827758273,4555.485408070567,23844.18899544611,231480.99911998003,5448.167589487515,34808.27329430167,32980.1621126084,4508.826805913923,158966.46133665057,24110.646146236013,8682.560170041897,4679.931043385427,3208428.469922472,21471.1119055063,83933.03629993068,3547.134558300812,22087.9349663633,46450.75543319751,1355.039065327597,4387.410631052643,109388.7806306372,35973.76400282745,18272.877228838366,997561.1811796535,55881.11790658928,4415.063114403219,265737.2407849148,318994.3995877097,10885.045308591583,330865.46532793477,775698.1545768764,439418.7033463984,136992.86936388435,58345.65382652705,259521.0136370934,127948.04906944722,711887.3298222112,79696.45784502922,43435.27227287397,471.0255514125616,10007.564222482819,73362.15685177989,125977.37874302773,115054.48721463645,16952.980877329515,10819.298431430767,1628.2452885891223,91946.76494818319,11125.187440051857,202003.0441904656,52070.27717403682,11075.500187001997
8,1993Q4,461501.9351793433,505.86757572544667,6576.562693737424,48324.23032611671,5025.317988799294,5091.881468634905,246394.14758090125,4646.659067322043,23904.62687359912,234657.55323677984,5693.92212766595,34767.46951081991,35202.85309385037,4587.527252513616,149374.39588248907,24165.97147558821,8997.776253186486,4341.7175034180245,3167845.7774934517,26797.85903937453,85520.68320389032,3466.768537146228,23529.653747980527,44502.23398526622,1433.5873690905914,4677.785952342025,115188.04080283854,36155.34791294574,18739.710656710977,995975.2070115848,57105.001102854905,4461.614779010592,265367.69818924274,319336.7779719154,9411.16750120501,328504.2144887013,781243.644633272,441511.28615527,132626.48531356195,58965.11018362143,261930.74693118525,128763.63842047007,711295.2529913522,78956.15307889272,43687.22417199494,521.3362472554436,10270.271921083013,72868.70211361254,126918.81915569148,112789.70710577915,16822.640158430357,10674.896334533662,1747.1305731420941,94940.55544377524,10834.00400864262,201503.81273372986,51205.66499043958,10616.907377914762
9,1994Q1,465408.9436473119,717.2546089449293,6394.453004850241,48617.584809461994,4906.1165261079095,5400.644666014253,245136.11707597272,4685.796643503376,23992.32063537358,235245.52809411607,5666.025278913914,35046.88832224263,35100.163574954975,4512.405105711628,159001.43857122993,22917.23138847575,9376.836153084096,4611.759965178876,3168788.180016294,23917.367364736936,86086.42519847817,3347.349844806171,23255.71141781603,44848.30960882899,1500.889534009023,4331.88658521449,118077.27060019567,37966.08420742538,18157.155106135357,1001612.6871600911,57675.25722476236,4260.8433832934425,271468.6781590079,323114.6752627797,9250.88345039103,332701.6620356059,786418.4136920999,436760.7110707538,133279.14189076563,59453.18982977112,263279.99131538824,130226.19010204746,712478.618479519,77279.65435029694,43055.189858559555,480.5683660888026,10042.634646593991,73388.55591348403,125291.66691404677,111216.97231117533,17307.121051042912,10811.986432259711,1796.9772394333168,94794.76766613814,10548.274015615169,204428.61965675154,51576.79105985758,10182.197343004475
10,1994Q2,466096.58475458104,394.81322606970275,6339.236667693475,49522.27837110432,4877.34921515337,6084.217424970531,245873.35278471198,4643.059056871521,24237.863985475316,238899.92757069957,5748.885389141407,35294.369878293386,36907.82121472376,4417.241017940776,161872.69649809474,24803.152963642155,9084.827763993022,4892.591530833927,3180848.588259807,24294.664595283495,85875.85559497011,3406.7472485093867,23507.702230850442,45478.701370356124,1454.4840091520366,4198.9165029497135,115600.89639732872,37057.801684488906,17891.257356426297,1005948.9278504716,58386.6235134085,4394.478938451078,273950.3803588002,326131.14998262684,9463.90428325842,333350.6544895998,782456.7846580292,436814.30068289663,136689.508062796,59758.046632281126,261472.24733866885,129068.11964153004,714980.8008120753,80369.73646971921,42930.315892754435,520.0698966902886,10430.52956603603,73554.58661757056,126329.13679239275,110469.83976641811,17539.258430190366,10702.819007121792,1906.6470886249124,96091.91718160098,10425.717665445107,206658.52247111622,52077.268366972115,10050.396043032046
11,1994Q3,468283.5381349079,585.0643070381417,6528.747583365775,50281.9081181672,4739.216486022983,5850.256171049385,243432.3827758273,4541.485408070567,24309.18899544611,236021.99911998003,5369.167589487515,36091.27329430167,33506.1621126084,4420.826805913923,163017.46133665057,27171.646146236013,9486.560170041897,4956.931043385427,3213069.469922472,23328.1119055063,85175.03629993068,3408.134558300812,23561.9349663633,47322.75543319751,1504.039065327597,4422.410631052643,113081.7806306372,37324.76400282745,18214.877228838366,1009372.1811796535,57995.11790658928,4238.063114403219,273644.2407849148,328361.3995877097,10996.045308591583,338041.46532793477,786214.1545768764,435870.7033463984,140585.86936388435,59727.65382652705,262408.0136370934,128001.04906944722,717457.3298222112,80323.45784502922,43836.27227287397,535.0255514125616,10035.564222482819,74275.15685177989,126689.37874302773,116512.48721463645,17144.980877329515,10878.298431430767,1845.2452885891223,96810.76494818319,10574.187440051857,211726.0441904656,53098.27717403682,10744.500187001997
12,1994Q4,470994.9351793433,483.86757572544667,6487.562693737424,50110.23032611671,4669.317988799294,5319.881468634905,246259.14758090125,4558.659067322043,24116.62687359912,242947.55323677984,5636.92212766595,36274.46951081991,37294.85309385037,4361.527252513616,153708.39588248907,23902.97147558821,9220.776253186486,4520.7175034180245,3201774.7774934517,25567.85903937453,84925.68320389032,3325.768537146228,23774.653747980527,45979.23398526622,1420.5873690905914,4430.785952342025,115220.04080283854,38288.34791294574,18107.710656710977,1010297.2070115848,59175.001102854905,4308.614779010592,273120.69818924274,327588.7779719154,10286.16750120501,339490.2144887013,784919.644633272,433556.28615527,136450.48531356195,61555.11018362143,264607.74693118525,127956.63842047007,723483.2529913522,80429.15307889272,44244.22417199494,548.3362472554436,9914.271921083013,73905.70211361254,127808.81915569148,112645.70710577915,17586.640158430357,10309.896334533662,1946.1305731420941,98801.55544377524,10446.821081212158,209418.81273372986,52857.66499043958,10338.907377914762
13,1995Q1,481302.9436473119,954.2546089449293,7068.453004850241,49092.584809461994,4622.1165261079095,5380.644666014253,246683.11707597272,4536.796643503376,26029.32063537358,236330.52809411607,5710.025278913914,36205.88832224263,36215.163574954975,4532.405105711628,162872.43857122993,22809.23138847575,9503.836153084096,4417.759965178876,3214664.180016294,25019.367364736936,85878.42519847817,3321.349844806171,23291.71141781603,44889.30960882899,1503.889534009023,4523.88658521449,118098.27060019567,38342.08420742538,19242.155106135357,1022670.6871600911,59876.25722476236,4217.8433832934425,279193.6781590079,328960.6752627797,9866.88345039103,343930.6620356059,793249.4136920999,437817.7110707538,135934.14189076563,61094.18982977112,267785.99131538824,130457.19010204746,710287.618479519,77247.65435029694,42740.189858559555,525.5683660888026,9873.634646593991,73391.55591348403,127082.66691404677,111008.97231117533,17291.121051042912,10709.986432259711,1772.9772394333168,93417.76766613814,10424.274015615169,206886.61965675154,54221.79105985758,10103.197343004475
14,1995Q2,487155.58475458104,1017.8132260697028,7348.236667693475,49769.27837110432,4605.34921515337,5822.217424970531,245774.35278471198,4618.059056871521,26360.863985475316,241648.92757069957,5982.885389141407,36446.369878293386,35598.82121472376,4630.241017940776,166840.69649809474,24444.152963642155,9426.827763993022,4886.591530833927,3229325.588259807,26856.664595283495,86330.85559497011,3496.7472485093867,23506.702230850442,46366.701370356124,1392.4840091520366,4307.9165029497135,113508.89639732872,38452.801684488906,19201.257356426297,1030641.9278504716,62062.6235134085,4146.478938451078,284654.3803588002,329900.14998262684,9872.90428325842,344516.6544895998,798255.7846580292,437422.30068289663,139644.508062796,61398.046632281126,268675.24733866885,129973.11964153004,735053.8008120753,80495.73646971921,43348.315892754435,581.0698966902886,10513.52956603603,73776.58661757056,127935.13679239275,111645.83976641811,17990.258430190366,11422.819007121792,1826.6470886249124,97116.91718160098,10652.717665445107,209822.52247111622,55096.268366972115,10340.396043032046
15,1995Q3,493556.5381349079,653.0643070381417,6803.747583365775,49602.9081181672,4710.216486022983,5719.256171049385,246125.3827758273,4668.485408070567,25640.18899544611,252769.99911998003,5867.167589487515,37079.27329430167,33714.1621126084,4724.826805913923,173287.46133665057,25440.646146236013,9895.560170041897,5133.931043385427,3224648.469922472,27282.1119055063,88175.03629993068,3571.134558300812,24663.9349663633,47204.75543319751,1557.039065327597,4377.410631052643,112942.7806306372,38501.76400282745,18394.877228838366,1032572.1811796535,62041.11790658928,4231.063114403219,284352.2407849148,335766.3995877097,10264.045308591583,346214.46532793477,801488.1545768764,443659.7033463984,141352.86936388435,62160.65382652705,270091.0136370934,129976.04906944722,747518.3298222112,81216.45784502922,44427.27227287397,532.0255514125616,10169.564222482819,75519.15685177989,128757.37874302773,116568.87864487687,17423.980877329515,11107.298431430767,1847.2452885891223,99054.76494818319,10632.187440051857,212836.0441904656,56315.27717403682,10912.500187001997
16,1995Q4,495818.9351793433,880.8675757254466,6971.562693737424,50638.23032611671,4901.317988799294,6150.881468634905,249387.14758090125,4781.659067322043,26869.62687359912,247400.55323677984,6192.92212766595,37653.46951081991,36248.85309385037,4871.527252513616,162029.39588248907,23323.97147558821,9684.776253186486,4987.7175034180245,3224394.7774934517,28171.85903937453,88189.68320389032,3726.768537146228,26320.653747980527,45936.23398526622,1577.5873690905914,4342.785952342025,117436.04080283854,40495.34791294574,18762.710656710977,1038768.2070115848,63683.001102854905,4297.614779010592,287362.69818924274,344091.7779719154,10726.16750120501,349435.2144887013,805428.644633272,438800.28615527,143336.48531356195,62830.11018362143,272350.74693118525,129855.63842047007,748330.2529913522,81504.15307889272,45114.22417199494,609.3362472554436,10408.271921083013,76324.70211361254,132953.81915569148,114609.70710577915,18531.640158430357,10897.896334533662,1886.1305731420941,94095.55544377524,10208.821081212158,211034.81273372986,57951.66499043958,11044.907377914762
17,1996Q1,501484.9436473119,991.2546089449293,6882.453004850241,51100.584809461994,4739.1165261079095,5947.644666014253,248321.11707597272,4867.796643503376,26611.32063537358,244465.52809411607,5795.025278913914,37817.88832224263,34994.163574954975,4902.405105711628,171273.43857122993,26124.23138847575,9809.836153084096,4764.759965178876,3229999.180016294,25748.367364736936,88450.42519847817,3534.349844806171,25087.71141781603,46103.30960882899,1564.889534009023,4218.88658521449,124431.27060019567,40992.08420742538,17613.155106135357,1045175.6871600911,65931.25722476236,4380.8433832934425,287992.6781590079,346688.6752627797,11003.88345039103,355968.6620356059,817968.4136920999,447241.7110707538,139586.14189076563,63775.18982977112,279924.99131538824,132291.19010204746,779120.618479519,79963.65435029694,44750.189858559555,587.5683660888026,10208.634646593991,75476.55591348403,133985.66691404677,114712.97231117533,18166.121051042912,11119.986432259711,1781.9772394333168,95356.76766613814,9496.274015615169,215699.61965675154,55536.79105985758,10819.197343004475
18,1996Q2,502674.58475458104,1071.8132260697028,6831.236667693475,51521.27837110432,4745.34921515337,6623.217424970531,250021.35278471198,4857.059056871521,27058.863985475316,250545.92757069957,5783.885389141407,38433.369878293386,34100.82121472376,4753.241017940776,180437.69649809474,26762.152963642155,9788.827763993022,5236.591530833927,3275423.588259807,27355.664595283495,88688.85559497011,3617.7472485093867,25998.702230850442,47796.701370356124,1458.4840091520366,4628.9165029497135,121804.89639732872,40910.801684488906,18688.257356426297,1052598.9278504716,67441.6235134085,4323.478938451078,296890.3803588002,351036.14998262684,12342.90428325842,358533.6544895998,828659.7846580292,449192.30068289663,143815.508062796,63966.046632281126,283808.24733866885,135617.11964153004,787677.8008120753,83714.73646971921,45133.315892754435,621.0698966902886,10871.52956603603,76365.58661757056,136927.13679239273,115839.83976641811,18555.258430190366,11362.819007121792,1827.6470886249124,97333.91718160098,9885.717665445107,216409.52247111622,55585.268366972115,10783.396043032046
19,1996Q3,511903.5381349079,691.0643070381417,7029.747583365775,51182.9081181672,4770.216486022983,6256.256171049385,251612.3827758273,5091.485408070567,26759.18899544611,261665.99911998003,5928.167589487515,38147.27329430167,32965.1621126084,5081.826805913923,186467.46133665057,27110.646146236013,9510.560170041897,5404.931043385427,3284516.469922472,28622.1119055063,88286.03629993068,3749.134558300812,26015.9349663633,47790.75543319751,1565.039065327597,4372.410631052643,117857.7806306372,40796.76400282745,18110.877228838366,1053150.1811796534,67675.11790658928,4356.063114403219,291191.2407849148,349921.3995877097,12734.045308591583,357192.46532793477,830563.1545768764,456789.7033463984,145920.86936388435,63255.65382652705,286831.0136370934,133106.04906944724,796092.3298222112,81859.45784502922,44892.27227287397,608.0255514125616,10683.564222482819,78330.15685177989,137295.37874302774,118952.48721463645,18967.980877329515,11175.298431430767,1854.2452885891223,98779.76494818319,9970.187440051857,214752.0441904656,55991.27717403682,11058.160255201512
20,1996Q4,514857.9351793433,1007.8675757254466,7120.562693737424,52472.23032611671,4897.317988799294,6252.881468634905,253006.14758090125,4885.659067322043,27098.62687359912,244809.55323677984,5867.92212766595,38569.46951081991,36908.85309385037,5027.527252513616,166964.39588248907,25847.97147558821,9768.776253186486,4890.7175034180245,3312868.7774934517,26738.85903937453,88685.68320389032,3668.768537146228,26228.653747980527,46548.23398526622,1530.5873690905914,4496.785952342025,120022.04080283854,41213.34791294574,18372.710656710977,1061875.2070115847,70004.0011028549,4376.614779010592,297953.69818924274,351705.7779719154,12030.16750120501,360276.2144887013,836072.644633272,458088.28615527,145091.48531356195,63670.11018362143,292090.74693118525,134161.63842047006,804496.2529913522,81262.15307889272,45166.22417199494,630.3362472554436,10961.271921083013,77544.70211361254,140002.81915569148,119728.70710577915,18092.640158430357,11210.896334533662,1789.1305731420941,99847.55544377524,9827.821081212158,213770.81273372986,55921.66499043958,11248.907377914762
21,1997Q1,511616.9436473119,1002.2546089449293,7435.453004850241,53228.584809461994,4871.1165261079095,6022.644666014253,255787.11707597272,4783.796643503376,26618.32063537358,246096.52809411607,5931.025278913914,38017.88832224263,36807.163574954975,4949.405105711628,174096.43857122993,26294.23138847575,9665.836153084096,4276.759965178876,3330360.180016294,27533.367364736936,87938.42519847817,3356.349844806171,25135.71141781603,47524.30960882899,1670.889534009023,4424.88658521449,125516.27060019567,43132.08420742538,18251.155106135357,1077532.6871600912,71860.25722476236,4285.8433832934425,302834.6781590079,348987.6752627797,11640.88345039103,364518.6620356059,851502.4136920999,464536.7110707538,142073.14189076563,65257.18982977112,294795.99131538824,135236.19010204746,810464.618479519,82235.65435029694,45342.189858559555,510.5683660888026,10312.634646593991,78805.55591348403,140485.66691404677,117835.97231117533,18266.121051042912,11080.986432259711,1725.9772394333168,98505.76766613814,9975.274015615169,214823.61965675154,55882.79105985758,10724.197343004475
22,1997Q2,520436.58475458104,1013.8132260697028,7348.236667693475,53294.27837110432,5000.34921515337,7516.217424970531,262816.352784712,4873.059056871521,27614.863985475316,256468.92757069957,6185.885389141407,38416.369878293386,37451.82121472376,5036.241017940776,184727.69649809474,28842.152963642155,9610.827763993022,4784.591530833927,3340301.588259807,30984.664595283495,90202.85559497011,3085.7472485093867,26120.702230850442,49414.701370356124,1543.4840091520366,4510.9165029497135,123185.89639732872,44170.801684488906,18756.257356426297,1097198.9278504716,73428.6235134085,4646.478938451078,314669.3803588002,355691.14998262684,11002.90428325842,370760.6544895998,868091.7846580292,469335.30068289663,146978.508062796,69751.04663228113,298451.24733866885,136210.11964153004,836525.8008120753,83403.73646971921,45038.315892754435,540.0698966902886,10776.52956603603,79041.58661757056,144211.13679239273,122893.83976641811,19358.258430190366,11241.819007121792,1852.6470886249124,100674.91718160098,10142.717665445107,215743.52247111622,56493.268366972115,11234.396043032046
23,1997Q3,530462.5381349078,706.0643070381417,7341.747583365775,54939.9081181672,4745.216486022983,6909.256171049385,269072.3827758273,5193.485408070567,27445.18899544611,257761.99911998003,6091.167589487515,39257.27329430167,32974.1621126084,5218.826805913923,183412.46133665057,28910.646146236013,10064.560170041897,4901.931043385427,3367589.469922472,30701.1119055063,90545.03629993068,3057.134558300812,27098.9349663633,49397.264806781044,1517.039065327597,4317.410631052643,119777.7806306372,43721.76400282745,18872.877228838366,1109793.1811796534,73600.11790658928,4695.063114403219,311752.2407849148,364084.3995877097,11669.045308591583,372827.46532793477,876385.1545768764,468151.7033463984,151941.86936388435,69636.65382652705,302065.0136370934,135752.04906944724,845300.3298222112,83042.45784502922,45743.27227287397,543.0255514125616,10858.564222482819,82220.15685177989,146110.37874302774,128488.48721463645,19930.980877329515,11428.298431430767,1990.2452885891223,100912.76494818319,9923.187440051857,216493.0441904656,58606.27717403682,11432.427911275836
24,1997Q4,523773.9351793433,1161.8675757254466,7326.562693737424,54537.23032611671,4862.317988799294,5543.881468634905,259960.14758090125,4893.659067322043,28215.62687359912,241625.55323677984,6079.92212766595,38104.46951081991,37124.85309385037,5025.527252513616,173902.39588248907,25427.97147558821,9921.776253186486,4354.7175034180245,3340304.7774934517,25983.85903937453,90407.68320389032,3380.768537146228,26528.653747980527,47665.23398526622,1522.5873690905914,4490.785952342025,121194.04080283854,43611.34791294574,19025.710656710977,1110660.2070115847,73650.0011028549,4621.614779010592,315279.69818924274,366602.7779719154,11014.16750120501,368681.2144887013,878920.644633272,466695.28615527,146374.48531356195,67266.11018362144,304445.74693118525,135196.63842047006,847270.2529913522,83256.15307889272,45684.22417199494,523.3362472554436,11153.271921083013,80621.70211361254,146080.81915569148,122262.70710577915,18791.640158430357,11132.896334533662,1807.1305731420941,95348.55544377524,10225.821081212158,215514.81273372986,57806.66499043958,11562.907377914762
25,1998Q1,534907.9436473119,1041.2546089449293,7214.453004850241,52988.584809461994,4912.1165261079095,5528.644666014253,274970.1170759727,4781.796643503376,29691.32063537358,247732.52809411607,5220.025278913914,38719.88832224263,36957.163574954975,4892.195529882439,178695.43857122993,23426.23138847575,10072.836153084096,4992.759965178876,3387245.180016294,27503.367364736936,91576.42519847817,3422.349844806171,26712.71141781603,50281.30960882899,1446.889534009023,4684.88658521449,128170.27060019567,45404.08420742538,19937.155106135357,1138798.6871600912,75883.25722476236,4755.8433832934425,336321.6781590079,369099.6752627797,11779.88345039103,379578.6620356059,910586.4136920999,480256.7110707538,147693.14189076563,69666.18982977112,309989.99131538824,137128.19010204746,870746.618479519,83330.65435029694,45667.189858559555,534.5683660888026,10615.634646593991,80822.55591348403,149596.66691404677,123701.97231117533,18892.121051042912,11237.986432259711,1878.9772394333168,100163.76766613814,10161.274015615169,221951.61965675154,57284.79105985758,10457.197343004475
26,1998Q2,537731.5847545811,1087.8132260697028,7086.236667693475,53481.27837110432,5085.34921515337,5978.217424970531,270180.352784712,4696.059056871521,29978.863985475316,248092.92757069957,5506.885389141407,38786.369878293386,35972.82121472376,4881.241017940776,180695.69649809474,25562.152963642155,10336.827763993022,4789.591530833927,3405831.588259807,26874.664595283495,92214.85559497011,3400.7472485093867,26234.702230850442,50630.701370356124,1622.4840091520366,4729.9165029497135,124153.89639732872,46540.801684488906,20008.257356426297,1147126.9278504716,77698.6235134085,4488.478938451078,327675.3803588002,373783.14998262684,11289.90428325842,381987.6544895998,909959.7846580292,485022.30068289663,150858.508062796,70759.04663228113,313917.24733866885,134561.11964153004,869889.8008120753,83193.73646971921,45504.315892754435,544.0698966902886,10598.52956603603,81431.58661757056,153281.13679239273,125655.83976641811,18098.258430190366,11411.819007121792,1951.6470886249124,97990.91718160098,10303.717665445107,222437.52247111622,56513.268366972115,10368.396043032046
27,1998Q3,544144.5381349078,691.0643070381417,7455.747583365775,54474.9081181672,5334.216486022983,6417.256171049385,276071.3827758273,4916.485408070567,30348.18899544611,259096.99911998003,5993.167589487515,40224.27329430167,36528.1621126084,5127.826805913923,185032.46133665057,27326.646146236013,10367.560170041897,4881.931043385427,3430569.469922472,32454.1119055063,93620.03629993068,3163.134558300812,27127.9349663633,51932.75543319751,1705.039065327597,4480.410631052643,124652.7806306372,47632.76400282745,20344.877228838366,1169790.1811796534,78200.11790658928,4498.063114403219,343228.2407849148,375172.3995877097,11028.045308591583,387375.46532793477,926874.1545768764,492453.7033463984,152269.86936388435,72150.65382652705,316762.0136370934,136473.04906944724,879420.3298222112,85311.45784502922,45893.27227287397,575.0255514125616,10738.564222482819,84580.15685177989,153678.37874302774,131524.48721463647,18571.980877329515,11566.298431430767,2062.2452885891225,99104.76494818319,10259.187440051857,228458.0441904656,58132.27717403682,10770.500187001997
28,1998Q4,544025.9351793433,1184.8675757254466,7424.562693737424,55982.23032611671,5328.317988799294,6220.881468634905,279762.1475809012,5061.659067322043,31169.62687359912,262062.55323677984,5723.92212766595,40130.46951081991,38442.85309385037,5190.527252513616,189786.39588248907,24333.97147558821,10985.776253186486,4496.7175034180245,3449914.7774934517,32733.85903937453,94090.68320389032,3362.768537146228,28173.653747980527,52065.23398526622,1628.5873690905914,4601.785952342025,126113.04080283854,48798.34791294574,20784.710656710977,1179297.2070115847,80186.0011028549,4559.614779010592,345503.69818924274,382129.7779719154,11299.16750120501,393045.2144887013,938285.644633272,498262.28615527,156310.48531356195,72065.11018362144,318937.74693118525,139997.63842047006,872897.2529913522,85030.15307889272,47551.22417199494,506.3362472554436,10713.271921083013,85855.70211361254,156373.81915569148,131180.70710577915,19947.640158430357,11568.896334533662,2049.1305731420944,104423.55544377524,10422.821081212158,226477.81273372986,59300.66499043958,10892.907377914762
29,1999Q1,548528.9436473119,1046.2546089449293,7268.453004850241,55531.584809461994,5577.1165261079095,6567.644666014253,281019.1170759727,4974.796643503376,31729.32063537358,252293.52809411607,5843.025278913914,38986.88832224263,38640.163574954975,5064.405105711628,178914.43857122993,24410.23138847575,10830.836153084096,4575.759965178876,3448790.180016294,31288.367364736936,95949.42519847817,3177.349844806171,26478.71141781603,51702.30960882899,1707.889534009023,4904.88658521449,133468.27060019568,48993.08420742538,20848.155106135357,1186775.6871600912,81849.25722476236,4545.8433832934425,349955.6781590079,386605.6752627797,12194.88345039103,406845.6620356059,945186.4136920999,497235.7110707538,154886.14189076563,72576.18982977112,322226.99131538824,140880.19010204746,869298.618479519,83187.65435029694,47288.189858559555,574.5683660888026,10344.634646593991,85904.55591348403,155313.66691404677,130682.97231117533,19845.121051042912,12539.986432259711,1827.9772394333168,97620.76766613814,10729.274015615169,231087.61965675154,59925.79105985758,10567.197343004475
30,1999Q2,555610.5847545811,1111.8132260697028,7340.236667693475,56053.27837110432,5580.34921515337,6873.217424970531,283508.352784712,4952.059056871521,32112.863985475316,249562.92757069957,6137.885389141407,38914.369878293386,37514.82121472376,5285.241017940776,179195.69649809474,24581.152963642155,11082.827763993022,4722.591530833927,3475623.588259807,29036.664595283495,96333.85559497011,3208.7472485093867,26721.702230850442,50965.701370356124,1639.4840091520366,4549.9165029497135,133785.8963973287,49359.801684488906,21336.257356426297,1195633.9278504716,83928.6235134085,4432.478938451078,355147.3803588002,395622.14998262684,11744.90428325842,414345.6544895998,957512.7846580292,496100.30068289663,158125.508062796,70970.04663228113,325093.24733866885,139583.11964153004,875184.8008120753,83684.73646971921,46970.315892754435,516.0698966902886,10423.52956603603,86271.58661757056,157898.13679239273,131304.83976641812,19539.258430190366,12728.819007121792,1803.6470886249124,95376.91718160098,10521.717665445107,232474.52247111622,60019.268366972115,10525.396043032046
31,1999Q3,561756.5381349078,794.0643070381417,7506.747583365775,56317.9081181672,5838.216486022983,6603.256171049385,283813.3827758273,5188.485408070567,33148.18899544611,266881.99911998,6228.167589487515,38786.27329430167,38334.1621126084,5447.826805913923,183305.46133665057,24457.646146236013,11363.560170041897,4895.931043385427,3495365.469922472,33091.1119055063,96905.03629993068,3321.134558300812,27434.9349663633,52862.75543319751,1662.039065327597,4868.410631052643,132820.7806306372,50597.76400282745,21756.877228838366,1204408.1811796534,84633.11790658928,4524.063114403219,366981.2407849148,398196.3995877097,12365.045308591583,418348.46532793477,968987.1545768764,503279.7033463984,161172.86936388435,75126.65382652705,330079.0136370934,143362.04906944724,885137.3298222112,83195.45784502922,47707.27227287397,581.0255514125616,10385.564222482819,89286.15685177989,159537.37874302774,136318.48721463647,19691.980877329515,13160.298431430767,1845.2452885891223,101592.76494818319,10863.187440051857,235365.0441904656,61342.27717403682,10626.500187001997
32,1999Q4,568306.9351793433,1167.8675757254466,7396.562693737424,57372.23032611671,5679.317988799294,6521.881468634905,285087.1475809012,5059.659067322043,33288.62687359912,264219.5532367799,6166.060481647975,38821.46951081991,37204.85309385037,5263.527252513616,185408.39588248907,26244.97147558821,11548.776253186486,4466.7175034180245,3513161.7774934517,31520.85903937453,97060.68320389032,3221.768537146228,28705.653747980527,51790.23398526622,1789.5873690905914,4956.785952342025,132510.04080283854,51290.34791294574,21750.710656710977,1210915.2070115847,86340.0011028549,4483.614779010592,371671.69818924274,400809.7779719154,12349.16750120501,419769.2144887013,978437.644633272,512449.28615527,163113.48531356195,76292.11018362144,328517.74693118525,143636.63842047006,890926.2529913522,83858.15307889272,49497.22417199494,638.3362472554436,10561.271921083013,89365.70211361254,158122.81915569148,137587.70710577915,20745.640158430357,13608.896334533662,1854.1305731420941,105290.55544377524,10554.821081212158,237756.81273372986,63804.66499043958,11238.907377914762
33,2000Q1,573705.9436473119,897.2546089449293,7816.453004850241,55961.584809461994,5599.1165261079095,6230.644666014253,287102.1170759727,5029.796643503376,33358.32063537358,259091.52809411607,5968.025278913914,37742.88832224263,34862.163574954975,5198.405105711628,185732.43857122993,26186.23138847575,10674.836153084096,4341.759965178876,3504188.180016294,29904.367364736936,97537.42519847817,3061.349844806171,26757.71141781603,51082.30960882899,1624.889534009023,4682.88658521449,135065.27060019568,50818.08420742538,21751.155106135357,1223460.6871600912,87115.25722476236,4529.8433832934425,376085.6781590079,398802.6752627797,12391.88345039103,427104.6620356059,982340.4136920999,512322.7110707538,161602.14189076563,74235.18982977112,334216.99131538824,145987.19010204746,900288.618479519,84324.65435029694,48410.189858559555,567.5683660888026,10660.634646593991,89922.55591348403,160266.66691404677,134196.97231117534,19889.121051042912,13570.986432259711,1734.9772394333168,103410.76766613814,10709.274015615169,242796.61965675154,61594.79105985758,10622.197343004475
34,2000Q2,576733.5847545811,1067.8132260697028,8026.236667693475,56906.27837110432,5859.34921515337,6797.217424970531,291395.352784712,4822.059056871521,34210.86398547531,262568.9275706996,5523.885389141407,38040.369878293386,36527.82121472376,5372.241017940776,189853.69649809474,25672.152963642155,11290.827763993022,4523.591530833927,3520305.588259807,31606.664595283495,98780.85559497011,3108.7472485093867,26852.702230850442,51609.701370356124,1725.4840091520366,5044.9165029497135,133565.8963973287,52055.801684488906,22006.257356426297,1237294.9278504716,89442.6235134085,4606.478938451078,380240.3803588002,402815.14998262684,12632.90428325842,428320.6544895998,990208.7846580292,520256.30068289663,166678.508062796,75547.04663228113,344047.24733866885,145849.11964153004,918542.8008120753,84345.73646971921,48628.315892754435,575.0698966902886,10833.52956603603,91760.58661757056,163458.13679239273,135731.83976641812,19797.258430190366,13528.819007121792,1644.6470886249124,106086.91718160098,10989.717665445107,245162.52247111622,62980.268366972115,10883.396043032046
35,2000Q3,585300.5381349078,756.0643070381417,8366.747583365775,57433.9081181672,5985.216486022983,6616.256171049385,291199.3827758273,4780.485408070567,34840.18899544611,267685.99911998,5957.167589487515,38379.27329430167,37739.1621126084,5318.826805913923,195203.46133665057,26916.646146236013,10682.560170041897,4800.931043385427,3528452.469922472,33123.1119055063,99025.03629993068,3310.134558300812,27686.9349663633,51752.75543319751,1608.039065327597,5086.410631052643,136006.7806306372,51542.76400282745,22822.877228838366,1250595.1811796534,91431.11790658928,4583.063114403219,383028.2407849148,405958.3995877097,12790.045308591583,431591.46532793477,1000625.1545768764,521182.7033463984,166138.86936388435,76648.65382652705,351994.0136370934,146861.04906944724,907013.4823937657,83281.45784502922,48956.27227287397,645.0255514125616,10932.564222482819,92813.15685177989,164650.37874302774,139186.48721463647,20467.980877329515,13421.298431430767,1639.2452885891223,107118.76494818319,11240.187440051857,244730.0441904656,62001.27717403682,11722.500187001997
36,2000Q4,589345.9351793433,1175.8675757254466,8055.341411628928,57966.23032611671,5874.317988799294,6159.881468634905,291539.1475809012,4732.659067322043,34988.62687359912,261097.55323677984,5427.92212766595,38277.46951081991,33545.85309385037,5339.527252513616,188747.39588248907,28464.97147558821,10987.776253186486,4415.7175034180245,3533520.7774934517,30490.85903937453,98559.68320389032,3191.768537146228,28012.653747980527,51482.23398526622,1677.5873690905914,5279.785952342025,136044.04080283854,50901.34791294574,22914.710656710977,1256213.2070115847,95752.0011028549,4656.614779010592,387598.69818924274,406876.7779719154,12294.16750120501,434082.2144887013,1010504.644633272,521558.28615527,165999.48531356195,76619.11018362144,355492.74693118525,147519.63842047006,897339.4517492346,83874.15307889272,49333.22417199494,571.3362472554436,10521.271921083013,92873.70211361254,165315.81915569148,137709.70710577915,20256.640158430357,13360.896334533662,1646.1305731420941,105052.55544377524,11475.821081212158,247394.81273372986,61775.66499043958,11124.907377914762
37,2001Q1,600834.9436473119,935.2546089449293,7627.453004850241,57625.584809461994,5964.1165261079095,5785.644666014253,291444.1170759727,4502.796643503376,35464.32063537358,256345.52809411607,5551.025278913914,37788.88832224263,34383.163574954975,4867.405105711628,188551.43857122993,25136.23138847575,10396.836153084096,4493.759965178876,3537596.180016294,30260.367364736936,98214.42519847817,3249.349844806171,26711.71141781603,50522.30960882899,1699.889534009023,5234.88658521449,138387.27060019568,53677.08420742538,22598.155106135357,1271923.6871600912,100859.25722476236,4757.8433832934425,386233.6781590079,408344.6752627797,12823.88345039103,439639.6620356059,1007227.4136920999,511821.0286612401,166456.14189076563,77116.18982977112,349155.99131538824,147315.19010204746,890572.2985119324,86518.65435029694,49972.189858559555,446.5683660888026,10511.634646593991,94982.55591348403,167463.66691404677,136244.97231117534,20947.121051042912,13217.986432259711,1696.9772394333168,102929.76766613814,11778.274015615169,249842.61965675154,63781.79105985758,10688.197343004475
38,2001Q2,596746.5847545811,969.8132260697028,7654.236667693475,57444.27837110432,6052.34921515337,5992.217424970531,291448.352784712,4513.059056871521,35498.86398547531,260117.92757069957,5529.885389141407,37500.369878293386,36404.82121472376,5025.241017940776,190869.69649809474,24687.152963642155,10584.827763993022,4515.591530833927,3532448.588259807,30329.664595283495,98535.85559497011,3397.7472485093867,26848.702230850442,50761.701370356124,1749.4840091520366,5450.9165029497135,138692.8963973287,54617.801684488906,23126.257356426297,1269665.9278504716,100747.6235134085,4824.478938451078,388961.3803588002,411387.14998262684,13037.90428325842,442902.6544895998,1007261.7846580292,506218.30068289663,169441.508062796,78381.04663228113,347035.24733866885,144775.11964153004,882039.7994195753,86368.73646971921,50075.315892754435,429.0698966902886,10399.52956603603,95761.58661757056,168474.13679239273,137771.83976641812,20482.258430190366,13334.819007121792,1696.6470886249124,105658.91718160098,11713.717665445107,252138.52247111622,64024.268366972115,10596.396043032046
39,2001Q3,585857.5381349078,747.0643070381417,7368.747583365775,57392.9081181672,6198.216486022983,5222.256171049385,290791.3827758273,4358.485408070567,35772.18899544611,262037.99911998003,5578.167589487515,37656.27329430167,34835.1621126084,4958.826805913923,192237.46133665057,24934.646146236013,10962.560170041897,4608.931043385427,3484952.469922472,29947.1119055063,97837.03629993068,3594.134558300812,27013.9349663633,50330.75543319751,1639.039065327597,5155.410631052643,135864.7806306372,53948.76400282745,23328.877228838366,1259564.1811796534,101192.11790658928,4828.063114403219,400580.2407849148,414678.3995877097,13567.045308591583,443572.46532793477,1008883.1545768764,491969.7033463984,167025.86936388435,80364.65382652705,336672.0136370934,144897.04906944724,870862.1996350937,83601.45784502922,50506.27227287397,458.0255514125616,10233.564222482819,96764.15685177989,167363.37874302774,140070.48721463647,21137.980877329515,13668.298431430767,1743.2452885891223,106880.76494818319,11966.187440051857,249674.0441904656,62727.27717403682,11186.500187001997
40,2001Q4,574960.9351793433,615.8675757254466,7284.562693737424,56615.23032611671,6244.317988799294,5409.881468634905,288352.1475809012,4305.659067322043,36733.62687359912,257088.55323677984,5559.92212766595,37278.46951081991,31935.85309385037,4915.527252513616,187101.39588248907,25377.97147558821,10817.776253186486,4446.7175034180245,3468141.7774934517,30063.85903937453,97253.68320389032,3533.768537146228,26941.653747980527,51447.23398526622,1728.5873690905914,5169.785952342025,136923.04080283854,53545.34791294574,23213.710656710977,1249361.2070115847,101588.0011028549,4772.614779010592,394261.69818924274,411335.7779719154,12555.16750120501,442850.2144887013,1007041.644633272,477919.28615527,166005.48531356195,78705.11018362144,328074.74693118525,144340.63842047006,862078.2529913522,83824.15307889272,51148.22417199494,392.3362472554436,10052.271921083013,94785.70211361254,165496.81915569148,137221.70710577915,22164.640158430357,14288.896334533662,1712.1305731420941,106536.55544377524,11948.821081212158,249386.81273372986,62990.66499043958,10556.907377914762
41,2002Q1,565160.9436473119,889.2546089449293,7637.453004850241,57900.584809461994,6213.1165261079095,5793.644666014253,290352.1170759727,4034.7966435033754,37055.32063537358,260310.52809411607,5228.025278913914,37108.88832224263,33987.163574954975,4863.405105711628,187908.43857122993,25214.23138847575,11030.836153084096,4900.759965178876,3441871.180016294,29178.367364736936,98401.42519847817,3684.349844806171,26054.71141781603,51972.30960882899,1794.889534009023,5174.88658521449,139455.27060019568,53589.08420742538,22958.155106135357,1240448.6871600912,101419.25722476236,4648.8433832934425,401901.6781590079,410461.6752627797,12363.88345039103,443365.6620356059,1003921.4136920999,464280.7110707538,165311.14189076563,79898.18982977112,316380.99131538824,144159.19010204746,834840.618479519,82954.65435029694,51402.189858559555,417.5683660888026,10217.634646593991,94714.55591348403,164808.66691404677,136180.97231117534,21540.121051042912,13626.986432259711,1742.9772394333168,105862.76766613814,11973.274015615169,251010.61965675154,61950.79105985758,10349.197343004475
42,2002Q2,569721.5847545811,732.8132260697028,7855.236667693475,58760.27837110432,6272.34921515337,5880.217424970531,292443.352784712,4261.059056871521,37354.86398547531,261937.92757069957,5313.885389141407,37029.369878293386,34808.82121472376,4774.241017940776,189953.69649809474,24890.152963642155,11308.827763993022,4831.591530833927,3454245.588259807,28816.664595283495,97968.85559497011,3765.7472485093867,26321.702230850442,52319.701370356124,1699.4840091520366,5546.9165029497135,137702.8963973287,54914.801684488906,23536.257356426297,1243176.9278504716,101934.6235134085,4878.478938451078,408959.3803588002,410333.14998262684,12396.90428325842,449733.6544895998,1019205.7846580292,459178.30068289663,166351.508062796,80206.04663228113,316487.24733866885,143418.11964153004,817824.8008120753,81887.73646971921,51544.315892754435,389.0698966902886,10280.52956603603,95922.58661757056,164033.13679239273,137936.83976641812,21018.258430190366,13785.819007121792,1798.6470886249124,107755.91718160098,11759.717665445107,252339.52247111622,62179.268366972115,10537.396043032046
43,2002Q3,567515.5381349078,753.0643070381417,7832.747583365775,57804.9081181672,6381.216486022983,5069.256171049385,291216.3827758273,4180.485408070567,37626.18899544611,264385.99911998,5337.167589487515,37547.27329430167,35407.1621126084,4622.826805913923,188676.46133665057,24755.646146236013,11327.560170041897,4904.931043385427,3442968.469922472,29979.1119055063,97086.03629993068,3952.134558300812,26531.9349663633,53110.75543319751,1702.039065327597,5247.410631052643,135578.7806306372,55471.76400282745,23802.877228838366,1242991.1811796534,102143.11790658928,4929.063114403219,411948.2407849148,412251.3995877097,12598.045308591583,449478.46532793477,1013552.1545768764,452035.7033463984,167699.86936388435,80511.65382652705,311796.0136370934,144214.04906944724,804695.3298222112,81688.45784502922,51676.27227287397,412.0255514125616,10284.564222482819,96028.15685177989,165256.37874302774,141194.48721463647,21443.980877329515,13575.298431430767,1772.2452885891223,107227.76494818319,11782.187440051857,253461.0441904656,61659.27717403682,10643.500187001997
44,2002Q4,565569.9351793433,648.8675757254466,7886.562693737424,58290.23032611671,6201.317988799294,5145.881468634905,290830.1475809012,4128.659067322043,37563.62687359912,265095.5532367799,5547.92212766595,36620.46951081991,33171.85309385037,4651.527252513616,188491.39588248907,24498.97147558821,11185.776253186486,5063.7175034180245,3449202.7774934517,30527.85903937453,97183.68320389032,3668.768537146228,26574.653747980527,52260.23398526622,1740.5873690905914,5273.785952342025,138039.04080283854,54429.34791294574,23873.710656710977,1250792.2070115847,104702.0011028549,4736.614779010592,413590.69818924274,412837.7779719154,12819.16750120501,452020.2144887013,1020364.644633272,450199.28615527,168812.48531356195,78958.11018362144,308228.74693118525,142883.63842047006,794661.2529913522,81016.15307889272,52569.22417199494,346.3362472554436,10002.271921083013,96514.70211361254,164476.81915569148,138363.70710577915,22220.640158430357,14126.896334533662,1744.1305731420941,106237.55544377524,11974.821081212158,252867.81273372986,62735.66499043958,10507.907377914762
45,2003Q1,569165.9436473119,878.2546089449293,7111.453004850241,58017.584809461994,6159.1165261079095,6018.644666014253,286338.1170759727,4271.796643503376,37977.32063537358,258136.52809411607,5155.025278913914,36296.88832224263,35648.163574954975,4602.405105711628,190775.43857122993,26004.23138847575,10881.836153084096,4908.759965178876,3425883.180016294,29911.367364736936,96580.42519847817,3245.349844806171,26006.71141781603,52056.30960882899,1723.889534009023,5463.88658521449,138257.27060019568,54438.08420742538,22989.155106135357,1255238.6871600912,107146.25722476236,4935.8433832934425,421694.6781590079,417189.6752627797,12903.88345039103,452343.6620356059,1025675.4136920999,446206.7110707538,171433.14189076563,79863.18982977112,303372.99131538824,144818.19010204746,774847.618479519,80521.65435029694,52542.189858559555,379.5683660888026,10176.634646593991,98919.55591348403,160693.66691404677,138826.97231117534,22117.121051042912,13550.986432259711,1716.9772394333168,106206.76766613814,12326.274015615169,253901.61965675154,61596.79105985758,10136.197343004475
46,2003Q2,566352.5847545811,864.8132260697028,7154.236667693475,58181.27837110432,6223.34921515337,5618.217424970531,285980.352784712,4338.059056871521,38389.86398547531,260719.92757069957,5173.885389141407,36038.369878293386,38003.82121472376,4617.241017940776,194102.69649809474,25812.152963642155,11224.827763993022,4843.591530833927,3434885.588259807,29809.664595283495,95749.85559497011,3194.7472485093867,25640.702230850442,52308.701370356124,1761.4840091520366,5792.9165029497135,143373.8963973287,55035.801684488906,23298.257356426297,1258214.9278504716,108523.6235134085,5064.478938451078,424759.3803588002,420085.14998262684,12839.90428325842,457108.6544895998,1027887.7846580292,443597.30068289663,173538.508062796,79663.04663228113,297955.24733866885,146955.11964153004,764628.8008120753,79531.73646971921,52951.315892754435,375.0698966902886,10117.52956603603,99854.58661757056,160480.13679239273,140002.83976641812,21692.258430190366,13505.819007121792,1670.6470886249124,106551.91718160098,12027.717665445107,254115.52247111622,61546.268366972115,10086.396043032046
47,2003Q3,563803.5381349078,699.0643070381417,7150.747583365775,57220.9081181672,6126.216486022983,4916.256171049385,284340.3827758273,4325.485408070567,38582.18899544611,263523.99911998,5060.167589487515,36331.27329430167,37225.1621126084,4481.826805913923,194299.46133665057,25906.646146236013,10879.560170041897,4817.931043385427,3410056.469922472,31046.1119055063,95507.03629993068,3324.134558300812,25870.9349663633,52272.75543319751,1775.039065327597,5525.410631052643,137900.7806306372,55149.76400282745,22937.877228838366,1276038.1811796534,108160.11790658928,5063.063114403219,429795.2407849148,419788.3995877097,12717.045308591583,469373.46532793477,1030701.1545768764,437694.7033463984,171119.86936388435,79031.65382652705,293132.0136370934,145289.04906944724,749590.3298222112,78492.45784502922,52681.27227287397,385.0255514125616,10101.564222482819,99235.15685177989,158502.37874302774,138103.48721463647,21630.980877329515,13458.298431430767,1701.2452885891223,105443.76494818319,12077.187440051857,257570.0441904656,59373.27717403682,9915.500187001997
48,2003Q4,562890.9351793433,593.8675757254466,7256.562693737424,57588.23032611671,6154.317988799294,5410.881468634905,286225.1475809012,4300.659067322043,39030.62687359912,264935.5532367799,5389.92212766595,36439.46951081991,34806.85309385037,4422.527252513616,195235.39588248907,26901.97147558821,10672.776253186486,4968.7175034180245,3428394.7774934517,32502.85903937453,95109.68320389032,3230.768537146228,26235.653747980527,52480.23398526622,1718.5873690905914,6026.785952342025,137763.04080283854,55125.34791294574,22962.710656710977,1286927.2070115847,107951.0011028549,5078.614779010592,437935.69818924274,421347.7779719154,12794.16750120501,473670.2144887013,1041772.644633272,438689.28615527,171554.48531356195,80132.11018362144,290062.74693118525,147326.63842047006,751174.2529913522,77861.15307889272,52666.22417199494,453.3362472554436,9839.271921083013,100345.70211361254,159252.81915569148,140405.70710577915,22097.640158430357,13055.896334533662,1685.1305731420941,107805.55544377524,12093.821081212158,257107.81273372986,60507.66499043958,10206.907377914762
49,2004Q1,555297.9436473119,710.2546089449293,7156.453004850241,57806.584809461994,6056.1165261079095,5679.644666014253,287134.1170759727,4366.796643503376,39402.32063537358,267913.5280941161,5459.025278913914,36857.88832224263,35933.163574954975,4656.405105711628,198313.43857122993,26614.23138847575,10665.836153084096,5107.759965178876,3457816.180016294,31708.367364736936,96140.42519847817,3368.349844806171,25091.71141781603,54317.30960882899,1659.889534009023,6130.88658521449,139470.27060019568,54916.08420742538,23416.155106135357,1287808.6871600912,111225.25722476236,5055.8433832934425,448571.6781590079,427685.6752627797,13771.88345039103,483867.6620356059,1045027.4136920999,429755.7110707538,174640.14189076563,81288.18982977112,295434.99131538824,149691.19010204746,750336.618479519,79029.65435029694,52364.189858559555,377.5683660888026,10074.634646593991,100255.55591348403,160376.66691404677,139147.97231117534,21851.121051042912,13375.986432259711,1680.9772394333168,106132.76766613814,11467.274015615169,259772.61965675154,61353.79105985758,10784.197343004475
50,2004Q2,557407.5847545811,511.81322606970275,7240.236667693475,58370.27837110432,6203.34921515337,5578.217424970531,289341.352784712,4343.059056871521,40670.86398547531,270505.9275706996,5418.885389141407,36605.369878293386,37105.82121472376,4723.241017940776,200647.69649809474,27156.152963642155,10860.827763993022,4710.591530833927,3454777.588259807,34452.664595283495,95123.85559497011,3290.7472485093867,25054.702230850442,54267.701370356124,1607.4840091520366,6184.9165029497135,141229.8963973287,55901.801684488906,23587.257356426297,1298883.9278504716,113923.6235134085,5104.478938451078,455364.3803588002,430425.14998262684,13524.90428325842,494860.6544895998,1047788.7846580292,427417.30068289663,179738.508062796,81560.04663228113,295814.24733866885,149397.11964153004,752640.8008120753,79166.73646971921,53263.315892754435,345.0698966902886,9930.52956603603,101721.58661757056,160920.13679239273,141624.83976641812,21966.258430190366,13377.819007121792,1656.6470886249124,108102.91718160098,11383.717665445107,261507.52247111622,61323.268366972115,10907.396043032046
51,2004Q3,558978.5381349078,665.0643070381417,7298.747583365775,59011.9081181672,6249.216486022983,5451.256171049385,290205.3827758273,4457.485408070567,41328.18899544611,271148.99911998,5639.167589487515,36767.27329430167,36839.1621126084,4665.826805913923,197521.46133665057,26740.646146236013,11257.560170041897,4472.931043385427,3460518.469922472,33823.1119055063,95606.03629993068,3400.134558300812,24845.9349663633,53805.75543319751,1558.039065327597,5753.410631052643,138212.7806306372,55175.76400282745,23634.877228838366,1312131.1811796534,114041.11790658928,5270.063114403219,462297.2407849148,434600.3995877097,13159.045308591583,500172.46532793477,1056624.1545768764,429097.7033463984,177312.86936388435,80043.65382652705,295737.0136370934,148553.04906944724,751742.3298222112,78414.45784502922,52934.27227287397,339.0255514125616,10168.564222482819,101729.15685177989,161343.37874302774,145768.48721463647,22116.980877329515,13426.298431430767,1722.2452885891223,104799.76494818319,11388.187440051857,262472.0441904656,60588.27717403682,10595.500187001997
52,2004Q4,560688.9351793433,608.8675757254466,7326.562693737424,58581.23032611671,6233.317988799294,5593.881468634905,290569.1475809012,4522.659067322043,42587.62687359912,269313.5532367799,5753.92212766595,37236.46951081991,36020.85309385037,4681.527252513616,198475.39588248907,27267.97147558821,10675.776253186486,4900.7175034180245,3466372.7774934517,31825.85903937453,95842.68320389032,3343.768537146228,24683.653747980527,53136.23398526622,1480.5873690905914,5959.785952342025,137681.04080283854,53784.34791294574,24202.710656710977,1315577.2070115847,115045.0011028549,5120.614779010592,475180.69818924274,434992.7779719154,13249.16750120501,503685.2144887013,1058480.644633272,428270.28615527,177334.48531356195,80948.11018362144,296754.74693118525,147954.63842047006,760478.2529913522,78578.15307889272,53032.22417199494,367.3362472554436,9892.271921083013,102140.70211361254,159810.81915569148,143193.70710577915,22224.640158430357,13538.896334533662,1634.1305731420941,103202.55544377524,11507.821081212158,263531.8127337299,61065.66499043958,10583.907377914762
53,2005Q1,560198.9436473119,720.2546089449293,7237.453004850241,59802.584809461994,6510.1165261079095,5975.644666014253,289650.1170759727,4653.796643503376,40767.32063537358,271024.5280941161,5469.025278913914,36483.88832224263,35446.163574954975,4714.405105711628,203470.43857122993,28074.23138847575,10788.836153084096,4498.759965178876,3456930.180016294,31907.367364736936,94705.42519847817,3451.349844806171,25648.71141781603,53621.30960882899,1548.889534009023,6141.88658521449,138805.27060019568,54995.08420742538,23746.155106135357,1319661.6871600912,112243.25722476236,4715.8433832934425,473840.6781590079,442366.6752627797,13408.88345039103,508119.6620356059,1061019.4136921,430779.7110707538,178407.14189076563,81418.18982977112,295090.99131538824,147196.19010204746,759388.618479519,79770.65435029694,52353.189858559555,358.5683660888026,9978.634646593991,102954.55591348403,160858.66691404677,143526.97231117534,21584.121051042912,13513.986432259711,1663.9772394333168,107839.76766613814,12323.274015615169,264182.6196567515,62575.79105985758,10998.197343004475
54,2005Q2,562098.5847545811,709.8132260697028,7492.236667693475,59389.27837110432,6620.34921515337,6092.217424970531,290932.352784712,4695.059056871521,41606.86398547531,279220.9275706996,5342.885389141407,36539.369878293386,37884.82121472376,4767.241017940776,208438.69649809474,27776.152963642155,10872.827763993022,4445.591530833927,3486764.588259807,32813.664595283495,94737.85559497011,3390.7472485093867,25451.702230850442,54787.701370356124,1532.4840091520366,5803.9165029497135,144816.8963973287,55976.801684488906,23946.257356426297,1338725.9278504716,115173.6235134085,4819.478938451078,485407.3803588002,448171.14998262684,13624.90428325842,523509.6544895998,1071728.7846580292,433259.30068289663,180801.508062796,83224.04663228113,295991.24733866885,153383.11964153004,758793.8008120753,80343.73646971921,52619.315892754435,374.0698966902886,9717.52956603603,104736.58661757056,161165.13679239273,146982.83976641812,22445.258430190366,13426.819007121792,1761.6470886249124,110447.91718160098,12511.717665445107,269822.5224711162,63534.268366972115,10358.396043032046
55,2005Q3,562684.5381349078,696.0643070381417,7419.747583365775,60220.9081181672,6619.216486022983,6321.256171049385,291842.3827758273,4745.485408070567,41558.18899544611,274178.99911998,5538.167589487515,36554.27329430167,39320.1621126084,4653.826805913923,212467.46133665057,27366.646146236013,11486.560170041897,4375.931043385427,3498911.469922472,34445.1119055063,95223.03629993068,3493.134558300812,25373.9349663633,55058.75543319751,1548.039065327597,5509.410631052643,140895.7806306372,56110.76400282745,24385.877228838366,1342922.1811796534,116317.11790658928,4855.063114403219,495068.2407849148,449982.3995877097,13655.045308591583,526434.4653279348,1073197.1545768764,433160.7033463984,178339.86936388435,82538.65382652705,296438.0136370934,153283.04906944724,761711.3298222112,77812.45784502922,52578.27227287397,400.0255514125616,9731.564222482819,104888.15685177989,162107.37874302774,145651.48721463647,22883.980877329515,13498.298431430767,1805.2452885891223,109936.76494818319,12219.187440051857,271202.0441904656,62876.27717403682,10154.500187001997
56,2005Q4,565815.9351793433,574.8675757254466,7492.562693737424,59917.23032611671,6928.317988799294,6390.881468634905,293014.1475809012,4770.659067322043,42162.62687359912,282468.5532367799,5629.92212766595,36106.46951081991,38527.85309385037,4756.527252513616,216618.39588248907,29287.97147558821,11222.776253186486,4762.7175034180245,3532643.7774934517,34249.85903937453,95001.68320389032,3536.768537146228,25876.653747980527,54611.23398526622,1569.5873690905914,5617.785952342025,141114.04080283854,56116.34791294574,24354.710656710977,1349003.2070115847,117487.0011028549,4814.614779010592,501262.69818924274,452097.7779719154,13826.16750120501,530546.2144887013,1075391.644633272,435889.28615527,181564.48531356195,84089.11018362144,296609.74693118525,152696.63842047006,770184.2529913522,78012.15307889272,52847.22417199494,386.3362472554436,10007.271921083013,105744.70211361254,163737.81915569148,146370.70710577915,22393.640158430357,13528.896334533662,1798.1305731420941,112450.55544377524,12536.821081212158,271062.8127337299,63722.66499043958,10061.907377914762
57,2006Q1,567793.9436473119,413.2546089449292,7421.453004850241,60883.584809461994,6712.1165261079095,6269.644666014253,295223.1170759727,4804.796643503376,42522.32063537358,284369.5280941161,5778.025278913914,36990.88832224263,40666.163574954975,4773.405105711628,217197.43857122993,29212.23138847575,11155.836153084096,4617.759965178876,3574605.180016294,33586.367364736936,94057.42519847817,3778.349844806171,25647.71141781603,55979.30960882899,1628.889534009023,5755.88658521449,141528.27060019568,55653.08420742538,24636.155106135357,1355785.6871600912,118246.25722476236,4871.8433832934425,508821.6781590079,458376.6752627797,13803.88345039103,536151.6620356059,1086639.4136921,440110.7110707538,184443.14189076563,84533.18982977112,301689.99131538824,151450.19010204746,779435.618479519,81300.65435029694,54310.189858559555,368.5683660888026,10243.634646593991,106734.55591348403,163776.66691404677,148170.97231117534,23095.121051042912,13623.986432259711,1747.9772394333168,115204.76766613814,12537.274015615169,272493.6196567515,64634.79105985758,10552.197343004475
58,2006Q2,566980.5847545811,524.8132260697028,7397.236667693475,59913.27837110432,6579.34921515337,5042.217424970531,295912.352784712,4691.059056871521,42451.86398547531,277502.9275706996,5500.885389141407,36723.369878293386,40338.82121472376,4639.241017940776,214229.69649809474,28720.152963642155,11221.827763993022,4248.591530833927,3564635.588259807,33014.664595283495,94380.85559497011,3806.7472485093867,25448.702230850442,54780.701370356124,1622.4840091520366,6040.9165029497135,139073.8963973287,55421.801684488906,24419.257356426297,1361255.9278504716,116810.6235134085,4640.478938451078,515295.3803588002,453356.14998262684,14130.90428325842,541605.6544895998,1089693.7846580292,441708.30068289663,181159.508062796,85080.04663228113,301403.24733866885,151004.11964153004,778849.8008120753,78661.73646971921,54024.315892754435,353.0698966902886,10133.52956603603,105956.58661757056,162467.13679239273,145983.83976641812,22722.258430190366,13857.819007121792,1697.6470886249124,112922.91718160098,12455.717665445107,272990.5224711162,63422.268366972115,10212.396043032046
59,2006Q3,572542.5381349078,689.0643070381417,7515.747583365775,60636.9081181672,6841.216486022983,6463.256171049385,296817.3827758273,4680.485408070567,43014.18899544611,282916.99911998,5510.167589487515,36404.27329430167,41376.1621126084,4662.826805913923,216692.46133665057,29901.646146236013,10999.560170041897,4334.931043385427,3566797.469922472,35153.1119055063,95167.03629993068,3570.134558300812,25224.9349663633,53376.75543319751,1624.039065327597,5594.410631052643,141090.7806306372,57752.76400282745,25102.877228838366,1363593.1811796534,119430.11790658928,4845.063114403219,521366.2407849148,454574.3995877097,13672.045308591583,543216.4653279348,1091318.1545768764,443914.7033463984,182099.86936388435,84786.65382652705,302243.0136370934,150800.04906944724,783494.3298222112,79509.45784502922,54957.27227287397,356.0255514125616,10198.564222482819,106232.15685177989,163578.37874302774,142819.48721463647,22813.980877329515,13732.298431430767,1695.2452885891223,116395.76494818319,12155.187440051857,274767.0441904656,63423.27717403682,10106.500187001997
60,2006Q4,573728.9351793433,611.8675757254466,7483.562693737424,61421.23032611671,6709.317988799294,6371.881468634905,296796.1475809012,4898.659067322043,43195.62687359912,288447.5532367799,5416.92212766595,36483.46951081991,39831.85309385037,4739.527252513616,222917.39588248907,30359.97147558821,11444.776253186486,4079.717503418025,3578657.7774934517,34594.85903937453,95482.68320389032,3579.768537146228,25290.653747980527,55457.23398526622,1647.5873690905914,5597.785952342025,137183.04080283854,57421.34791294574,24538.710656710977,1367829.2070115847,118866.0011028549,4811.614779010592,516993.69818924274,453843.7779719154,13991.16750120501,542977.2144887013,1092373.644633272,449316.28615527,183293.48531356195,85762.11018362144,304631.74693118525,149721.63842047006,790039.2529913522,79318.15307889272,54590.22417199494,329.3362472554436,10337.271921083013,104595.70211361254,165112.81915569148,146203.70710577915,23926.640158430357,13374.896334533662,1724.1305731420941,116474.55544377524,12314.821081212158,275053.8127337299,65157.66499043958,10104.907377914762
61,2007Q1,572113.9436473119,517.2546089449293,7656.453004850241,61359.584809461994,6730.1165261079095,6310.644666014253,295067.1170759727,4910.796643503376,43812.32063537358,290855.5280941161,5814.025278913914,36607.88832224263,39534.163574954975,4804.405105711628,222684.43857122993,31117.23138847575,11144.836153084096,4612.759965178876,3596604.180016294,35738.367364736936,94238.42519847817,3931.349844806171,25548.71141781603,56441.30960882899,1519.889534009023,5794.88658521449,141305.27060019568,58439.08420742538,24958.155106135357,1362266.6871600912,119488.25722476236,4775.8433832934425,512021.6781590079,455976.6752627797,13768.88345039103,545733.6620356059,1092890.4136921,457132.7110707538,187020.14189076563,86134.18982977112,306874.99131538824,152178.19010204746,798434.618479519,81833.65435029694,54702.189858559555,388.5683660888026,10188.634646593991,103321.55591348403,165144.66691404677,148392.97231117534,24507.121051042912,13490.986432259711,1765.9772394333168,118646.76766613814,12418.274015615169,274874.6196567515,66822.79105985758,10436.197343004475
62,2007Q2,570993.5847545811,402.81322606970275,7471.236667693475,61143.27837110432,6739.34921515337,6164.217424970531,295165.352784712,4796.059056871521,43206.86398547531,290867.9275706996,5798.885389141407,36193.369878293386,39981.82121472376,4680.241017940776,222933.69649809474,30444.152963642155,11384.827763993022,4355.591530833927,3593100.588259807,35412.664595283495,93897.85559497011,3646.7472485093867,25686.702230850442,55749.701370356124,1564.4840091520366,6070.9165029497135,141609.8963973287,58529.801684488906,24693.257356426297,1356612.9278504716,119730.6235134085,4697.478938451078,514231.3803588002,454554.14998262684,14169.90428325842,546098.6544895998,1093099.7846580292,456554.30068289663,185426.508062796,87101.04663228113,307721.24733866885,153205.11964153004,798971.8008120753,81174.73646971921,55670.315892754435,366.0698966902886,9936.52956603603,103246.58661757056,165645.13679239273,147004.83976641812,24544.258430190366,13409.819007121792,1729.6470886249124,117870.91718160098,12035.717665445107,272254.5224711162,66716.26836697212,10443.396043032046
63,2007Q3,571697.5381349078,702.0643070381417,7513.747583365775,60877.9081181672,6692.216486022983,6491.256171049385,296217.3827758273,4756.485408070567,43172.18899544611,286826.99911998,5785.167589487515,35918.27329430167,40321.1621126084,4592.826805913923,221955.46133665057,30332.646146236013,11025.560170041897,4327.931043385427,3598682.469922472,35037.1119055063,95104.03629993068,3618.134558300812,25270.9349663633,54716.75543319751,1631.039065327597,5813.410631052643,140994.7806306372,59117.76400282745,25229.877228838366,1356290.1811796534,120353.11790658928,4765.063114403219,514636.2407849148,453267.3995877097,14953.045308591583,549076.4653279348,1100086.1545768764,463830.7033463984,183501.86936388435,85319.65382652705,309107.0136370934,153094.04906944724,804093.3298222112,80788.45784502922,55086.27227287397,394.0255514125616,9951.564222482819,102397.15685177989,165936.37874302774,144617.48721463647,24142.980877329515,13044.298431430767,1740.2452885891223,119282.76494818319,12168.187440051857,276135.0441904656,66827.27717403682,10475.500187001997
64,2007Q4,582957.9351793433,591.8675757254466,7566.562693737424,60685.23032611671,6713.317988799294,6377.881468634905,295417.1475809012,4756.659067322043,43176.62687359912,289737.5532367799,5833.92212766595,35976.46951081991,40763.85309385037,4637.527252513616,226751.39588248907,30750.97147558821,11158.776253186486,4191.7175034180245,3614465.7774934517,34756.85903937453,94890.68320389032,3500.768537146228,25065.653747980527,55859.23398526622,1656.5873690905914,5779.785952342025,140691.04080283854,59282.34791294574,25249.710656710977,1355166.2070115847,118748.0011028549,4665.614779010592,507805.69818924274,451682.7779719154,14973.16750120501,547265.2144887013,1095748.644633272,469385.28615527,186247.48531356195,86008.11018362144,310054.74693118525,152715.63842047006,808194.2529913522,80284.15307889272,55210.22417199494,361.3362472554436,9624.271921083013,102309.70211361254,166160.81915569148,145618.70710577915,23828.640158430357,13478.896334533662,1705.1305731420941,120861.55544377524,12244.821081212158,276066.8127337299,65858.66499043959,10203.907377914762
65,2008Q1,585088.9436473119,443.2546089449292,7520.453004850241,61368.584809461994,6379.1165261079095,5983.644666014253,294533.1170759727,4890.796643503376,42738.32063537358,288774.5280941161,5827.025278913914,35972.88832224263,40448.163574954975,4614.405105711628,224279.43857122993,29413.23138847575,10930.836153084096,4586.759965178876,3588322.180016294,35335.367364736936,95579.42519847817,3711.349844806171,25275.71141781603,55869.30960882899,1543.889534009023,6199.88658521449,141527.27060019568,59407.08420742538,24855.155106135357,1356352.6871600912,118734.25722476236,4553.8433832934425,499678.6781590079,446173.6752627797,13259.88345039103,543433.6620356059,1096573.4136921,475694.7110707538,184012.14189076563,85706.18982977112,310598.99131538824,153297.19010204746,819142.618479519,80222.65435029694,53781.189858559555,344.5683660888026,10139.634646593991,102463.55591348403,166822.66691404677,147334.97231117534,23918.121051042912,13073.986432259711,1738.9772394333168,119111.76766613814,12257.274015615169,272121.6196567515,65541.79105985758,10485.197343004475
66,2008Q2,584185.5847545811,421.81322606970275,7277.236667693475,61666.27837110432,6355.34921515337,6089.217424970531,292245.352784712,4850.059056871521,42329.86398547531,287369.9275706996,5824.885389141407,36610.369878293386,41103.82121472376,4624.241017940776,223027.69649809474,29691.152963642155,10806.827763993022,4397.591530833927,3595974.588259807,33816.664595283495,95768.85559497011,3545.7472485093867,25060.702230850442,55228.701370356124,1573.4840091520366,6062.9165029497135,140799.8963973287,59980.801684488906,24594.257356426297,1348038.9278504716,117483.6235134085,4439.478938451078,493355.3803588002,443382.14998262684,13174.90428325842,537689.6544895998,1099573.7846580292,478019.30068289663,179686.508062796,84297.04663228113,312205.24733866885,154596.11964153004,816784.8008120753,79035.73646971921,52888.315892754435,349.0698966902886,10049.52956603603,101705.58661757056,164331.13679239273,145528.83976641812,24075.258430190366,13087.819007121792,1710.6470886249124,120762.91718160098,12165.717665445107,273703.5224711162,65679.26836697212,10380.396043032046
67,2008Q3,576899.5381349078,285.0643070381417,7117.747583365775,60504.9081181672,6233.216486022983,5754.256171049385,290053.3827758273,4757.485408070567,42390.18899544611,283118.99911998,5737.167589487515,36401.27329430167,44532.1621126084,4576.826805913923,224698.46133665057,28809.646146236013,10783.560170041897,4247.931043385427,3573756.469922472,34158.1119055063,95382.03629993068,3466.134558300812,24790.9349663633,53241.75543319751,1609.039065327597,5719.410631052643,143340.7806306372,60054.76400282745,24499.877228838366,1330618.1811796534,116901.11790658928,4372.063114403219,481604.2407849148,436286.3995877097,13679.045308591583,532245.4653279348,1090616.2673964743,476671.7033463984,178129.86936388435,83259.65382652705,310443.0136370934,154683.04906944724,813096.3298222112,79395.45784502922,51754.27227287397,354.0255514125616,10010.564222482819,99252.15685177989,162369.37874302774,141442.48721463647,22913.980877329515,12854.298431430767,1648.2452885891223,118956.76494818319,11737.187440051857,271031.0441904656,64736.27717403682,10146.500187001997
68,2008Q4,572141.9351793433,192.86757572544667,6915.562693737424,59362.23032611671,6083.317988799294,5613.881468634905,286182.1475809012,4784.659067322043,41499.62687359912,285454.5532367799,5840.92212766595,36102.46951081991,42734.85309385037,4534.527252513616,229470.39588248907,30534.97147558821,10931.776253186486,4244.7175034180245,3539513.7774934517,33839.85903937453,94906.68320389032,3413.768537146228,24091.653747980527,54058.23398526622,1562.5873690905914,5651.785952342025,141964.04080283854,59423.34791294574,24120.710656710977,1309910.2070115847,114078.0011028549,4228.614779010592,473440.69818924274,431794.7779719154,13633.16750120501,521176.2144887013,1081866.644633272,473663.28615527,178470.48531356195,84209.11018362144,308448.74693118525,152863.63842047006,808099.2529913522,79096.15307889272,50858.22417199494,298.3362472554436,9599.271921083013,99459.70211361254,161136.81915569148,141731.70710577915,22591.640158430357,12764.896334533662,1586.1305731420941,116238.55544377524,11619.821081212158,269845.8127337299,64720.66499043958,9471.907377914762
69,2009Q1,559770.9436473119,409.2546089449292,7110.453004850241,59041.584809461994,5854.1165261079095,6213.644666014253,281046.1170759727,4726.796643503376,39178.32063537358,282422.5280941161,5926.025278913914,34809.88832224263,38995.163574954975,4605.405105711628,220948.43857122993,30048.23138847575,10840.836153084096,4386.759965178876,3447294.180016294,34869.367364736936,92158.42519847817,3516.349844806171,24066.71141781603,53810.30960882899,1550.889534009023,5855.88658521449,136512.27060019568,57574.08420742538,23531.155106135357,1273443.6871600912,112128.25722476236,4158.8433832934425,460271.6781590079,424941.6752627797,12461.88345039103,509963.6620356059,1057614.4136921,467787.7110707538,177473.14189076563,83821.18982977112,301310.99131538824,148834.19010204746,792004.618479519,78087.65435029694,49813.189858559555,321.5683660888026,9792.634646593991,98596.55591348403,156775.66691404677,141025.97231117534,23305.121051042912,12666.986432259711,1498.9772394333168,117015.76766613814,11364.274015615169,265786.6196567515,63665.79105985758,9472.197343004475
70,2009Q2,541976.5847545811,210.81322606970272,7237.236667693475,57489.27837110432,5503.34921515337,6020.217424970531,273762.352784712,4625.059056871521,38100.86398547531,269070.9275706996,5706.885389141407,33721.369878293386,37621.82121472376,4465.241017940776,210074.69649809474,27918.152963642155,10427.827763993022,4111.591530833927,3353068.588259807,32332.664595283495,89332.85559497011,3326.7472485093867,23230.702230850442,52738.701370356124,1489.4840091520366,5513.9165029497135,133514.8963973287,55283.801684488906,22674.257356426297,1235799.9278504716,108390.6235134085,3879.478938451078,443436.3803588002,412737.14998262684,12082.90428325842,493428.6544895998,1027557.7846580292,454735.30068289663,167648.508062796,79658.04663228113,292690.24733866885,146571.11964153004,762682.8008120753,74742.73646971921,48498.315892754435,299.0698966902886,9230.52956603603,97076.58661757056,150220.13679239273,136057.83976641812,22428.258430190366,11880.819007121792,1410.6470886249124,110053.91718160098,11061.717665445107,257160.52247111622,61972.268366972115,9335.396043032046
71,2009Q3,529396.5381349078,285.0643070381417,6955.747583365775,57211.9081181672,5161.216486022983,5888.256171049385,268825.3827758273,4355.485408070567,36752.18899544611,260632.99911998003,5671.167589487515,32957.27329430167,40734.1621126084,4374.826805913923,207292.46133665057,27365.646146236013,10544.560170041897,3953.931043385427,3298211.469922472,31985.1119055063,87571.03629993068,3187.134558300812,22690.9349663633,51354.75543319751,1512.039065327597,5483.410631052643,135719.7806306372,55441.76400282745,22258.877228838366,1219354.4009505857,106932.11790658928,3763.063114403218,436312.2407849148,407302.3995877097,11975.045308591583,485994.46532793477,1011218.1545768764,446716.7033463984,164975.86936388435,78255.65382652705,287729.0136370934,145424.04906944724,744936.3298222112,75989.45784502922,47936.27227287397,302.0255514125616,9237.564222482819,95198.15685177989,148371.37874302774,130471.48721463645,22240.980877329515,11769.298431430767,1340.2452885891223,111252.76494818319,10839.187440051857,251765.0441904656,60181.27717403682,8613.500187001997
72,2009Q4,530550.9351793433,192.86757572544667,6978.562693737424,56160.23032611671,5260.317988799294,6022.881468634905,269559.1475809012,4441.659067322043,37009.62687359912,263084.5532367799,5518.92212766595,33346.46951081991,38829.85309385037,4416.527252513616,209212.39588248907,27240.97147558821,10365.776253186486,4100.7175034180245,3292365.7774934517,31026.85903937453,88360.68320389032,3187.768537146228,22638.653747980527,52147.23398526622,1458.5873690905914,5406.785952342025,135056.04080283854,56389.34791294574,22441.710656710977,1206348.2070115847,105312.0011028549,3664.614779010592,435607.69818924274,404483.7779719154,13049.16750120501,483377.2144887013,1009696.644633272,446903.28615527,167957.48531356195,79587.11018362144,289329.74693118525,144430.63842047006,747942.2529913522,76309.15307889272,46835.22417199494,274.3362472554436,9177.271921083013,95470.70211361254,148717.81915569148,133596.70710577915,22020.640158430357,11738.896334533662,1273.1305731420941,110706.55544377524,10670.821081212158,253539.81273372986,60175.66499043958,9063.907377914762
73,2010Q1,530856.9436473119,375.2546089449292,6935.453004850241,57514.584809461994,5282.1165261079095,7006.644666014253,266554.1170759727,4439.796643503376,36637.32063537358,266817.5280941161,5824.025278913914,33739.88832224263,39009.163574954975,4469.405105711628,211964.43857122993,28833.23138847575,10165.836153084096,3899.759965178876,3280890.180016294,33039.367364736936,88011.42519847817,3404.349844806171,23306.71141781603,52006.30960882899,1475.889534009023,5170.88658521449,131876.27060019568,54836.08420742538,22002.155106135357,1202921.6871600912,106791.25722476236,3722.843383293442,430968.6781590079,400227.6752627797,11850.88345039103,472648.6620356059,1003925.4136920999,441901.7110707538,166603.14189076563,79948.18982977112,285354.99131538824,142336.19010204746,747860.618479519,74475.65435029694,47679.189858559555,273.5683660888026,9443.634646593991,97639.55591348403,148809.66691404677,135527.97231117534,22161.121051042912,11869.986432259711,1380.9772394333168,113386.76766613814,10537.274015615169,252382.61965675154,58510.79105985758,9251.197343004475
74,2010Q2,527577.5847545811,164.81322606970272,6826.236667693475,56921.27837110432,5186.34921515337,6611.217424970531,267072.352784712,4383.059056871521,36195.86398547531,262831.9275706996,5954.885389141407,33497.369878293386,37873.82121472376,4429.241017940776,207986.69649809474,28204.152963642155,9769.827763993022,4024.5915308339277,3273332.588259807,31183.664595283495,87755.85559497011,3308.7472485093867,22852.702230850442,51419.701370356124,1468.4840091520366,5602.9165029497135,135782.8963973287,53806.801684488906,22008.257356426297,1208056.9278504716,106342.6235134085,3697.478938451078,432010.3803588002,396735.14998262684,11467.90428325842,476811.6544895998,1008106.7846580292,445778.30068289663,161869.508062796,78987.04663228113,287032.24733866885,143682.11964153004,751013.8008120753,74199.73646971921,47646.315892754435,278.0698966902886,8962.52956603603,97299.58661757056,148857.13679239273,134386.83976641812,22158.258430190366,11658.819007121792,1334.6470886249124,110657.91718160098,10523.717665445107,254363.52247111622,58625.268366972115,9088.396043032046
75,2010Q3,528048.5381349078,568.0643070381417,6768.747583365775,56637.9081181672,5134.216486022983,6355.256171049385,265612.3827758273,4195.485408070567,36292.18899544611,256445.99911998003,5873.167589487515,33098.27329430167,40654.1621126084,4451.826805913923,205307.46133665057,27502.646146236013,9700.560170041897,3788.931043385427,3283073.469922472,30623.1119055063,87457.03629993068,3113.134558300812,22477.9349663633,49773.75543319751,1436.039065327597,5342.410631052643,139004.7806306372,55387.76400282745,21829.877228838366,1208183.1811796534,107388.11790658928,3769.063114403218,430577.2407849148,395417.3995877097,10622.045308591583,475820.46532793477,1007888.1545768764,448689.7033463984,161515.86936388435,81678.65382652705,285578.0136370934,144606.04906944724,752981.3298222112,76067.45784502922,47015.27227287397,265.0255514125616,8895.564222482819,96057.15685177989,149857.37874302774,129296.48721463645,21600.980877329515,11520.298431430767,1267.2452885891223,109145.76494818319,10520.187440051857,254052.0441904656,58107.27717403682,8723.500187001997
76,2010Q4,530690.9351793433,530.8675757254466,7065.562693737424,56930.23032611671,5234.317988799294,6849.881468634905,267459.1475809012,4266.659067322043,36231.62687359912,266422.5532367799,6002.92212766595,33584.46951081991,40119.85309385037,4494.527252513616,216913.39588248907,27604.97147558821,10185.776253186486,4412.7175034180245,3291642.7774934517,31771.85903937453,88281.68320389032,3316.768537146228,22561.653747980527,53327.23398526622,1458.5873690905914,5191.785952342025,139894.04080283854,56050.34791294574,21884.710656710977,1221057.2070115847,107962.0011028549,3642.614779010592,431500.69818924274,395915.7779719154,11896.16750120501,479078.2144887013,1012763.644633272,453980.28615527,165570.48531356195,81820.11018362144,287010.74693118525,144261.63842047006,762530.2529913522,77180.15307889272,46447.22417199494,295.3362472554436,8966.271921083013,98927.70211361254,150914.81915569148,133964.70710577915,22044.640158430357,11751.896334533662,1315.1305731420941,117022.55544377524,10703.821081212158,257776.81273372986,58707.66499043958,8746.907377914762
77,2011Q1,530330.9436473119,440.2546089449292,7155.453004850241,56321.584809461994,5274.1165261079095,6379.644666014253,269792.1170759727,4355.796643503376,37214.32063537358,272257.5280941161,6045.025278913914,33611.88832224263,38448.163574954975,4561.405105711628,220065.43857122993,28570.23138847575,10291.836153084096,4205.759965178876,3322905.180016294,34027.367364736936,87692.42519847817,3542.349844806171,23495.71141781603,52766.30960882899,1384.889534009023,5647.88658521449,133847.27060019568,54660.08420742538,22750.155106135357,1226930.6871600912,108369.25722476236,3775.843383293442,438858.6781590079,398210.6752627797,11238.88345039103,482001.6620356059,1021913.4136920999,453017.7110707538,167134.14189076563,81281.18982977112,292874.99131538824,143967.19010204746,773182.618479519,75584.65435029694,47103.189858559555,389.5683660888026,9129.634646593991,95838.55591348403,152433.66691404677,135925.97231117534,22060.121051042912,12221.986432259711,1405.9772394333168,112340.76766613814,11152.274015615169,253360.61965675154,58333.79105985758,9262.197343004475
78,2011Q2,535504.5847545811,-44.18677393029725,6883.236667693475,55714.27837110432,5124.34921515337,5758.217424970531,268254.352784712,4282.059056871521,36654.86398547531,265599.9275706996,6093.885389141407,33120.369878293386,37016.82121472376,4347.241017940776,217439.69649809474,27520.152963642155,10063.827763993022,4038.5915308339277,3325069.588259807,31917.664595283495,87051.85559497011,3438.7472485093867,22914.702230850442,52330.701370356124,1372.4840091520366,5531.9165029497135,135744.8963973287,54603.801684488906,22529.257356426297,1225030.9278504716,107624.6235134085,3514.478938451078,440136.3803588002,397457.14998262684,11671.90428325842,484186.6544895998,1023877.7846580292,458871.30068289663,163202.508062796,81290.04663228113,294539.24733866885,145744.11964153004,776916.8008120753,73700.73646971921,46860.315892754435,370.0698966902886,8824.52956603603,95800.58661757056,151165.13679239273,134210.83976641812,22372.258430190366,11724.819007121792,1321.6470886249124,110368.91718160098,10965.717665445107,255300.52247111622,58645.268366972115,9061.396043032046
79,2011Q3,535617.5381349078,641.0643070381417,6920.747583365775,54729.9081181672,5234.216486022983,6315.256171049385,268927.3827758273,4338.485408070567,36931.18899544611,264796.99911998,5957.167589487515,32546.273294301667,39778.1621126084,4337.826805913923,214295.46133665057,27344.646146236013,9644.560170041897,3805.931043385427,3321958.469922472,31803.1119055063,86837.03629993068,3216.134558300812,22407.9349663633,51932.75543319751,1404.039065327597,5365.410631052643,140495.7806306372,55355.76400282745,22381.877228838366,1229689.1811796534,108972.11790658928,3527.063114403218,439889.2407849148,396001.3995877097,10638.045308591583,483555.46532793477,1023039.1545768764,461375.7033463984,163108.86936388435,84199.65382652705,295982.0136370934,149370.04906944724,783217.3298222112,75788.45784502922,46610.27227287397,366.0255514125616,8730.564222482819,94357.15685177989,152266.37874302774,129929.48721463645,21610.980877329515,11656.298431430767,1261.2452885891223,111801.76494818319,11028.187440051857,257591.0441904656,58485.27717403682,8700.500187001997
80,2011Q4,541880.9351793433,192.86757572544667,7238.562693737424,54957.23032611671,5234.317988799294,7516.881468634905,270700.1475809012,4375.659067322043,37117.62687359912,270315.5532367799,5598.92212766595,32598.469510819905,39114.85309385037,4247.527252513616,230273.39588248907,28064.97147558821,10174.776253186486,3959.6123208431895,3337527.7774934517,33997.85903937453,87738.68320389032,3237.768537146228,22200.653747980527,54199.23398526622,1410.5873690905914,5279.785952342025,141645.04080283854,57646.34791294574,22267.710656710977,1232094.2070115847,110411.0011028549,3615.614779010592,443429.69818924274,398789.7779719154,12170.16750120501,488553.2144887013,1030284.644633272,468220.28615527,166982.48531356195,82385.11018362144,298265.74693118525,147293.63842047006,790240.2529913522,75705.15307889272,46323.22417199494,402.3362472554436,8805.271921083013,96620.70211361254,152404.81915569148,136609.70710577915,21593.640158430357,11929.896334533662,1282.1305731420941,115169.55544377524,11042.821081212158,258202.81273372986,59879.66499043958,9041.907377914762
81,2012Q1,551807.9436473119,141.2546089449292,7158.453004850241,57403.584809461994,5279.1165261079095,6486.644666014253,274329.1170759727,4311.796643503376,37150.32063537358,275481.5280941161,6196.025278913914,33498.88832224263,42464.163574954975,4401.405105711628,232978.43857122993,29342.23138847575,10625.836153084096,4162.759965178876,3393385.180016294,36030.367364736936,89895.42519847817,3084.349844806171,23676.71141781603,55080.30960882899,1436.889534009023,5033.255776385515,138086.27060019568,57340.08420742538,22741.155106135357,1246810.6871600912,110915.25722476236,3738.843383293442,447805.6781590079,408077.6752627797,11509.88345039103,495886.6620356059,1040845.4136920999,475805.7110707538,171564.14189076563,83719.18982977112,304289.99131538824,148844.19010204746,805665.618479519,76468.65435029694,47546.189858559555,323.5683660888026,8828.634646593991,97703.55591348403,150444.66691404677,139414.97231117534,22370.121051042912,12119.986432259711,1389.9772394333168,114330.76766613814,10844.274015615169,260878.61965675154,60249.79105985758,9579.197343004475
82,2012Q2,555564.5847545811,646.8132260697028,7150.236667693475,56707.27837110432,5239.34921515337,5788.217424970531,275563.352784712,4140.059056871521,37298.86398547531,267811.9275706996,6020.885389141407,32883.369878293386,38953.82121472376,4373.241017940776,225982.69649809474,27943.152963642155,10343.827763993022,3923.5915308339277,3415017.588259807,33462.664595283495,89951.85559497011,3285.7472485093867,23495.702230850442,53424.701370356124,1463.4840091520366,4622.9165029497135,136689.8963973287,56190.801684488906,22592.257356426297,1255174.9278504716,112543.6235134085,3568.478938451078,450925.3803588002,412603.14998262684,11882.90428325842,498717.6544895998,1053108.7846580292,485668.30068289663,166889.508062796,84315.04663228113,306314.24733866885,149093.11964153004,812879.8008120753,74584.73646971921,47264.315892754435,272.0698966902886,8910.52956603603,97372.58661757056,150281.13679239273,137007.83976641812,22178.258430190366,11763.819007121792,1327.6470886249124,108337.91718160098,11189.717665445107,260070.52247111622,59412.268366972115,9413.396043032046
83,2012Q3,558796.5381349078,554.0643070381417,7136.747583365775,56714.9081181672,5363.216486022983,6426.256171049385,277206.3827758273,4031.485408070567,37176.18899544611,273734.99911998,6086.167589487515,32543.273294301667,41843.1621126084,4229.826805913923,239609.46133665057,27871.646146236013,10297.560170041897,3886.931043385427,3431401.469922472,33351.1119055063,91040.03629993068,3314.134558300812,23170.9349663633,55233.75543319751,1463.039065327597,5288.410631052643,145249.7806306372,58207.76400282745,22237.877228838366,1262282.1811796534,113578.11790658928,3594.063114403218,457235.2407849148,414950.3995877097,11330.045308591583,501313.46532793477,1058410.1545768764,490523.7033463984,167827.86936388435,87324.65382652705,310522.0136370934,152341.04906944724,819919.3298222112,77577.45784502922,47201.27227287397,276.0255514125616,8901.564222482819,96955.15685177989,152779.37874302774,134348.48721463647,22502.980877329515,11809.298431430767,1350.2452885891223,110074.76494818319,11117.187440051857,262130.0441904656,60663.27717403682,9018.500187001997
84,2012Q4,567542.9351793433,432.86757572544667,7157.562693737424,57784.23032611671,5371.317988799294,7171.881468634905,281355.1475809012,4107.659067322043,37733.62687359912,276270.5532367799,6278.92212766595,32790.46951081991,41123.85309385037,4315.527252513616,247037.39588248907,28182.97147558821,10428.776253186486,4028.4825255879236,3463598.7774934517,35569.85903937453,91697.68320389032,3306.768537146228,23208.653747980527,56323.23398526622,1541.5873690905914,5441.785952342025,147108.04080283854,59847.34791294574,22870.710656710977,1274960.2070115847,115716.0011028549,3724.614779010592,464105.69818924274,418408.7779719154,12660.16750120501,509500.2144887013,1065671.644633272,498497.28615527,173828.48531356195,86593.11018362144,313543.74693118525,154436.63842047006,829538.2529913522,78863.15307889272,46622.22417199494,265.3362472554436,8924.271921083013,99556.70211361254,154452.81915569148,139835.70710577915,22604.640158430357,12259.896334533662,1385.1305731420941,111686.55544377524,11105.821081212158,266324.8127337299,60191.66499043958,9329.907377914762
85,2013Q1,572301.9436473119,-123.74539105507083,7047.453004850241,59361.584809461994,5441.1165261079095,6782.644666014253,283169.1170759727,4289.796643503376,39127.32063537358,285057.5280941161,6396.025278913914,33352.88832224263,42014.163574954975,4340.405105711628,244937.43857122993,29535.23138847575,10790.836153084096,4206.759965178876,3502115.180016294,37127.367364736936,92535.42519847817,3244.349844806171,24610.71141781603,56020.30960882899,1463.889534009023,4625.88658521449,138614.27060019568,58522.08420742538,23045.155106135357,1289952.6871600912,117884.25722476236,3780.843383293442,468703.6781590079,422342.6752627797,13013.88345039103,509808.6620356059,1074735.4136921,506627.7110707538,175113.14189076563,87079.18982977112,319204.99131538824,151480.19010204746,838974.618479519,78968.65435029694,47500.189858559555,305.5683660888026,9040.634646593991,100980.55591348403,156344.66691404677,142874.97231117534,22950.121051042912,12190.986432259711,1480.9772394333168,116363.76766613814,11042.274015615169,266685.6196567515,61098.79105985758,9668.197343004475
86,2013Q2,576323.5847545811,244.81322606970272,6983.236667693475,60076.27837110432,5558.34921515337,6548.217424970531,285200.352784712,4347.059056871521,38949.86398547531,284938.9275706996,6205.885389141407,33252.369878293386,41678.82121472376,4279.241017940776,244322.69649809474,28849.152963642155,10747.827763993022,3986.5915308339277,3510967.588259807,37493.664595283495,93708.85559497011,3322.7472485093867,24776.702230850442,56089.701370356124,1504.4840091520366,4893.9165029497135,142688.8963973287,60198.801684488906,23074.257356426297,1297304.9278504716,119512.6235134085,3769.478938451078,473677.3803588002,422262.14998262684,12520.90428325842,515398.6544895998,1080734.7846580292,512842.30068289663,174410.508062796,87944.04663228113,322836.24733866885,152635.11964153004,846729.8008120753,78379.73646971921,47853.315892754435,283.0698966902886,8728.52956603603,101204.58661757056,157235.13679239273,143340.83976641812,22932.258430190366,12346.819007121792,1424.6470886249124,118529.91718160098,10946.717665445107,266418.5224711162,61319.268366972115,9842.396043032046
87,2013Q3,576434.5381349078,542.0643070381417,6987.747583365775,60329.9081181672,5653.216486022983,6641.256171049385,286846.3827758273,4305.485408070567,38761.18899544611,281011.99911998,6073.167589487515,32908.27329430167,42585.1621126084,4372.826805913923,247715.46133665057,28102.646146236013,11211.560170041897,4051.931043385427,3542309.469922472,35312.1119055063,93735.03629993068,3388.134558300812,24331.9349663633,56022.75543319751,1497.039065327597,5631.410631052643,150237.7806306372,60861.76400282745,23105.877228838366,1299085.1811796534,120939.11790658928,3598.063114403218,476235.2407849148,420788.3995877097,12103.045308591583,519422.46532793477,1084094.1545768764,514541.7033463984,175737.86936388435,87578.65382652705,327080.0136370934,152870.04906944724,854629.3298222112,79437.45784502922,47583.27227287397,278.0255514125616,8710.564222482819,101421.15685177989,158397.37874302774,139226.48721463647,22997.980877329515,12393.298431430767,1387.2452885891223,115294.76494818319,10931.187440051857,265369.0441904656,61744.27717403682,9512.500187001997
88,2013Q4,582507.9351793433,445.86757572544667,7146.562693737424,61080.23032611671,5746.317988799294,6679.881468634905,291080.1475809012,4225.659067322043,39036.62687359912,289593.5532367799,6485.92212766595,33109.46951081991,43014.85309385037,4459.527252513616,256321.39588248907,28567.97147558821,11172.776253186486,4130.7175034180245,3563538.7774934517,36977.85903937453,94269.68320389032,3286.768537146228,23744.653747980527,57876.23398526622,1478.5873690905914,5239.785952342025,149483.04080283854,62235.34791294574,23058.710656710977,1304193.2070115847,121797.0011028549,3707.614779010592,486531.69818924274,429293.7779719154,12391.16750120501,528260.2144887013,1095648.644633272,518825.28615527,177122.48531356195,88562.11018362144,329602.74693118525,155340.63842047006,863250.2529913522,80246.15307889272,47707.22417199494,277.3362472554436,8949.271921083013,102557.70211361254,161070.81915569148,143058.70710577915,22523.640158430357,12403.896334533662,1397.1305731420941,117560.55544377524,10992.821081212158,270721.8127337299,61578.66499043958,9538.907377914762
89,2014Q1,587123.9436473119,396.5721073371274,7122.453004850241,62147.584809461994,5797.1165261079095,6891.644666014253,291130.1170759727,4312.796643503376,40180.32063537358,290200.5280941161,6400.025278913914,33538.88832224263,45359.163574954975,4333.405105711628,252338.43857122993,30613.23138847575,11546.836153084096,4401.759965178876,3598506.180016294,39091.367364736936,95151.42519847817,3257.349844806171,25274.71141781603,57931.30960882899,1463.889534009023,4760.88658521449,145046.27060019568,61912.08420742538,23735.155106135357,1316460.6871600912,123005.25722476236,3876.843383293442,498517.6781590079,429081.6752627797,13365.88345039103,533957.6620356059,1100539.4136921,530902.7110707538,180523.14189076563,90295.18982977112,335021.99131538824,155514.19010204746,874315.618479519,80779.65435029694,49909.189858559555,331.5683660888026,8981.634646593991,103859.55591348403,164597.66691404677,146593.97231117534,23172.121051042912,12873.986432259711,1542.9772394333168,119120.76766613814,11093.274015615169,272965.6196567515,63434.79105985758,9866.197343004475
90,2014Q2,594776.5847545811,247.81322606970272,6997.236667693475,61824.27837110432,5811.34921515337,6284.217424970531,291426.352784712,4298.059056871521,39933.86398547531,290704.9275706996,6408.885389141407,33670.369878293386,46215.82121472376,4366.241017940776,252593.69649809474,30002.152963642155,11459.827763993022,4224.591530833927,3596887.588259807,39746.664595283495,95555.85559497011,3479.7472485093867,25113.702230850442,57770.701370356124,1531.4840091520366,4734.9165029497135,150357.8963973287,63324.801684488906,23622.257356426297,1322261.9278504716,123452.6235134085,3805.478938451078,500297.3803588002,431161.14998262684,13609.90428325842,537061.6544895998,1104850.7846580292,539473.3006828966,180679.508062796,90485.04663228113,337788.24733866885,157672.11964153004,880331.8008120753,80316.73646971921,49324.315892754435,298.0698966902886,8917.52956603603,103623.58661757056,164767.13679239273,147464.83976641812,23133.258430190366,12875.819007121792,1501.6470886249124,119027.91718160098,11189.717665445107,270863.5224711162,63515.268366972115,9819.396043032046
91,2014Q3,594253.5381349078,565.0643070381417,7138.747583365775,61218.9081181672,5850.216486022983,6804.256171049385,293072.3827758273,4137.485408070567,39828.18899544611,283063.99911998,6369.167589487515,33011.27329430167,43023.1621126084,4288.826805913923,252180.46133665057,28753.646146236013,11241.560170041897,4201.931043385427,3602568.469922472,37057.1119055063,95631.03629993068,3390.134558300812,24785.9349663633,57377.75543319751,1455.039065327597,5540.410631052643,155192.7806306372,62612.76400282745,23664.877228838366,1324353.1811796534,124956.11790658928,3669.063114403218,504018.2407849148,433407.3995877097,12549.045308591583,541921.4653279348,1110827.1545768764,544992.7033463984,180550.86936388435,90263.65382652705,341105.0136370934,157289.04906944724,887901.3298222112,80833.45784502922,49327.27227287397,272.0255514125616,9318.564222482819,102917.15685177989,164079.37874302774,144445.48721463647,23153.980877329515,12802.298431430767,1418.2452885891223,116572.76494818319,11327.187440051857,269958.0441904656,64002.27717403682,9398.500187001997
92,2014Q4,599518.9351793433,430.86757572544667,7181.562693737424,62586.23032611671,5884.317988799294,7264.881468634905,295301.1475809012,4216.659067322043,39671.62687359912,292815.5532367799,6192.92212766595,33245.46951081991,44537.85309385037,4304.527252513616,261618.39588248907,31073.97147558821,11235.776253186486,4808.7175034180245,3629530.7774934517,37265.85903937453,95614.68320389032,3512.768537146228,24027.653747980527,58054.23398526622,1429.5873690905914,5278.785952342025,152414.04080283854,64231.34791294574,23596.710656710977,1341276.2070115847,126779.0011028549,3707.614779010592,513683.69818924274,436174.7779719154,12706.16750120501,557454.2144887013,1120640.644633272,551932.28615527,182333.48531356195,91555.11018362144,345282.74693118525,159133.63842047006,898594.2529913522,80817.15307889272,49308.22417199494,267.3362472554436,9346.271921083013,104372.70211361254,165395.81915569148,145865.70710577915,23534.640158430357,12908.896334533662,1563.1305731420941,115485.55544377524,11453.821081212158,272384.8127337299,63369.66499043958,9577.907377914762
93,2015Q1,611370.9436473119,350.4750338524404,7302.453004850241,62722.584809461994,6244.1165261079095,6933.644666014253,296391.1170759727,4280.796643503376,40873.32063537358,300470.5280941161,6914.025278913914,34038.88832224263,44999.163574954975,4633.405105711628,255177.43857122993,31936.23138847575,11431.836153084096,4508.759965178876,3641850.180016294,36200.367364736936,96027.42519847817,3483.349844806171,25406.71141781603,58552.30960882899,1411.889534009023,5208.88658521449,147669.27060019568,64104.08420742538,24081.155106135357,1358753.6871600912,127905.25722476236,3748.843383293442,522099.6781590079,439387.6752627797,13653.88345039103,563506.6620356059,1129009.4136921,560160.7110707538,189531.14189076563,94013.18982977112,345162.99131538824,159633.19010204746,912035.618479519,83618.65435029694,50945.189858559555,264.5683660888026,9453.634646593991,106106.55591348403,168152.66691404677,151305.97231117534,23854.121051042912,13166.986432259711,1680.9772394333168,124726.76766613814,11577.274015615169,273587.6196567515,65954.79105985758,9925.197343004475
94,2015Q2,619194.5847545811,170.81322606970272,7406.236667693475,63220.27837110432,6244.34921515337,6553.217424970531,297238.352784712,4224.059056871521,40672.86398547531,298625.9275706996,6833.885389141407,34234.369878293386,45079.82121472376,4607.241017940776,252281.69649809474,31470.152963642155,11786.827763993022,4373.591530833927,3656963.588259807,37772.664595283495,96832.85559497011,3576.7472485093867,25503.702230850442,58802.701370356124,1524.4840091520366,4663.9165029497135,154037.8963973287,65398.801684488906,23518.257356426297,1362795.9278504716,128674.6235134085,3798.478938451078,527722.3803588002,442961.14998262684,13433.90428325842,563305.6544895998,1134858.7846580292,568565.3006828966,190062.508062796,94718.04663228113,348374.24733866885,159397.11964153004,920130.8008120753,83761.73646971921,50788.315892754435,262.0698966902886,9132.52956603603,106670.58661757056,169999.13679239273,152019.83976641812,24548.258430190366,13366.819007121792,1657.6470886249124,126676.91718160098,11621.717665445107,270525.5224711162,66737.26836697212,10136.396043032046
95,2015Q3,623949.5381349078,512.0643070381417,7308.747583365775,63616.9081181672,6168.216486022983,7151.256171049385,299968.3827758273,4145.485408070567,42021.18899544611,291716.99911998,6906.167589487515,33969.27329430167,47071.1621126084,4606.826805913923,248544.46133665057,30602.646146236013,11226.560170041897,4268.931043385427,3691656.469922472,35703.1119055063,96489.03629993068,3497.134558300812,24621.9349663633,58901.75543319751,1425.039065327597,5790.410631052643,160405.7806306372,65410.76400282745,24002.877228838366,1373135.1811796534,132051.1179065893,3539.063114403218,536313.2407849148,447727.3995877097,12410.045308591583,570462.4653279348,1149985.1545768764,576975.7033463984,191296.86936388435,93861.65382652705,353839.0136370934,160894.04906944724,934300.3298222112,83702.45784502922,50838.27227287397,185.02555141256158,9298.564222482819,106502.15685177989,169936.37874302774,148117.48721463647,24908.980877329515,13437.298431430767,1616.2452885891223,127525.76494818319,11715.187440051857,271330.0441904656,65803.27717403682,9909.500187001997
96,2015Q4,629407.9351793433,399.86757572544667,7168.562693737424,63828.23032611671,6111.317988799294,6974.881468634905,303967.1475809012,4166.659067322043,41302.62687359912,301958.5532367799,6792.92212766595,34328.46951081991,45887.85309385037,4547.527252513616,256224.39588248907,31860.97147558821,11149.776253186486,4736.7175034180245,3729242.7774934517,35644.85903937453,97349.68320389032,3507.768537146228,23878.653747980527,60043.23398526622,1422.5873690905914,5411.785952342025,157437.04080283854,64348.34791294574,23967.710656710977,1388922.2070115847,133186.0011028549,3612.614779010592,548236.6981892427,453051.7779719154,12920.16750120501,581786.2144887013,1158534.644633272,586336.28615527,192258.48531356195,94508.11018362144,356155.74693118525,163037.63842047006,943741.2529913522,84041.15307889272,50605.22417199494,196.33624725544362,9418.271921083013,108290.70211361254,169257.81915569148,152583.70710577915,24754.640158430357,13449.896334533662,1644.1305731420941,122892.55544377524,11698.821081212158,274523.8127337299,66025.66499043959,10122.907377914762
97,2016Q1,632684.9436473119,369.2546089449292,7134.453004850241,64447.584809461994,6685.1165261079095,7033.644666014253,309044.1170759727,4168.796643503376,42324.32063537358,307961.5280941161,6899.025278913914,35035.88832224263,47246.163574954975,4650.405105711628,255038.43857122993,32286.23138847575,11838.836153084096,4263.759965178876,3756686.180016294,38134.367364736936,98296.42519847817,3518.349844806171,25747.71141781603,59048.30960882899,1486.889534009023,5405.88658521449,150765.27060019568,64513.08420742538,24666.155106135357,1400122.6871600912,134901.25722476238,3720.843383293442,552827.6781590079,458954.6752627797,14520.88345039103,584475.6620356059,1165201.4136921,595843.7110707538,195970.14189076563,93392.18982977112,355929.99131538824,161785.19010204746,945527.618479519,86211.65435029694,52293.189858559555,273.5683660888026,9617.634646593991,110066.55591348403,173135.66691404677,154516.97231117534,24685.121051042912,13293.986432259711,1689.9772394333168,128451.76766613814,11879.274015615169,274742.6196567515,67322.79105985758,10442.197343004475
98,2016Q2,641408.5847545811,640.8132260697028,7174.236667693475,65790.27837110432,6534.34921515337,6725.217424970531,310742.352784712,4393.059056871521,42958.86398547531,310639.9275706996,7084.885389141407,35603.369878293386,42292.82121472376,4603.241017940776,254287.69649809474,31812.152963642155,12148.827763993022,4223.591530833927,3779230.588259807,39637.664595283495,98975.85559497011,3189.7472485093867,26032.702230850442,60188.701370356124,1588.4840091520366,5295.9165029497135,158773.8963973287,65842.8016844889,24638.257356426297,1403699.9278504716,137453.6235134085,3826.478938451078,559258.3803588002,464345.14998262684,14431.90428325842,582068.6544895998,1173759.7846580292,602537.3006828966,196131.508062796,94138.04663228113,357986.24733866885,161331.11964153004,952632.8008120753,86206.73646971921,53010.315892754435,260.0698966902886,9543.52956603603,110771.58661757056,175076.13679239273,155770.83976641812,25709.258430190366,13795.819007121792,1706.6470886249124,132335.917181601,12051.717665445107,274053.5224711162,67574.26836697212,10635.396043032046
99,2016Q3,645027.5381349078,592.0643070381417,7042.747583365775,65342.9081181672,6382.216486022983,6732.256171049385,312117.3827758273,4336.485408070567,44065.18899544611,302203.99911998,7031.167589487515,34551.27329430167,44077.1621126084,4647.826805913923,247255.46133665057,30108.646146236013,11699.560170041897,3921.931043385427,3773535.469922472,36094.1119055063,98930.03629993068,3084.134558300812,24978.9349663633,59030.75543319751,1507.039065327597,5839.410631052643,161379.7806306372,65306.76400282745,24572.877228838366,1406224.1811796534,139128.1179065893,3648.063114403218,560448.2407849148,464595.3995877097,13506.045308591583,585022.4653279348,1179240.1545768764,605911.7033463984,196894.86936388435,93196.65382652705,361145.0136370934,161499.04906944724,962067.3298222112,85065.45784502922,52047.27227287397,185.02555141256158,9650.564222482819,109360.15685177989,174356.37874302774,153936.48721463647,25898.980877329515,13837.298431430767,1553.2452885891223,129322.76494818319,12208.187440051857,274739.0441904656,68559.27717403682,10204.500187001997
100,2016Q4,648511.9351793433,487.86757572544667,7018.562693737424,65925.23032611671,6298.317988799294,6859.881468634905,314731.1475809012,4327.659067322043,43638.62687359912,305093.5532367799,6587.92212766595,34768.46951081991,45641.85309385037,4596.527252513616,258095.39588248907,31268.97147558821,11744.776253186486,4394.7175034180245,3778239.7774934517,37590.85903937453,98352.68320389032,3156.768537146228,23836.653747980527,59443.23398526622,1490.5873690905914,5464.785952342025,157342.04080283854,64814.34791294574,24527.710656710977,1423261.2070115847,139261.0011028549,3708.614779010592,571750.6981892427,467371.7779719154,14212.16750120501,592024.2144887013,1181673.644633272,608035.28615527,200075.48531356195,94004.11018362144,360859.74693118525,162979.63842047006,962123.2529913522,85315.15307889272,52198.22417199494,176.33624725544362,9838.271921083013,110773.70211361254,172986.81915569148,156283.70710577915,25279.640158430357,13796.896334533662,1593.1305731420941,127707.55544377524,12292.821081212158,274765.8127337299,67899.66499043959,10371.907377914762
